V160001,V160001_orig,V161019,V201018,V241025,V162030,V202064,V242064,V161310x,V201549x,V241501x,V161126,V201200,V241177,V162171
2524,401318,2,2,2,-1,-1,-1,5,3,3,6,6,6,6
123,300261,2,4,5,-1,-1,-1,3,4,4,4,4,4,4
2066,400181,-1,-1,-1,-1,-1,-1,1,1,1,2,2,2,2
76,300171,2,2,2,-1,-1,-1,3,4,4,4,3,99,4
4041,405145,1,4,4,-1,-1,-1,3,5,1,4,5,4,4
2143,400374,-1,-1,-1,-1,-1,-1,1,1,1,99,4,4,3
4781,407013,-1,-1,-1,-1,-1,-1,1,1,1,4,4,4,4
4836,407174,-1,-1,-1,-1,-1,-1,1,1,1,99,99,99,99
4475,406264,2,4,NA,-1,-1,NA,1,1,NA,99,99,NA,4
3101,402782,-1,4,1,1,-1,-1,5,3,3,99,99,99,99
3315,403343,4,1,1,-1,-1,-1,5,3,3,99,99,99,5
96,300209,-1,-1,-1,-1,-1,-1,1,1,1,5,4,4,5
4677,406776,-1,-1,-1,-1,2,-1,1,1,1,4,6,5,5
2663,401642,-9,-1,-1,-1,-1,-1,3,4,4,3,3,4,3
2955,402420,1,-1,NA,-1,1,NA,2,2,NA,99,4,NA,99
455,301144,-1,-1,2,2,2,-1,5,3,3,6,6,99,6
107,300234,4,4,4,-1,-1,-1,1,1,1,3,3,3,3
742,301799,1,1,1,-1,-1,-1,1,1,1,2,3,3,2
2363,400938,5,5,5,-1,-1,-1,1,1,1,99,2,3,5
4384,406042,-1,-1,NA,-1,-1,NA,1,1,NA,4,3,NA,4
2439,401110,-1,2,-1,4,-1,2,1,3,3,6,6,6,4
4261,405689,1,1,NA,-1,-1,NA,5,3,NA,3,4,NA,3
1000,302430,1,1,1,-1,-1,-1,1,1,1,3,2,99,3
4377,406018,4,4,NA,-1,-1,NA,1,1,NA,5,6,NA,4
2938,402370,4,-1,NA,-1,-1,NA,5,3,NA,4,99,NA,99
155,300344,-1,-1,-1,-1,-1,-1,1,1,1,2,2,2,2
4354,405960,1,1,2,-1,-1,-1,1,1,1,99,99,6,5
863,302078,-1,-1,-1,-1,-1,-1,1,1,1,4,5,5,5
2307,400772,2,2,2,-1,-1,-1,1,1,1,5,5,5,3
3095,402771,1,1,1,-1,-1,-1,5,3,3,4,4,99,99
3529,403878,-1,-1,NA,-1,-1,NA,3,4,NA,4,99,NA,-9
2765,401918,-1,-1,-1,-1,-1,-1,6,5,1,4,4,4,4
934,302245,1,1,1,-1,-1,-1,1,1,1,2,2,2,2
3493,403773,-1,-1,-1,-1,-1,-1,6,1,1,6,6,6,6
4490,406306,2,4,2,-1,-1,-1,1,1,1,3,2,3,2
464,301158,-1,-1,NA,-1,-1,NA,6,1,NA,4,99,NA,5
3533,403887,-1,-1,-1,-1,-1,-1,2,2,2,4,99,99,99
4675,406774,-1,-1,-1,-1,-1,-1,1,1,1,2,1,2,1
3448,403669,1,1,1,-1,-1,-1,1,1,1,1,1,1,1
3850,404719,-1,-1,-1,-1,-1,-1,1,1,1,6,6,6,6
3955,404941,-1,-1,-1,-1,-1,-6,1,1,1,6,6,6,6
3349,403410,1,1,NA,-1,-1,NA,2,2,NA,4,4,NA,99
2647,401603,2,2,2,-1,-1,-1,1,1,1,7,7,7,7
453,301141,2,2,2,-1,-1,-1,1,1,1,6,7,6,6
109,300237,4,4,NA,-1,-1,NA,1,1,NA,4,3,NA,4
2719,401807,-1,-1,-1,-1,-1,-1,1,1,1,6,6,6,6
384,300968,1,1,NA,-1,-1,NA,1,1,NA,3,2,NA,2
4560,406492,-1,-1,-1,-1,-1,-1,1,1,1,3,3,3,3
3725,404362,2,2,2,-1,-1,-1,3,4,4,5,4,99,6
3912,404851,-1,-1,-1,-1,-1,-1,1,1,1,4,6,5,5
4743,406940,-1,-1,NA,-1,-1,NA,5,5,NA,6,4,NA,99
4159,405439,-1,-1,-1,-1,-1,-1,2,2,2,2,2,4,2
3647,404150,-1,-1,NA,-1,-6,NA,1,1,NA,4,4,NA,99
3444,403653,2,-1,2,-1,2,-1,1,1,6,99,99,1,3
4601,406609,1,1,4,-1,-1,-1,1,-9,1,4,4,99,4
190,300467,2,2,NA,-1,-6,NA,1,1,NA,6,6,NA,6
52,300121,-1,-1,-1,-1,-1,-1,1,1,1,2,3,3,3
3386,403500,4,1,1,-1,-1,-1,1,1,1,3,3,4,3
195,300488,-1,-1,-1,-1,-1,-1,1,1,1,4,4,3,5
4846,407192,-1,-1,-1,-1,-1,-1,1,1,1,5,6,7,4
2459,401153,-1,-1,NA,-1,-1,NA,1,1,NA,4,5,NA,4
2325,400833,-1,-1,-1,-1,-1,-1,1,1,1,2,4,4,2
704,301697,-1,-1,-1,-1,-1,-1,1,1,1,2,2,1,1
2972,402480,1,1,1,-1,-1,-1,1,6,1,2,2,2,2
3991,405021,4,4,4,-1,-1,-1,1,1,1,2,2,3,2
2003,400006,2,4,NA,-1,-1,NA,1,1,NA,99,4,NA,4
2701,401757,4,4,1,-1,-1,-1,1,6,1,5,5,5,5
1035,302522,1,1,1,-1,-1,-1,1,1,1,1,1,1,1
5016,407639,1,1,1,-1,-1,-1,1,1,1,2,2,1,2
4942,407446,-1,-1,-1,-1,-1,-6,2,2,2,4,2,4,4
3438,403634,1,1,NA,-1,-1,NA,1,1,NA,2,2,NA,1
620,301500,-1,-1,-1,-1,-1,-1,1,1,1,4,3,4,4
794,301917,-1,-1,NA,-1,-1,NA,1,1,NA,4,99,NA,99
2170,400440,1,1,1,-1,-1,-1,1,1,1,4,99,2,3
3503,403801,1,2,2,-1,-1,-1,1,1,1,99,6,99,6
4453,406225,-1,-1,-1,-1,-1,-1,2,2,2,3,99,99,4
3500,403796,1,1,NA,-1,-1,NA,2,2,NA,2,4,NA,99
2781,401958,1,1,1,-1,-1,-1,1,1,1,4,2,2,4
2390,401001,4,4,-1,-1,-1,4,1,1,1,4,4,5,4
176,300406,-1,-1,-1,-1,-1,-1,1,1,3,99,5,99,99
2570,401428,2,1,1,-1,-1,-1,1,1,1,4,5,4,5
3871,404756,2,2,2,-1,-1,-1,1,1,1,7,7,7,7
3432,403620,1,1,2,-1,-1,-1,1,1,1,4,2,4,3
1152,302812,4,4,4,-1,-1,-1,2,2,2,2,99,1,2
4628,406661,-1,-1,-1,-1,-1,-1,1,1,1,5,3,2,2
2948,402397,1,1,1,-1,-1,-1,5,3,3,99,4,4,4
2165,400418,1,4,4,-1,-1,-1,1,1,1,99,4,4,4
2408,401039,1,4,4,-1,-1,-1,1,1,1,4,3,3,4
2584,401457,4,2,2,-1,-1,-1,1,1,1,6,99,99,99
661,301605,-1,-1,-1,-1,-1,-1,1,1,1,5,5,5,5
3956,404947,-1,-1,-1,-1,-1,-1,1,1,1,5,5,5,5
4345,405933,4,2,4,-1,-1,-1,1,1,1,4,2,6,6
809,301953,2,2,NA,-1,-1,NA,1,1,NA,99,7,NA,6
4685,406794,-1,-1,-1,-1,-1,-1,1,1,1,2,3,3,3
2433,401094,-1,-1,-1,-1,-1,-1,1,5,1,4,5,5,4
3075,402726,-1,-1,-1,-1,-1,-1,1,1,1,7,6,7,7
2615,401539,4,1,4,-1,-1,-1,1,1,1,3,3,4,2
3449,403670,-1,-1,-1,-1,-1,-1,5,3,3,4,4,3,4
4799,407078,-1,-1,-1,-1,-1,-1,1,1,1,2,3,2,2
3613,404060,-1,-1,-1,-1,-1,-1,1,1,1,5,4,99,3
3347,403407,-1,1,NA,-1,-1,NA,1,6,NA,99,2,NA,2
3557,403940,-1,4,NA,2,-1,NA,1,1,NA,99,3,NA,99
2918,402321,-1,1,1,4,-1,-1,1,1,1,99,2,1,99
1128,302757,2,2,2,-1,-1,-1,1,1,1,4,6,6,7
3400,403527,-1,-1,-1,-1,-1,-1,1,1,1,6,6,6,6
1046,302545,1,1,NA,-1,-1,NA,1,1,NA,5,2,NA,6
3507,403821,2,2,2,-1,-1,-1,1,1,1,7,7,99,6
4456,406234,2,4,NA,-1,-1,NA,1,1,NA,5,5,NA,6
676,301636,4,4,4,-1,-1,-6,6,5,-9,6,6,6,5
23,300047,2,2,1,-1,-1,-1,1,1,1,99,4,99,99
3422,403593,2,2,NA,-1,-1,NA,1,1,NA,5,6,NA,-9
3908,404841,2,2,2,-1,-1,-1,3,4,4,6,6,5,5
3730,404376,-1,-1,NA,-1,-1,NA,1,1,NA,99,4,NA,4
3245,403152,-1,-1,-1,-1,-1,-1,1,1,1,6,6,5,5
2574,401436,-1,-1,-1,-1,-1,-1,1,1,1,5,3,3,3
2937,402368,1,1,2,-1,-1,-1,5,3,3,2,4,4,99
649,301572,1,1,4,-1,-1,-1,2,2,2,3,4,4,3
2835,402116,2,2,2,-1,-1,-1,1,5,1,4,6,6,6
2923,402331,1,1,4,-1,-1,-1,2,2,2,99,99,2,99
4301,405801,2,2,NA,-1,-1,NA,1,1,NA,6,6,NA,6
2147,400379,2,2,2,-1,-1,-1,4,-9,1,6,6,6,6
520,301293,1,1,1,-1,-1,-1,5,3,3,2,99,99,4
4091,405271,-1,-1,NA,-1,-6,NA,2,3,NA,99,1,NA,6
3732,404379,-1,-1,NA,-1,-1,NA,1,1,NA,4,99,NA,99
3915,404856,-1,-1,-1,-1,-1,-1,2,2,2,99,5,4,4
3966,404971,-1,-1,-1,-1,-1,-1,1,1,1,4,4,4,4
2789,401982,1,1,1,-1,-1,-1,1,1,1,2,2,2,2
875,302106,-1,-1,-1,-1,-1,-1,1,1,1,6,6,-9,6
3483,403750,1,1,1,-1,-1,-1,1,1,1,3,3,3,3
3380,403482,-1,4,-1,-1,-1,-1,1,3,3,2,99,99,4
3884,404783,4,4,4,-1,-1,-1,2,2,2,4,2,99,2
4094,405281,-1,-1,-1,-1,-1,-1,1,1,1,6,6,6,6
954,302312,-1,-1,NA,-1,-1,NA,1,1,NA,5,6,NA,6
2013,400035,2,2,2,-1,-1,-1,1,1,1,6,6,6,6
3188,402990,4,1,1,-1,-1,-1,1,1,1,2,2,2,2
3567,403957,4,4,4,-1,-1,-6,6,1,1,3,6,6,3
4532,406404,-1,-1,-1,-1,-1,-1,1,1,1,5,5,4,6
2610,401525,2,-1,2,-1,-1,-1,1,1,1,6,7,6,6
4859,407215,4,2,4,-1,-1,-1,1,1,1,5,5,5,4
2654,401618,1,1,NA,-1,-1,NA,1,1,NA,99,3,NA,3
564,301376,1,4,NA,-1,-1,NA,1,1,NA,4,4,NA,4
2620,401554,-1,-1,-1,-1,-1,-1,1,1,1,4,4,99,4
3339,403392,-1,-1,-1,-1,-1,-1,1,1,1,99,99,3,4
4132,405370,1,4,1,-1,-1,-1,2,2,2,2,2,2,2
3357,403423,1,1,1,-1,-1,-1,2,2,2,2,6,4,99
4026,405097,4,1,-1,-1,-1,-1,1,1,1,4,4,5,5
2538,401354,4,4,4,-1,-1,-1,1,5,1,2,1,2,2
2569,401427,-1,-1,NA,-1,-6,NA,1,1,NA,5,4,NA,4
3375,403474,-1,-1,1,-1,1,-1,5,3,3,4,4,5,4
2709,401780,-1,-1,-1,-1,-1,-1,1,1,1,2,2,2,2
273,300687,2,2,2,-1,-1,-1,1,1,1,99,6,6,6
3260,403182,-1,-1,NA,-1,-6,NA,3,4,NA,4,3,NA,4
3954,404939,1,1,NA,-1,-1,NA,1,1,NA,99,3,NA,4
586,301429,1,1,NA,-1,-6,NA,2,6,NA,99,99,NA,4
2912,402312,-1,-1,-1,-1,-1,-1,1,1,1,6,6,6,6
897,302154,4,4,4,-1,-1,-1,1,1,1,5,5,99,5
250,300628,-1,-1,-1,-1,-1,-1,1,1,1,99,6,6,6
3407,403546,-1,-1,-1,-1,-1,-1,1,1,1,2,2,1,2
4556,406480,2,2,NA,-1,-1,NA,1,1,NA,7,7,NA,6
2540,401359,-1,-1,NA,-1,-1,NA,1,1,NA,99,99,NA,3
3631,404106,2,2,2,-1,-1,-1,1,1,1,99,7,6,5
2067,400183,1,1,1,-1,-1,-1,1,1,1,6,6,6,4
4004,405049,-1,1,4,-1,-1,-1,2,2,2,5,99,3,4
3384,403498,1,1,1,-1,-1,-1,6,6,2,3,2,2,4
4849,407198,1,1,NA,-1,-6,NA,1,1,NA,3,2,NA,2
4512,406360,1,1,1,-1,-1,-1,1,1,1,2,2,1,2
2575,401437,-1,-1,-1,-1,-1,-1,1,1,1,6,6,6,6
4022,405089,1,1,1,-1,-1,-1,1,1,1,3,4,3,2
3978,404991,-1,-1,-1,-1,-1,-1,1,1,1,5,4,4,5
3358,403424,-1,-1,-1,-1,-1,-1,1,1,1,4,4,4,4
3447,403661,2,2,NA,-1,-1,NA,1,1,NA,6,6,NA,6
4581,406550,1,1,NA,-1,-1,NA,1,1,NA,2,2,NA,2
3960,404959,-1,1,1,-1,-1,-1,1,1,1,4,2,2,3
773,301873,-1,-1,-1,-1,-1,-1,5,3,3,4,99,5,4
514,301280,-1,-1,-1,-1,-1,-1,1,1,1,2,2,2,2
655,301594,2,2,5,-1,-1,-1,1,1,1,5,4,5,5
236,300597,-1,-1,NA,-1,-6,NA,1,1,NA,4,4,NA,4
3551,403930,-1,-1,NA,-1,-1,NA,1,1,NA,2,1,NA,2
3760,404459,4,2,2,-1,-1,-1,5,3,1,4,99,4,4
2075,400198,-1,-1,-1,-1,-1,-7,1,1,1,7,6,6,6
4969,407529,2,2,2,-1,-1,-1,1,1,1,5,6,6,5
4680,406784,-1,2,NA,-1,-1,NA,1,1,NA,6,4,NA,99
2737,401852,-1,-1,-1,-1,-1,-1,1,1,1,6,6,6,5
4279,405751,1,1,1,-1,-1,-1,2,2,2,99,4,3,4
3239,403135,-1,-1,-1,-1,-1,-1,2,2,2,4,3,2,3
3019,402590,5,-1,NA,-1,-6,NA,6,1,NA,99,99,NA,99
454,301143,1,1,1,-1,-1,-1,5,3,3,99,99,99,99
3934,404896,-1,-1,NA,-1,-1,NA,5,3,NA,1,3,NA,1
4412,406119,1,1,1,-1,-1,-1,1,1,1,1,2,1,2
3661,404200,1,1,1,-1,-1,-1,2,2,2,2,4,2,2
3298,403296,2,2,NA,-1,-1,NA,1,1,NA,5,6,NA,6
3605,404045,-1,-1,-1,-1,-1,-1,1,1,1,2,99,99,4
269,300676,4,4,NA,-1,-1,NA,2,2,NA,99,4,NA,99
82,300180,-9,1,1,-1,-1,-1,5,3,3,4,6,6,6
3687,404275,-1,-1,NA,-1,-1,NA,1,1,NA,1,1,NA,-9
3990,405016,2,-1,-1,-1,-1,-1,1,1,1,5,99,6,4
323,300796,4,1,1,-1,-1,-1,1,1,1,2,99,2,3
2512,401281,1,1,1,-1,-1,-1,1,1,1,2,2,2,2
1039,302531,-1,-1,-1,-1,-1,-1,1,1,1,7,7,7,7
2108,400282,4,4,4,-1,-1,-1,1,1,1,5,4,6,6
775,301876,1,1,1,-1,-1,-1,1,1,1,3,3,2,3
4737,406926,2,2,2,-1,-1,-1,1,1,1,6,6,6,6
30,300059,1,1,2,-1,-1,-1,1,1,1,4,4,6,6
99,300215,-1,-1,NA,-1,-1,NA,1,1,NA,4,4,NA,4
3393,403511,-1,-1,-1,-1,-1,-1,5,3,3,99,5,99,99
2272,400693,-1,-1,-1,-1,-1,-1,5,3,3,99,3,5,99
4659,406739,1,1,NA,-1,-1,NA,2,2,NA,2,99,NA,99
1127,302755,4,4,4,-1,-1,-1,1,1,1,2,2,2,2
169,300389,1,1,NA,-1,-1,NA,1,1,NA,4,4,NA,5
2458,401152,2,2,NA,-1,-1,NA,5,3,NA,6,6,NA,5
4025,405095,2,2,2,-1,-1,-1,1,1,1,7,7,6,6
4609,406624,1,1,1,-1,-1,-1,1,1,1,2,2,2,2
325,300799,-1,-1,-1,-1,-1,-1,1,1,1,3,3,3,3
2755,401902,-1,-1,-1,-1,-1,-1,1,1,1,5,4,5,5
4767,406986,4,4,2,-1,-1,-1,1,1,1,99,99,99,4
4334,405902,2,2,-1,-1,-1,-1,1,1,1,4,99,99,99
4915,407377,-1,-1,NA,-1,-7,NA,2,2,NA,4,1,NA,4
687,301661,-1,-1,-1,-1,-1,-1,1,6,6,4,4,6,4
356,300890,-1,-1,-1,-1,-1,-1,1,1,1,6,6,5,6
2321,400820,1,-1,4,-1,-1,-1,1,1,1,4,3,5,4
5065,407732,-1,-1,NA,-1,-1,NA,1,1,NA,4,5,NA,5
2198,400514,1,1,1,-1,-1,-1,1,1,1,2,2,2,2
4548,406458,-1,-1,-1,-1,-1,-1,1,1,1,99,5,99,5
3527,403874,-1,-1,-1,-1,-1,-1,1,1,1,4,99,2,99
3216,403076,-1,-1,-1,-1,-1,-1,6,6,6,4,99,99,99
2927,402342,-1,-1,-1,-1,-1,-1,1,1,1,4,4,99,99
4002,405042,2,4,1,-1,-1,-1,1,1,1,4,4,4,3
3093,402768,1,1,1,-1,-1,-1,1,1,1,1,2,1,2
4305,405816,-1,-1,-1,-1,-1,-1,3,4,4,3,4,2,2
3223,403098,-1,-1,-1,-1,-1,-1,1,1,1,5,4,3,5
756,301838,2,2,2,-1,-1,-1,1,1,1,99,99,6,4
423,301070,1,1,2,-1,-1,-1,1,1,1,5,4,4,3
1077,302627,-1,-1,-1,-1,-1,-1,1,1,1,99,4,4,4
1135,302774,-1,-1,-1,-1,-1,-1,2,2,2,2,4,4,5
2398,401019,-1,-1,2,-1,-1,-1,1,5,1,7,7,5,99
2750,401883,-1,-1,-1,-1,-1,-1,1,1,1,6,6,6,6
4290,405782,1,1,1,-1,-1,-1,1,1,1,3,2,2,2
798,301926,-1,-1,-1,-1,-1,-1,1,1,1,99,4,99,4
4090,405260,4,1,4,-1,-1,-1,1,1,1,2,2,2,4
2116,400305,1,1,NA,-1,-6,NA,3,4,NA,2,3,NA,2
241,300609,4,4,4,-1,-1,-1,6,6,1,4,3,99,4
2600,401501,-1,1,-1,-1,-1,-1,1,1,1,3,2,3,3
1027,302494,1,1,NA,-1,-6,NA,5,3,NA,99,99,NA,99
3267,403213,4,4,4,-1,-1,-1,1,1,1,4,4,4,5
4762,406973,2,2,2,-1,-1,-1,1,1,1,7,7,7,7
68,300153,-1,-1,-1,-1,-1,-1,1,1,1,5,4,5,3
2078,400208,2,2,2,-1,-1,-1,1,1,1,6,6,6,5
3926,404880,1,1,1,-1,-1,-1,1,1,1,2,2,2,2
831,301993,-9,1,1,-1,-1,-1,1,1,1,2,5,1,3
3212,403059,-1,-1,-1,-1,-1,-1,1,1,1,99,4,5,5
4277,405746,4,1,NA,-1,-6,NA,5,3,NA,5,3,NA,5
4892,407305,-1,1,1,-1,-1,-1,5,3,3,99,99,99,2
3232,403120,2,1,NA,-1,-1,NA,1,1,NA,5,2,NA,5
4528,406389,1,4,NA,-1,-6,NA,2,2,NA,99,99,NA,4
2431,401089,1,4,4,-1,-1,-1,5,1,3,4,4,3,99
2014,400039,-1,-1,-1,-1,-1,-1,1,1,1,6,6,6,6
4119,405339,2,2,2,-1,-1,-1,1,1,1,6,6,6,6
2497,401247,-1,-1,NA,-1,-1,NA,1,1,NA,6,7,NA,6
641,301556,-1,-1,-1,-1,-1,-1,1,1,1,1,1,1,1
3675,404241,2,2,NA,-1,-1,NA,1,1,NA,99,4,NA,99
298,300739,-1,-1,NA,-1,-1,NA,1,1,NA,3,2,NA,3
3722,404358,1,1,NA,-1,-1,NA,1,1,NA,2,2,NA,1
4139,405392,1,-1,-1,-1,-1,-1,1,1,1,4,5,6,6
2768,401922,1,1,1,-1,-1,-1,1,1,1,1,2,2,2
7,300008,1,1,1,-1,-1,-1,2,2,2,99,99,99,99
779,301881,1,1,1,-1,-1,-1,1,1,1,99,99,99,4
614,301489,4,4,4,-1,-1,-1,1,1,1,6,6,6,6
3043,402647,1,1,1,-1,-1,-1,6,1,1,2,4,1,2
2562,401412,-1,-1,-1,-1,-1,-1,1,1,1,6,5,99,6
1081,302639,2,-1,NA,-1,-1,NA,1,1,NA,4,4,NA,4
27,300053,-1,4,NA,-1,-1,NA,1,1,NA,2,99,NA,2
3929,404886,1,1,1,-1,-1,-1,1,1,1,4,2,2,2
2121,400317,-1,-1,-1,-1,-1,-1,1,1,1,6,7,6,6
2089,400243,1,1,1,-1,-1,-6,1,1,1,2,2,3,2
3618,404075,-1,-1,-1,-1,-1,-1,1,1,1,7,7,6,99
3419,403578,1,1,NA,-1,-1,NA,1,1,NA,4,4,NA,4
3437,403630,1,-1,1,-1,-1,-1,1,1,1,5,5,4,4
78,300175,-1,-1,-1,-1,-1,-1,1,1,1,3,3,3,3
739,301789,-1,-1,NA,-1,-1,NA,2,6,NA,5,2,NA,5
5,300006,-1,-1,-1,-1,-1,-1,1,1,1,4,4,4,4
4555,406479,2,2,2,-1,-1,-1,1,1,1,7,7,7,6
3156,402906,2,4,4,-1,-1,-1,1,1,1,6,6,6,5
1003,302443,1,1,2,-1,-1,-1,1,1,1,6,6,6,5
4125,405352,-1,-1,2,-1,-1,-1,1,1,1,6,7,6,6
2684,401705,-1,-1,-1,-1,-1,-1,1,1,1,4,2,2,3
3313,403331,-1,1,NA,-1,-1,NA,2,2,NA,1,2,NA,2
4683,406792,-1,-1,-1,-1,-1,-1,2,2,2,99,99,4,4
5080,407771,-1,-1,-1,-1,-1,-1,1,1,1,6,7,6,6
2775,401940,-1,-1,NA,-1,-6,NA,1,1,NA,6,6,NA,6
101,300222,-1,-1,-1,-1,-1,-1,1,1,1,2,3,2,2
3078,402732,-1,-1,-1,-1,-1,-1,1,1,1,5,5,6,5
3877,404774,-1,-1,-1,-1,-1,-1,1,1,1,6,6,6,6
3476,403738,-1,-1,-1,-1,-1,-1,1,1,1,99,99,4,4
4855,407209,1,1,1,-1,-1,-1,2,2,2,2,2,3,2
4507,406348,-1,-1,-1,-1,-1,-1,1,3,1,4,4,2,4
297,300736,-1,-1,-1,-1,-1,-1,5,5,3,5,6,6,4
3949,404928,-1,-1,-1,-1,-1,-1,1,1,1,4,4,4,99
2668,401662,-1,-1,-1,-1,-1,-1,1,1,1,4,3,2,4
5043,407692,1,1,NA,-1,-1,NA,1,1,NA,6,6,NA,4
4325,405881,-1,-1,-1,-1,-1,-1,1,1,1,99,99,99,99
4149,405419,4,4,4,-1,-1,-1,1,1,1,4,7,6,6
3279,403237,1,1,1,-1,-1,-1,1,1,1,99,99,99,6
3468,403710,-1,-1,-1,-1,-1,-1,2,2,2,99,99,4,4
3872,404757,2,2,2,-1,-1,-1,1,1,1,4,4,4,4
3622,404082,2,2,2,-1,-1,-1,1,1,1,5,5,6,4
2149,400382,1,-1,-1,-1,-1,-1,1,1,1,1,2,1,1
2235,400598,1,1,1,-1,-1,-1,1,1,1,99,3,4,3
3254,403173,-1,-1,-1,-1,-1,-1,1,1,1,99,4,4,4
217,300552,-1,-1,-1,-1,-1,-1,1,1,1,6,7,7,6
3980,404993,4,4,4,-1,-1,-1,1,1,1,3,3,3,3
3142,402875,-1,-1,-1,-1,-1,-1,5,3,3,2,2,3,2
4186,405510,-1,-1,-1,-1,-1,-1,1,1,1,4,4,4,4
5033,407667,-1,-1,-1,-1,-1,-1,1,1,1,2,2,2,2
3290,403278,2,2,2,-1,-1,-1,1,6,6,6,6,6,6
4594,406592,4,4,2,-1,-1,-1,1,1,1,4,5,5,5
4521,406377,2,4,4,-1,-1,-1,1,1,1,4,6,6,4
4247,405662,-1,-1,-1,-1,-1,-1,1,1,1,3,4,4,3
963,302341,2,2,2,-1,-1,-1,1,1,1,5,5,5,5
3083,402742,2,2,2,-1,-1,-1,1,1,6,5,5,6,5
733,301778,1,1,1,-1,-1,-1,1,1,1,3,3,4,4
3993,405023,1,1,1,-1,-1,-1,1,1,1,2,2,2,2
849,302047,1,1,NA,-1,-1,NA,5,3,NA,99,6,NA,99
3373,403470,1,1,NA,-1,-1,NA,1,1,NA,99,99,NA,4
3771,404495,2,2,2,-1,-1,-1,1,1,1,6,7,6,7
63,300146,-1,2,NA,2,-6,NA,1,1,NA,4,99,NA,99
3132,402859,-1,-1,-1,-1,-1,-1,1,1,1,3,4,4,5
3087,402751,1,1,1,-1,-1,-1,1,1,1,3,6,4,3
4626,406658,-1,-1,-1,-1,-1,-1,1,1,1,7,7,7,7
2891,402257,-1,-1,-1,-1,-1,-1,1,1,1,3,99,99,99
3190,403001,-1,-1,NA,-1,-1,NA,1,1,NA,99,99,NA,99
4787,407037,-1,-1,-1,-1,-1,-1,1,1,1,5,6,6,5
2532,401348,1,1,1,-1,-1,-1,1,1,1,3,4,3,4
4733,406914,-1,-1,-1,-1,-1,-1,1,1,1,6,6,6,6
786,301896,-1,-1,NA,-1,-1,NA,1,1,NA,4,99,NA,4
2452,401142,1,2,1,-1,-1,-1,6,6,6,99,99,99,4
926,302231,1,1,NA,-1,-6,NA,1,1,NA,99,99,NA,99
2335,400866,1,1,1,-1,-1,-1,1,1,1,2,2,5,4
3987,405012,1,2,2,-1,-1,-1,1,1,1,99,5,6,99
3627,404097,2,2,2,-1,-1,-1,1,1,1,5,6,6,4
2871,402204,1,1,1,-1,-1,-1,1,1,1,2,2,2,1
4386,406044,-1,-1,-1,-1,-1,-1,1,1,1,1,1,2,1
3431,403617,4,4,4,-1,-1,-1,1,1,1,5,5,5,5
3985,405007,-1,-1,NA,-1,-1,NA,1,1,NA,4,3,NA,3
3589,404007,-1,-1,NA,-1,-1,NA,2,2,NA,5,99,NA,5
4540,406423,4,4,NA,-1,-1,NA,1,1,NA,4,4,NA,4
2488,401230,-1,-1,-1,-1,-1,-1,1,1,1,6,6,6,6
3330,403380,-1,-1,NA,-1,-6,NA,-2,2,NA,4,99,NA,99
4124,405350,1,1,1,-1,-1,-1,2,2,2,99,2,99,2
3655,404176,-1,-1,-1,-1,2,-1,1,1,1,99,6,5,2
3073,402724,5,2,2,-1,-1,-1,1,1,1,7,7,6,6
3793,404555,-1,-1,NA,-1,-1,NA,2,2,NA,4,3,NA,4
4232,405634,1,1,1,-1,-1,-1,1,1,1,1,2,1,2
2208,400536,-1,4,4,-1,-1,-1,1,1,1,4,4,5,5
5027,407657,-1,-1,2,-1,-1,-1,1,1,1,5,4,4,4
3876,404773,4,4,4,-1,-1,-1,1,1,1,4,4,3,4
5040,407685,-1,-1,NA,-1,-1,NA,1,1,NA,4,3,NA,4
2473,401188,2,2,2,-1,-1,-1,1,1,1,6,6,6,6
110,300238,-1,-1,-1,-1,-1,-1,5,3,3,4,4,99,5
984,302393,1,1,1,-1,-1,-1,6,5,-9,2,4,4,99
2721,401811,-1,-1,NA,-1,-1,NA,1,1,NA,5,3,NA,4
3780,404524,-1,-1,-1,1,-1,-1,5,3,3,99,4,4,99
4806,407101,-1,-1,-1,-1,-1,-6,1,1,1,99,6,99,6
317,300784,2,2,4,-1,-1,-1,1,1,1,4,4,2,4
3059,402688,2,-1,NA,-1,-6,NA,3,4,NA,6,99,NA,4
2813,402046,2,2,NA,-1,-1,NA,1,1,NA,4,6,NA,5
371,300925,2,2,2,-1,-1,-1,1,1,1,7,7,5,6
2810,402040,-1,-1,NA,-1,-6,NA,3,6,NA,3,3,NA,3
2634,401583,1,1,1,-1,-1,-1,1,1,1,2,3,1,1
2944,402387,2,2,2,-1,-1,-1,1,1,1,4,6,4,6
3945,404921,-1,-1,-1,-1,-1,-1,1,1,1,99,6,7,6
2349,400912,4,4,4,-1,-1,-1,1,1,1,4,4,3,4
847,302040,4,-1,-1,-1,-1,-1,1,1,1,6,5,5,5
2215,400553,2,2,4,-1,-1,-1,1,1,1,4,6,6,5
4552,406467,1,1,1,-1,-1,-1,1,1,1,3,2,2,2
4586,406559,4,4,NA,-1,-1,NA,1,1,NA,4,5,NA,5
4840,407178,4,4,4,-1,-1,-1,1,1,1,3,6,5,4
4523,406382,2,1,1,-1,-1,-1,1,1,1,4,99,4,4
2260,400668,4,4,NA,-1,-1,NA,1,1,NA,5,5,NA,4
479,301190,-1,-1,NA,-1,-6,NA,1,1,NA,5,5,NA,6
8,300012,2,2,2,-1,-1,-1,1,1,1,5,5,5,4
3704,404319,-1,-1,-1,-1,-1,-1,1,1,1,5,3,4,5
636,301544,1,2,NA,-1,-1,NA,5,3,NA,99,3,NA,99
4269,405708,-1,-1,-1,-1,-1,-1,1,1,1,6,6,6,7
4483,406285,4,2,2,-1,-1,-1,3,4,4,3,4,3,2
3579,403987,-1,-1,NA,-1,-1,NA,2,6,NA,3,99,NA,99
208,300534,2,2,2,-1,-1,-1,1,1,1,6,6,4,6
903,302169,1,1,4,-1,-1,-1,1,1,1,4,3,3,3
3669,404230,-1,-1,-1,-1,-1,-1,1,1,1,2,2,2,2
2824,402068,-1,-1,NA,-1,-1,NA,5,3,NA,4,3,NA,99
2690,401728,-1,-1,-1,-1,-1,-6,1,1,1,99,99,4,99
4550,406465,-1,-1,-1,-1,-1,-1,1,1,1,7,7,7,7
812,301958,1,1,1,-1,-1,-1,1,1,1,4,4,1,2
2448,401132,1,1,1,-1,-1,-6,1,1,1,4,4,4,4
295,300734,-1,-1,-1,-1,-1,-1,1,1,1,3,99,4,4
3632,404108,-1,-1,-1,-1,-1,-1,5,3,3,3,4,5,3
1112,302722,1,1,NA,-1,-1,NA,1,1,NA,2,2,NA,2
663,301608,-1,-1,-1,-1,-1,-1,2,2,2,4,4,5,4
218,300554,1,1,1,-1,-1,-1,3,4,4,1,1,2,1
4797,407075,-1,-1,-1,-1,-1,-1,3,5,4,99,99,99,99
144,300322,-1,-1,-1,-1,-1,-1,1,1,1,99,99,99,99
4160,405440,-1,-1,NA,-1,-6,NA,5,3,NA,7,99,NA,99
4071,405208,2,5,NA,-1,-1,NA,1,1,NA,99,7,NA,6
2233,400594,-1,-1,-1,-1,-1,-1,1,1,1,99,99,99,4
722,301748,4,4,NA,-1,-1,NA,1,1,NA,4,3,NA,4
3226,403105,1,1,NA,-1,-1,NA,1,1,NA,2,3,NA,2
2210,400543,1,1,1,-1,-1,-1,1,1,1,2,2,3,2
711,301710,1,1,1,-1,-1,-1,1,1,1,4,3,3,4
3000,402549,-1,-1,-1,-1,-1,-1,1,1,1,6,7,6,6
638,301551,-1,-1,NA,-1,-1,NA,1,1,NA,99,99,NA,99
2404,401030,-1,1,1,1,-1,-1,1,1,1,3,3,2,3
2299,400756,4,4,4,-1,-1,-1,5,3,3,99,3,4,4
3418,403577,5,4,4,-1,-1,-1,6,5,6,99,1,2,4
319,300789,1,1,1,-1,-1,-1,1,1,1,5,6,4,5
4185,405508,2,2,4,-1,-1,-1,1,1,1,6,7,6,6
376,300931,1,1,NA,-1,-1,NA,5,3,NA,4,2,NA,6
2503,401261,-1,-1,-1,-1,-1,-6,3,4,4,6,6,6,6
1165,302851,-1,-1,NA,-1,-1,NA,1,1,NA,99,99,NA,99
2830,402099,2,2,2,-1,-1,-1,1,1,1,6,6,6,6
3006,402562,-1,-1,NA,-1,-1,NA,1,1,NA,6,6,NA,6
3602,404039,-1,-1,-1,-1,-1,-1,1,1,1,5,6,6,5
4819,407130,-1,-1,-1,-1,-1,-1,1,1,1,2,3,2,2
4327,405885,4,1,4,-1,-1,-1,1,1,1,2,2,2,2
4839,407177,-1,-1,-1,-1,-1,-1,5,3,3,4,5,4,99
3417,403573,1,1,NA,-1,-1,NA,2,2,NA,99,99,NA,99
2950,402404,2,4,2,-1,-1,-1,1,1,1,7,4,7,7
4047,405158,1,1,1,-1,-1,-1,2,2,2,4,99,3,99
660,301603,2,2,NA,-1,-6,NA,1,1,NA,6,7,NA,7
2483,401215,2,2,2,-1,-1,-1,1,5,6,4,5,5,4
57,300136,-1,-1,NA,-1,-1,NA,5,3,NA,99,7,NA,5
4860,407216,-1,-1,-1,-1,-1,-1,1,1,1,4,5,6,4
524,301302,4,4,4,-1,-1,-1,1,1,1,5,6,6,6
4665,406750,-1,-1,-1,-1,-1,-1,3,4,4,3,3,2,3
5001,407594,-1,-1,-1,-1,-1,-1,1,1,1,99,2,2,2
4972,407536,-1,-1,-1,-1,-1,-1,1,1,1,4,4,4,4
2173,400444,-1,-1,-1,-1,-1,-6,1,1,1,2,2,2,3
2582,401448,-1,-1,NA,-1,-6,NA,6,6,NA,4,2,NA,4
5050,407705,1,1,1,-1,-1,-1,5,3,3,99,99,4,4
2910,402309,1,2,2,-1,-1,-1,1,1,1,4,99,6,5
4355,405961,-1,4,NA,1,-6,NA,2,2,NA,99,99,NA,99
207,300526,-1,-1,-1,-1,-1,-1,1,1,1,4,4,4,4
149,300334,-1,-1,-1,-1,-1,-1,2,2,2,5,99,99,5
2217,400560,4,4,NA,-1,-7,NA,1,1,NA,4,99,NA,5
928,302234,2,2,NA,-1,-6,NA,1,1,NA,5,6,NA,5
2364,400941,-1,-1,-1,-1,-1,-1,1,1,1,6,6,6,7
4577,406542,4,2,NA,-1,-1,NA,1,1,NA,4,4,NA,2
4359,405970,1,1,1,-1,-1,-1,4,6,2,3,3,4,3
2848,402150,2,2,2,-1,-1,-1,1,1,1,99,6,6,6
2723,401815,1,1,1,-1,-1,-1,2,2,2,4,99,3,3
2821,402063,-1,-1,NA,-1,-1,NA,1,1,NA,6,6,NA,5
3477,403740,-1,-1,-1,-1,-1,-1,5,3,3,4,5,6,99
4766,406985,-1,4,NA,4,-1,NA,6,1,NA,5,7,NA,4
4672,406765,-1,-1,-1,-1,-1,-1,1,1,1,3,4,4,4
4141,405395,-1,-1,-1,-1,-1,-1,1,1,1,99,4,4,4
2675,401685,2,2,2,-1,-1,-1,1,1,1,6,7,7,6
2703,401759,-1,-1,-1,-1,-1,-1,1,1,1,1,2,1,1
3225,403101,-1,4,4,-1,-1,-1,1,1,1,99,99,6,99
3952,404934,2,2,-1,-1,-1,-1,6,1,1,5,6,6,4
4120,405340,4,4,2,-1,-1,-1,1,1,1,4,5,4,5
3549,403928,-1,-1,-1,-1,-1,-1,1,1,1,5,5,4,4
1011,302459,1,4,NA,-1,-1,NA,2,2,NA,99,99,NA,4
648,301570,2,2,2,-1,-1,-1,1,1,1,6,6,6,6
777,301879,-1,-9,NA,1,-1,NA,1,1,NA,1,1,NA,1
4481,406280,1,-1,1,-1,1,-1,1,1,1,99,99,4,99
2842,402140,-1,2,2,2,-1,-1,1,6,1,3,4,5,2
3092,402767,-1,-1,NA,-1,-1,NA,1,1,NA,99,6,NA,99
3639,404127,-1,-1,-1,-1,-1,-1,-2,1,1,99,7,6,6
2530,401343,2,2,2,-1,-1,-1,1,1,1,6,7,6,6
4511,406358,1,1,1,-1,-1,-1,5,3,3,4,4,99,99
3739,404402,2,2,NA,-1,-1,NA,1,1,NA,4,6,NA,6
225,300569,2,2,2,-1,-1,-6,1,5,1,7,6,6,6
4454,406226,-1,-1,-1,-1,-1,-1,6,1,1,99,99,99,99
3965,404966,-1,-1,-1,-1,-1,-1,1,1,1,3,2,2,4
2555,401392,4,1,-1,-1,-1,-1,2,2,2,99,99,99,99
4765,406979,-1,-1,-1,-1,-1,-1,3,4,4,4,99,99,99
4460,406239,2,2,NA,-1,-1,NA,6,2,NA,99,99,NA,99
2635,401584,4,4,NA,-1,-1,NA,1,1,NA,5,4,NA,5
3285,403265,-1,-1,-1,-1,-1,-1,2,2,2,4,6,6,5
2141,400367,4,4,4,-1,-1,-1,1,1,1,4,4,4,4
527,301306,-1,-1,-1,-1,-1,-1,1,6,1,2,2,2,3
391,300983,4,4,2,-1,-1,-6,3,4,4,6,5,5,5
3276,403228,-1,-1,-1,-1,-1,-1,1,1,1,3,2,4,2
4060,405187,1,1,1,-1,-1,-1,1,1,1,99,99,99,4
2554,401391,-1,-1,-1,-1,-1,-1,1,1,1,5,5,5,5
390,300982,4,4,4,-1,-1,-1,1,1,1,5,5,3,5
5014,407626,1,1,NA,-1,-1,NA,5,3,NA,99,99,NA,5
2403,401029,-1,-1,NA,-1,-1,NA,1,1,NA,4,4,NA,3
3720,404353,-1,-1,-1,-1,-1,-1,1,1,1,3,3,5,3
2626,401571,-1,-1,-1,-1,-1,-1,1,1,1,4,4,4,4
33,300070,2,2,NA,-1,-6,NA,1,1,NA,6,7,NA,6
4591,406585,2,2,2,-1,-1,-1,6,6,6,5,4,5,4
2113,400296,2,2,2,-1,-1,-1,1,1,1,7,7,7,7
3263,403192,-1,1,-1,-1,-1,-1,1,1,1,3,3,3,4
2914,402315,1,1,1,-1,-1,-1,1,1,1,2,2,2,2
3842,404694,2,2,2,-1,-1,-1,1,1,1,99,6,7,4
2222,400566,1,-1,-1,-1,-1,-1,1,1,1,4,3,4,3
415,301052,1,1,1,-1,-1,-6,1,1,1,99,99,-9,99
3071,402722,-1,2,NA,4,-1,NA,1,1,NA,99,5,NA,4
263,300657,-1,-1,-1,-1,-1,-1,1,6,6,2,3,1,2
4960,407503,2,2,2,-1,-1,-1,5,3,3,4,5,6,5
405,301024,-1,-1,-1,-1,-1,-1,1,1,1,5,6,6,6
4833,407164,-1,-1,NA,-1,-1,NA,1,1,NA,1,6,NA,99
2009,400018,1,1,1,-1,-1,-1,1,3,3,5,4,4,99
3977,404990,2,2,-1,-1,-1,-1,1,1,1,6,6,6,6
3089,402756,2,2,2,-1,-1,-1,1,1,1,5,5,6,5
741,301795,-1,2,NA,-1,-6,NA,6,1,NA,6,7,NA,6
716,301724,-1,2,2,4,-1,-1,5,3,3,4,99,99,5
3371,403463,-1,-1,-1,-1,-1,-1,1,1,1,6,6,6,6
166,300383,2,2,2,-1,-1,-1,4,5,5,6,4,4,5
2374,400963,-1,-1,-1,-1,-1,-1,1,1,1,99,3,7,7
4223,405606,-1,-1,-1,-1,-1,-1,2,2,2,4,4,4,6
3173,402957,1,1,NA,-1,-6,NA,2,2,NA,99,99,NA,99
3743,404423,-1,-1,-1,-1,-1,-1,1,1,1,1,1,1,1
5074,407763,4,4,4,-1,-1,-1,3,4,4,99,2,3,4
4869,407240,4,2,2,-1,-1,-1,1,1,1,7,7,6,7
867,302093,4,4,4,-1,-1,-1,1,1,1,99,4,99,99
1145,302795,-1,-1,-1,-1,-1,-1,1,1,1,99,4,4,99
4420,406137,1,1,1,-1,-1,-1,1,1,1,3,3,2,2
4827,407148,-1,-1,-1,-1,-1,-1,1,1,1,2,3,2,4
2894,402262,-1,-1,NA,-1,-1,NA,1,1,NA,3,3,NA,3
47,300109,-1,-1,NA,-1,-1,NA,5,3,NA,6,5,NA,4
4922,407388,4,-1,1,-1,-1,-1,1,1,1,2,2,2,2
3217,403078,-1,-1,-1,-1,-1,-1,1,1,1,5,6,6,3
4415,406131,-1,-1,-1,-1,-1,-1,1,1,1,99,99,4,99
4422,406141,4,4,4,-1,-1,-1,1,1,1,3,3,4,4
2232,400592,-1,-1,-1,-1,-1,-1,1,1,1,6,7,6,7
2462,401161,4,4,4,-1,-1,-1,1,1,1,5,4,4,5
1123,302746,2,2,2,-1,-1,-1,1,1,1,5,5,6,5
3014,402577,4,4,2,-1,-1,-1,3,4,4,3,3,4,2
2249,400637,-1,-1,NA,-1,-1,NA,1,1,NA,4,99,NA,99
302,300747,2,2,2,-1,-1,-1,5,1,1,6,6,4,5
2498,401248,-1,-1,-1,-1,-1,-1,1,1,1,5,5,5,5
905,302172,2,2,2,-1,-1,-1,1,1,1,6,6,6,6
2050,400132,1,1,1,-1,-1,-1,2,2,2,-9,4,4,3
3335,403386,4,4,4,-1,-1,-1,1,1,4,3,3,4,5
627,301519,1,1,1,-1,-1,-1,1,1,1,1,3,2,99
3259,403181,-1,-1,-1,-1,-1,-1,5,3,3,4,5,5,3
4270,405711,4,1,NA,-1,-1,NA,1,1,NA,99,3,NA,4
3284,403260,-1,-1,-1,-1,-1,-1,-2,1,1,99,4,4,99
2278,400705,-1,-1,-1,-1,-1,-1,1,1,1,6,6,6,5
3249,403160,2,2,2,-1,-1,-1,1,1,1,5,6,5,5
2435,401100,-1,-1,-1,-1,-1,-1,1,1,1,6,5,5,99
4863,407223,-1,-1,NA,-1,1,NA,1,1,NA,4,6,NA,4
4913,407368,-1,-1,NA,-1,-1,NA,2,2,NA,99,2,NA,99
2946,402391,1,1,1,-1,-1,-1,1,1,1,2,2,1,2
1018,302470,2,2,2,-1,-1,-7,1,1,1,5,6,6,5
4533,406405,2,2,NA,-1,-1,NA,1,1,NA,6,6,NA,6
4388,406052,-1,-1,NA,-1,-1,NA,1,1,NA,4,99,NA,99
4134,405381,2,2,2,-1,-1,-1,1,1,1,6,6,6,6
629,301527,2,2,5,-1,-1,-1,1,5,-9,5,5,6,5
3443,403650,4,4,4,-1,-1,-1,1,3,3,4,5,4,5
2061,400172,-1,-1,-1,-1,-1,-1,1,1,1,4,5,99,4
4053,405174,1,1,NA,-1,-1,NA,1,1,NA,3,4,NA,2
4500,406335,-1,-1,NA,-1,-1,NA,1,1,NA,99,7,NA,99
2409,401041,-1,1,1,-1,-1,-1,1,1,1,5,4,3,4
4603,406613,1,1,1,-1,-1,-1,2,2,2,99,99,99,99
3756,404451,1,1,1,-1,-1,-1,1,1,1,2,1,2,2
87,300186,-1,-1,-1,-1,-1,-1,1,1,1,2,2,2,2
1115,302726,2,4,2,-1,-1,-1,1,1,-9,6,6,6,6
2405,401034,4,2,2,-1,-1,-1,1,6,1,6,7,7,6
2988,402521,4,4,4,-1,-1,-1,1,1,1,2,5,4,2
728,301767,4,4,4,-1,-1,-1,1,1,1,3,5,6,5
4192,405531,-1,-1,-1,-1,-1,-1,1,1,1,4,5,5,4
2414,401051,-1,-1,-1,-1,-1,-1,5,3,3,99,4,4,99
4565,406507,1,1,1,-1,-1,-1,1,6,1,2,1,1,2
4975,407541,1,1,1,-1,-1,-1,5,3,3,99,99,4,4
4916,407378,-8,4,4,-1,-1,-1,1,1,1,5,5,4,5
4784,407024,1,2,NA,-1,-1,NA,1,1,NA,3,3,NA,3
2295,400745,2,2,2,-1,-1,-1,1,-9,1,4,4,4,4
4647,406711,2,2,2,-1,-1,-1,1,1,1,6,6,6,6
2090,400244,4,2,4,-1,-1,-1,1,1,1,6,7,6,6
3851,404721,-1,-1,-1,-1,-1,-1,5,1,1,4,3,99,4
281,300704,1,1,1,-1,-1,-1,5,3,3,4,4,3,4
4785,407027,1,1,1,-1,-1,-1,1,1,-9,1,1,1,1
4155,405429,2,2,NA,-1,-1,NA,1,1,NA,99,6,NA,6
1160,302840,1,1,1,-1,-1,-6,1,1,1,2,2,2,1
2545,401373,-1,-1,NA,2,-1,NA,1,1,NA,6,5,NA,5
2209,400542,4,1,2,-1,-1,-1,3,4,4,99,4,4,5
4899,407324,1,1,1,-1,-1,-1,1,1,1,1,1,1,2
3434,403624,2,-1,1,-1,-1,-1,1,1,1,5,4,1,5
4250,405672,1,-1,-1,-1,-1,-1,1,1,1,5,3,2,3
3220,403090,1,1,1,-1,-1,-1,2,2,2,99,99,99,99
4649,406716,-1,-1,-1,-1,-1,-1,1,1,1,3,5,6,3
1006,302447,1,1,1,-1,-1,-1,1,1,1,3,2,2,3
548,301347,-1,-1,-1,-1,-1,-1,1,1,1,3,4,3,4
3701,404304,2,1,1,-1,-1,-1,6,2,2,99,99,4,4
2708,401774,-1,-1,NA,-1,-1,NA,1,1,NA,99,99,NA,4
2645,401601,-1,-1,-1,-1,-1,-1,1,1,1,4,99,4,3
1164,302850,1,1,1,-1,-1,-1,1,1,1,1,2,2,2
408,301030,-1,-1,-1,-1,-1,-1,5,3,3,3,4,4,3
3761,404460,-1,-1,-1,-1,-1,-1,3,4,4,99,6,6,5
4346,405935,4,4,4,-1,-1,-1,1,1,1,5,3,6,6
2437,401103,-1,-1,-1,-1,-1,-1,1,1,1,4,3,3,5
3048,402659,1,1,-1,-1,-1,-1,1,1,1,1,1,1,1
4050,405164,2,2,2,-1,-1,-1,1,1,1,6,6,6,7
2744,401862,-1,-1,-1,-1,-1,-1,1,1,1,99,4,99,99
3976,404989,-1,-1,-1,-1,-1,-6,1,1,1,6,6,6,6
703,301695,-1,-1,-1,-1,-1,-1,1,1,1,4,4,3,4
4780,407012,-1,-1,-1,-1,-1,-1,1,1,1,4,3,3,3
2032,400093,1,1,1,-1,-1,-6,2,2,2,4,5,3,3
4569,406519,1,1,1,-1,-1,-1,1,1,1,2,2,2,2
701,301692,4,4,2,-1,-1,-1,1,1,1,3,4,4,3
4432,406160,2,2,NA,-1,-1,NA,1,1,NA,6,7,NA,6
4580,406547,-1,-1,-1,-1,-1,-1,1,1,1,99,99,2,99
4910,407364,1,4,4,-1,-1,-1,5,3,3,4,4,4,4
692,301670,1,1,1,-1,-1,-1,1,1,1,4,99,4,3
4650,406723,2,2,4,-1,-1,-1,1,1,1,5,4,4,4
3094,402769,-1,-1,-1,-1,-1,-1,5,3,3,5,99,6,5
3923,404874,-1,-1,-1,-1,-1,-1,1,1,1,1,1,1,1
1102,302684,4,2,NA,-1,-1,NA,1,1,NA,6,99,NA,5
3242,403143,1,1,1,-1,-1,-1,1,1,1,4,3,3,3
4324,405877,4,1,1,-1,-1,-1,1,1,1,2,99,3,5
2357,400927,4,-1,4,-1,-1,-1,1,1,1,4,4,6,4
402,301019,1,1,1,-1,-1,-1,5,3,3,99,2,2,3
1022,302480,2,2,NA,-1,-1,NA,1,1,NA,6,6,NA,6
4101,405293,1,1,1,-1,-1,-1,1,1,1,1,2,2,2
330,300816,-1,-1,-1,-1,-1,-1,2,2,2,3,99,2,3
3484,403751,-1,-1,-1,-1,-1,-1,1,1,1,5,5,4,6
4262,405691,-1,-1,-1,-1,-1,-1,1,1,1,6,6,6,6
2119,400312,2,2,2,-1,-1,-6,1,3,3,99,6,5,6
3294,403286,-1,-1,-1,-1,-1,-1,1,1,1,99,2,4,3
2193,400501,-1,-1,-1,-1,-1,-1,1,1,1,99,5,4,4
4107,405305,4,-1,NA,-1,4,NA,1,1,NA,4,4,NA,5
3289,403277,5,4,4,-1,-1,-1,1,5,1,3,2,2,3
3523,403866,-1,-1,-1,-1,-1,-1,2,2,2,4,3,1,2
2853,402163,-1,-1,NA,-1,-1,NA,1,1,NA,99,99,NA,99
2237,400603,-1,-1,-1,-1,-1,-1,1,1,1,6,6,7,6
670,301624,4,4,-1,-1,-1,-1,1,1,1,4,4,4,4
4801,407086,2,2,NA,-1,-6,NA,1,1,NA,6,6,NA,6
4702,406839,1,1,1,-1,-1,-1,2,2,3,4,99,7,99
3084,402744,4,4,-1,-1,-1,-1,2,5,2,99,4,3,99
3823,404636,-1,-1,-1,-1,-1,-1,1,1,1,4,3,3,3
901,302166,-1,-1,-1,-1,-1,-1,1,1,1,3,2,2,2
4098,405289,-1,-1,-1,-1,-1,-1,2,2,2,99,99,3,4
543,301338,-1,-1,NA,-1,-1,NA,6,6,NA,99,99,NA,99
3640,404129,1,1,NA,-1,-1,NA,1,1,NA,4,3,NA,3
3227,403108,-1,-1,NA,-1,-1,NA,2,2,NA,99,99,NA,3
4102,405294,-1,-1,-1,-1,-1,-1,1,1,1,99,5,4,99
4073,405210,4,4,4,-1,-1,-1,6,6,6,2,3,3,2
3846,404712,2,2,NA,-1,-1,NA,1,1,NA,6,6,NA,5
158,300360,1,1,1,-1,-1,-1,6,6,6,4,4,4,4
4734,406917,-1,-1,NA,-1,-1,NA,1,1,NA,2,6,NA,7
4015,405079,4,2,2,-1,-1,-1,1,1,1,4,5,4,4
3111,402816,-1,-1,-1,-1,-1,-1,1,1,1,2,2,2,2
2019,400052,2,4,2,-1,-1,-1,1,1,1,6,6,6,6
950,302291,-1,-1,-1,-1,-1,-1,1,1,1,2,3,3,3
3970,404978,-1,-1,NA,-1,-1,NA,2,2,NA,99,4,NA,99
690,301666,1,4,NA,-1,-1,NA,5,3,NA,3,2,NA,2
3728,404369,-1,-1,-1,-1,-1,-1,5,3,3,4,4,5,4
4862,407222,2,2,2,-1,-1,-1,1,1,1,5,5,4,4
4809,407106,1,1,1,-1,-1,-1,1,1,1,4,2,4,3
206,300522,-1,-1,-1,-1,-1,-1,1,1,1,6,6,6,6
343,300859,-1,-1,-1,-1,-1,-1,1,1,1,99,99,99,99
4546,406454,-1,-1,-1,-1,-1,-1,1,1,1,4,2,1,4
3498,403788,-1,-1,-1,-1,-1,-1,1,1,1,6,99,99,6
4175,405474,-1,-1,-1,-1,-1,-1,1,1,1,5,99,4,5
25,300050,1,1,1,-1,-1,-1,6,1,1,7,7,6,6
3452,403678,-1,4,4,-1,-1,-6,6,3,3,99,5,5,4
2101,400271,2,2,4,-1,-1,-1,1,1,1,4,-9,4,4
2049,400131,1,1,NA,-1,-1,NA,2,2,NA,99,4,NA,4
4018,405084,2,2,2,-1,-1,-1,-2,4,3,6,7,7,6
3758,404455,-1,-1,-1,-1,-1,-1,6,6,6,99,5,5,99
2007,400016,1,1,1,-1,-1,-1,1,1,1,2,2,1,2
4401,406096,-1,-1,-1,-1,-1,-1,3,4,4,2,99,5,3
3992,405022,-1,-1,-1,-1,-1,-1,5,3,3,5,4,3,3
2826,402074,1,1,1,-1,-1,-1,1,1,1,2,1,2,2
4592,406586,-1,-1,-1,-1,-1,-1,2,5,2,99,1,1,3
2298,400755,4,4,4,-1,-1,-1,1,1,1,3,2,2,3
2563,401414,-1,-1,-1,-1,-1,-1,1,1,1,7,7,7,7
54,300124,-1,-1,-1,-1,-1,-6,1,1,1,6,6,6,6
4230,405631,-1,-1,-1,-1,-1,-1,1,1,1,6,6,6,6
1009,302452,2,4,NA,-1,-1,NA,1,1,NA,6,6,NA,5
3700,404301,1,1,NA,-1,-6,NA,5,3,NA,2,2,NA,2
940,302264,-1,-1,-1,-1,-1,-1,1,-9,3,4,5,5,4
2155,400399,-1,-1,NA,-1,-1,NA,5,3,NA,7,7,NA,6
4154,405428,5,4,4,-1,-1,-1,1,1,1,1,1,1,2
2622,401557,-1,-1,-1,-1,-1,-1,1,1,1,4,7,5,4
517,301283,-1,-1,-1,-1,-1,-1,1,1,1,7,6,6,7
588,301434,-1,-1,-1,-1,-1,-1,2,2,2,3,4,4,3
4881,407272,-1,-1,NA,-1,-6,NA,1,1,NA,4,4,NA,6
4472,406259,-1,-1,2,-1,-1,-6,1,1,1,5,4,3,3
5046,407698,-1,-1,NA,-1,-6,NA,1,1,NA,99,99,NA,99
4254,405677,-1,-1,-1,-1,-1,-1,2,2,2,99,2,4,3
2015,400041,1,1,2,-1,-1,-1,1,1,1,3,6,6,6
4768,406987,1,1,1,-1,-1,-1,1,1,1,2,2,2,2
866,302089,2,2,NA,-1,-6,NA,1,1,NA,7,6,NA,6
3777,404519,-1,-1,NA,-1,-7,NA,2,2,NA,99,4,NA,99
4828,407154,4,4,4,-1,-1,-6,5,3,3,5,4,4,3
242,300610,-1,-1,NA,-1,-6,NA,5,3,NA,2,2,NA,2
3074,402725,1,1,NA,-1,-1,NA,5,3,NA,2,2,NA,99
2661,401637,-1,-1,-1,-1,-1,-1,1,1,1,6,6,6,6
668,301618,2,2,2,-1,-1,-1,1,1,1,5,6,6,6
2027,400076,2,2,2,-1,-1,-1,1,1,1,6,6,6,6
39,300093,4,1,2,-1,-1,-1,5,3,3,4,99,99,4
5044,407696,-1,-1,-1,-1,-1,-1,1,1,1,6,6,6,6
412,301045,4,4,4,-1,-1,-1,1,1,1,99,5,7,99
1149,302806,-1,-1,NA,-1,-1,NA,1,1,NA,3,4,NA,3
2091,400245,-1,-1,-1,-1,-1,-1,3,4,4,7,7,7,7
3542,403911,-1,-1,-1,-1,-1,-1,1,1,1,6,6,6,6
5048,407703,1,1,1,-1,-1,-1,2,2,2,99,99,4,4
4227,405612,2,2,-1,-1,-1,-1,6,6,6,3,5,3,3
4282,405759,-1,-1,-1,-1,-1,-7,2,2,2,99,99,99,7
2682,401700,1,4,NA,-1,-1,NA,5,3,NA,4,4,NA,4
4878,407268,1,1,1,-1,-1,-1,3,4,4,4,4,3,3
3007,402565,-1,2,2,-1,-1,-1,3,4,4,6,5,5,5
4932,407412,-1,-1,-1,-1,-1,-1,1,1,1,5,99,6,4
2040,400109,1,4,1,-1,-1,-1,3,4,4,4,3,3,4
2187,400494,-1,2,2,-1,-1,-7,1,1,1,7,7,7,7
972,302369,-1,-1,NA,-1,-1,NA,1,1,NA,99,7,NA,99
3552,403931,1,1,1,-1,-1,-1,5,3,3,4,6,5,5
2429,401083,-1,-1,NA,-1,-6,NA,6,6,NA,4,3,NA,3
4380,406030,1,1,1,-1,-1,-1,5,1,3,2,4,3,3
45,300106,5,4,4,-1,-1,-1,1,6,1,4,6,4,5
4857,407211,2,2,2,-1,-1,-1,1,1,1,6,6,6,6
1047,302557,4,1,1,-1,-1,-1,2,2,2,4,3,4,4
4816,407123,-1,-1,-1,-1,-1,-1,1,1,1,6,6,7,6
4294,405789,5,4,1,-1,-1,-1,1,1,1,2,2,2,2
484,301201,-1,-1,-1,-1,-1,-1,1,1,1,99,6,6,99
685,301656,1,4,2,-1,-1,-1,1,1,1,5,99,4,4
571,301393,-1,-1,NA,-1,-1,NA,2,2,NA,2,3,NA,2
3352,403414,-1,-1,4,2,-1,-1,1,1,1,99,99,4,4
2629,401576,4,4,2,-1,-1,-1,1,6,1,7,7,6,7
4438,406181,-1,-1,NA,-1,-1,NA,1,1,NA,99,1,NA,99
4181,405495,-1,-1,-1,-1,-1,-1,1,1,1,2,2,2,3
3210,403053,-1,-1,-1,-1,-1,-1,1,1,1,3,4,4,4
3150,402897,-1,-1,NA,-1,-1,NA,1,1,NA,3,3,NA,3
4597,406600,4,-1,2,-1,2,-1,1,1,1,99,99,99,4
3813,404611,1,2,2,-1,-1,-1,1,1,1,99,6,7,4
3168,402947,4,4,1,-1,-1,-1,1,1,1,2,2,2,2
2630,401579,4,-1,NA,-1,-1,NA,1,1,NA,2,1,NA,2
2073,400194,-1,-1,-1,-1,-1,-1,1,1,1,2,4,3,3
399,301011,1,1,NA,-1,-1,NA,1,-9,NA,99,99,NA,99
2247,400630,-1,-1,-1,-1,-1,-1,1,1,1,6,6,4,6
3423,403599,-1,-1,NA,-1,-1,NA,2,2,NA,99,99,NA,99
2577,401439,2,2,2,-1,-1,-1,1,1,1,6,7,6,6
3711,404331,-1,-1,-1,-1,-1,-1,1,1,1,6,7,7,7
366,300916,-1,-1,-1,-1,-1,-1,1,1,1,99,6,6,99
3677,404248,1,1,1,-1,-1,-1,1,1,1,99,4,4,4
4487,406301,1,1,1,-1,-1,-1,5,3,3,-9,4,4,4
2520,401306,4,2,2,-1,-1,-1,1,1,1,4,6,6,5
4144,405404,-1,1,1,1,-1,-1,1,1,1,99,4,3,99
3792,404553,-1,1,4,-1,-1,-1,6,6,6,5,99,5,4
4704,406841,2,2,2,-1,-1,-1,1,1,1,6,6,5,6
3582,403991,1,1,NA,-1,-1,NA,1,1,NA,6,6,NA,6
3528,403877,1,1,1,-1,-1,-1,2,2,2,99,99,4,4
3681,404260,-1,-1,-1,-1,-1,-1,1,1,1,4,4,4,4
3390,403505,-1,-1,-1,-1,-1,-1,1,1,1,6,6,5,6
1136,302779,1,1,1,-1,-1,-1,5,3,3,2,1,1,1
2860,402174,-1,-1,-1,-1,-1,-6,1,1,1,3,7,4,2
633,301536,2,2,NA,-1,-1,NA,1,1,NA,7,5,NA,6
187,300458,1,1,1,-1,-1,-1,6,2,2,5,99,1,99
2477,401200,-1,-1,NA,-1,-6,NA,1,1,NA,4,4,NA,5
2228,400583,4,4,4,-1,-1,-1,1,1,1,6,6,6,6
3354,403418,2,2,NA,-1,-1,NA,1,1,NA,6,6,NA,6
4525,406384,4,1,1,-1,-1,-1,1,1,1,1,1,1,1
3329,403379,4,4,4,-1,-1,-1,1,1,1,5,4,5,4
3327,403374,-1,-1,-1,-1,-1,-1,1,1,1,3,6,6,5
3166,402941,2,2,NA,-1,-7,NA,1,1,NA,6,6,NA,6
3055,402680,1,1,4,-1,-1,-1,1,1,1,99,2,2,99
3689,404278,4,4,4,-1,-1,-1,1,1,1,2,3,5,3
4179,405484,2,2,2,-1,-1,-1,1,1,1,6,6,7,6
2202,400530,-1,-1,-1,-1,-1,-1,1,1,1,3,3,4,3
2939,402373,2,2,NA,-1,-1,NA,1,1,NA,6,6,NA,6
2780,401950,1,1,NA,-1,-1,NA,1,1,NA,3,3,NA,2
138,300303,-1,-1,-1,-1,-1,-1,1,1,1,99,2,3,99
3489,403762,1,4,4,-1,-1,-1,1,1,1,4,3,3,3
1,300001,2,2,2,-1,-1,-1,1,1,1,99,6,99,6
2506,401270,4,2,4,-1,-1,-1,1,1,1,5,6,6,6
5057,407716,-1,2,-1,1,-1,-1,1,1,1,7,6,6,6
2716,401798,-1,-1,-1,-1,-1,-6,1,1,1,6,7,6,6
79,300176,-1,4,4,-1,-1,-1,1,1,1,4,6,6,99
2484,401219,1,1,1,-1,-1,-1,1,1,1,1,2,1,2
4128,405360,1,1,1,-1,-1,-1,1,1,1,1,1,1,1
2733,401839,-1,-1,NA,-1,-1,NA,2,2,NA,99,99,NA,99
2751,401887,1,1,4,-1,-1,-1,1,1,1,2,2,3,2
2565,401417,1,1,NA,-1,-1,NA,1,1,NA,3,2,NA,3
4986,407562,4,4,4,-1,-1,-1,1,1,1,6,7,7,6
3195,403016,-1,-1,NA,-1,-1,NA,2,2,NA,99,99,NA,99
3295,403287,-1,-1,NA,-1,-1,NA,1,1,NA,7,7,NA,7
3839,404680,2,2,2,-1,-1,-6,1,1,1,6,7,6,6
3385,403499,4,-1,-1,-1,-1,-1,5,3,3,2,2,2,2
77,300172,-1,-1,-1,-1,-1,-1,1,1,1,4,6,6,6
3151,402899,-1,-1,-1,-1,-1,-1,1,1,1,4,2,4,5
2585,401461,-1,-1,NA,-1,-6,NA,1,1,NA,5,4,NA,6
2529,401335,-1,-1,1,-1,-1,-1,1,1,1,2,3,3,3
3320,403353,-1,-1,-1,-1,-1,-1,1,1,1,5,4,6,6
3107,402795,1,1,1,-1,-1,-1,1,5,1,4,3,3,3
3902,404819,1,-1,-1,-1,-1,-1,1,1,1,4,4,3,4
2546,401377,1,1,NA,-1,-1,NA,3,4,NA,2,2,NA,2
2952,402411,-1,-1,-1,-1,-1,-1,1,1,1,6,6,6,6
4656,406732,-1,-1,-1,-1,-1,-1,1,1,1,7,6,4,6
3003,402553,-1,-1,NA,-1,-1,NA,1,1,NA,2,2,NA,2
2838,402124,1,1,1,-1,-1,-1,1,1,1,99,99,99,4
3334,403385,-1,-1,1,-1,-1,-1,5,3,1,-9,99,3,4
3292,403283,2,2,NA,-1,-1,NA,1,1,NA,4,99,NA,4
2686,401709,1,1,NA,-1,-1,NA,1,1,NA,5,6,NA,5
4974,407539,-1,-1,-1,-1,-1,-1,1,5,1,3,5,4,4
2236,400600,-1,-1,-1,-1,-1,-1,-2,1,1,3,3,4,5
3086,402746,1,1,1,-1,-1,-1,1,1,1,2,2,2,2
753,301821,2,2,NA,-1,-1,NA,5,3,NA,4,6,NA,3
4545,406448,-1,-1,-1,-1,-1,-1,5,3,3,2,2,2,2
2071,400189,-1,2,NA,-1,-6,NA,6,3,NA,6,5,NA,6
3831,404662,-1,-1,-1,-1,-1,-1,1,1,1,3,3,4,3
3988,405013,-1,-1,-1,-1,-1,-1,1,1,1,5,5,4,4
717,301727,-1,-1,-1,-1,-1,-1,1,1,1,6,6,6,6
4446,406204,-1,-1,NA,-1,-1,NA,5,3,NA,99,99,NA,99
3206,403035,1,1,NA,-1,-1,NA,1,1,NA,2,2,NA,2
4682,406788,-1,-1,NA,-1,-1,NA,5,3,NA,99,5,NA,5
2428,401082,4,4,4,-1,-1,-1,1,1,-9,4,4,99,4
4572,406528,2,2,2,-1,-1,-1,1,1,1,6,99,4,4
2072,400191,-1,-1,NA,-1,-1,NA,1,1,NA,5,4,NA,5
2872,402206,-1,-1,-1,-1,-1,-1,5,3,3,99,4,99,4
4457,406235,2,2,2,-1,-1,-6,1,1,3,5,6,5,5
3130,402850,-1,-1,-1,-1,-1,-1,1,1,1,3,4,2,2
4143,405400,1,4,4,-1,-1,-1,1,1,1,4,4,2,2
4946,407451,1,2,2,-1,-1,-1,1,1,1,4,99,4,99
5005,407609,-1,-1,-1,-1,-1,-1,1,1,1,6,6,6,6
3809,404604,2,2,2,-1,-1,-1,1,1,1,5,6,5,6
435,301101,2,2,NA,-1,-1,NA,6,6,NA,7,6,NA,6
4516,406370,1,-1,NA,-1,-1,NA,1,1,NA,4,2,NA,2
698,301686,-1,-1,-1,-1,-1,-1,1,1,1,6,6,6,6
2188,400496,4,2,2,-1,-1,-1,1,1,1,3,6,6,5
4739,406930,1,1,1,-1,-1,-1,1,1,1,99,99,99,99
2969,402457,1,1,1,-1,-1,-1,1,1,1,-9,99,4,4
944,302269,1,1,1,-1,-1,-1,1,1,1,2,2,2,2
83,300181,-1,-1,NA,-1,-6,NA,1,1,NA,4,4,NA,99
3738,404399,4,1,NA,-1,-7,NA,1,1,NA,4,4,NA,4
2825,402069,2,2,NA,-1,-1,NA,1,1,NA,6,6,NA,99
952,302299,-1,-1,-1,-1,-1,-1,1,1,1,99,99,4,99
232,300583,1,1,1,-1,-1,-1,1,1,1,2,2,2,2
125,300267,-1,2,2,-1,-1,-1,1,1,1,6,6,6,6
865,302083,-1,-1,-1,-1,-1,-1,1,5,-9,6,4,5,5
2845,402146,-1,-1,-1,-1,-1,-1,1,1,1,1,4,2,2
2395,401010,-1,-1,-1,-1,-1,-1,2,2,2,99,99,4,99
5073,407762,4,4,NA,-1,-7,NA,3,4,NA,4,4,NA,4
3467,403709,-1,-1,-1,-1,-1,-1,1,1,1,99,99,99,99
3546,403919,-1,-1,-1,-1,-1,-1,6,1,1,99,99,6,99
4596,406596,-1,4,4,-1,-1,-1,1,1,1,4,3,3,4
3192,403006,4,4,4,-1,-1,-1,1,1,1,1,1,1,1
3272,403220,-1,-1,-1,-1,-1,-1,2,2,4,99,4,2,99
3240,403136,4,1,NA,-1,-1,NA,1,1,NA,3,2,NA,3
4724,406888,1,1,1,-1,-1,-1,1,1,1,2,2,2,2
3485,403752,-1,-1,-1,-1,-1,-1,2,2,2,2,3,3,3
1051,302564,-1,-1,NA,-1,-1,NA,1,1,NA,1,1,NA,1
2978,402496,2,2,2,-1,-1,-1,5,3,3,6,6,5,6
386,300973,-1,-1,-1,-1,-1,-1,2,2,2,4,99,4,99
3104,402788,1,1,NA,-1,-1,NA,2,2,NA,5,99,NA,4
3367,403457,1,4,4,-1,-1,-1,1,1,1,2,2,2,2
2959,402432,4,2,2,-1,-1,-1,5,3,3,6,6,6,6
212,300543,-1,-1,-1,-1,-1,-1,1,1,1,5,3,2,4
3401,403528,-1,-1,-1,-1,-1,-1,1,1,1,1,5,2,2
3379,403481,4,4,4,-1,-1,-1,1,1,1,2,1,2,1
4467,406252,-1,-1,NA,-1,-1,NA,1,1,NA,99,2,NA,3
3300,403298,-1,-1,-1,-1,-1,-1,1,1,1,5,4,4,4
3796,404562,-1,-1,-1,-1,-1,-1,1,6,1,5,5,6,5
1157,302830,-1,-1,-1,-1,-1,-1,5,3,3,4,6,4,2
4790,407042,-1,-1,-1,-1,-1,-1,1,1,1,1,1,2,1
5009,407617,2,2,NA,-1,-6,NA,1,1,NA,7,7,NA,7
2980,402508,4,1,NA,-1,-7,NA,1,1,NA,2,3,NA,2
3108,402796,2,2,2,-1,-1,-1,1,1,1,6,7,7,6
715,301721,-1,-1,-1,-1,-1,-1,1,2,1,6,6,6,99
904,302171,4,4,4,-1,-1,-1,-2,1,1,1,2,4,1
4822,407137,1,1,1,-1,-1,-1,5,3,3,99,5,99,99
2463,401163,4,2,NA,-1,-1,NA,1,1,NA,4,6,NA,99
3090,402758,4,4,4,-1,-1,-1,1,1,1,3,4,4,4
4349,405941,2,2,2,-1,-1,-1,1,1,1,6,7,6,6
4795,407071,-1,-1,NA,-1,-1,NA,1,1,NA,7,6,NA,7
3837,404671,-1,-1,-1,-1,-1,-1,1,1,1,5,5,6,4
2487,401227,1,1,1,-1,-1,-1,1,1,1,2,2,2,2
3360,403430,-1,-1,NA,-1,-6,NA,1,1,NA,4,5,NA,4
4218,405596,-1,2,-1,-1,-1,2,1,1,1,4,99,6,5
3584,403994,-1,-1,-1,-1,-1,-1,1,1,1,4,4,99,3
3342,403399,-1,-1,-1,-1,-1,-1,1,1,1,6,4,6,6
4157,405434,-1,-1,-1,-1,-1,-1,1,1,1,6,6,6,6
2251,400649,2,4,4,-1,-1,-1,5,3,3,6,6,6,6
3004,402560,-1,-1,-1,-1,-1,-1,1,1,1,7,6,6,7
4209,405576,1,1,1,-1,-1,-1,5,3,3,3,2,2,2
4306,405823,-1,-1,-1,-1,-1,-1,1,1,1,3,4,4,4
3392,403510,-1,-1,-1,-1,-1,-1,1,1,1,7,7,7,7
3169,402948,-1,-1,-1,-1,-1,-1,1,1,1,5,6,6,6
3555,403937,-1,1,1,-1,-1,-1,5,3,3,3,2,2,3
4905,407342,-1,-1,-1,-1,-1,-1,1,1,1,4,4,3,3
3922,404871,-1,-1,-1,-1,-1,-1,2,6,6,2,2,6,2
4641,406698,-1,-1,-1,-1,-1,-1,2,2,2,99,99,3,99
4614,406637,-1,-1,-1,-1,-1,-1,1,1,1,99,5,5,4
3435,403625,4,4,4,-1,-1,-1,5,3,3,4,4,5,4
3250,403164,1,1,1,-1,-1,-1,1,1,1,99,99,99,4
3233,403121,-1,-1,-1,-1,-1,-1,1,1,1,4,4,99,2
658,301601,-1,-1,-1,-1,-1,-1,6,2,2,4,4,4,4
3268,403214,-1,-1,NA,-1,-1,NA,1,1,NA,6,6,NA,6
4352,405958,-1,1,4,-1,-1,-1,1,1,1,3,4,4,3
4121,405341,-1,-1,-1,-1,-1,-1,3,1,1,3,2,2,3
4673,406768,-1,-1,-1,-1,-1,-1,1,1,1,7,7,6,6
2,300002,4,4,4,-1,-1,-1,1,6,6,5,4,5,5
282,300705,-1,-1,-1,-1,-1,-1,1,1,1,6,7,6,6
4274,405730,-1,-1,-1,-1,-1,-1,2,2,2,99,99,3,3
381,300953,-1,-1,-1,-1,-1,-1,2,2,2,99,3,5,99
611,301482,2,2,2,-1,-1,-1,6,1,1,6,7,7,6
2468,401178,-1,-1,-1,-1,-1,-1,1,1,1,7,7,7,6
2518,401303,2,2,4,-1,-1,-1,1,1,1,5,5,6,5
2897,402270,2,-1,NA,-1,-6,NA,1,1,NA,7,7,NA,6
1176,302874,-1,-1,NA,-1,-1,NA,1,1,NA,6,99,NA,6
754,301828,1,1,1,-1,-1,-6,1,1,1,1,1,1,1
556,301366,-1,-1,-1,-1,-1,-1,1,1,1,6,6,6,6
3351,403413,1,1,1,-1,-1,-1,1,1,1,3,4,3,3
3767,404482,2,2,NA,-1,-1,NA,2,2,NA,5,5,NA,5
828,301988,2,2,2,-1,-1,-1,1,1,1,99,4,7,4
4109,405313,-1,-1,NA,-1,-1,NA,2,2,NA,4,99,NA,4
2816,402050,2,2,1,-1,-1,-1,1,1,1,5,3,2,5
3124,402836,2,-1,NA,-1,-6,NA,1,1,NA,5,5,NA,3
2160,400406,-1,-1,NA,-1,-1,NA,1,1,NA,6,6,NA,5
4276,405735,1,1,1,-1,-1,-1,1,1,1,3,3,3,4
2873,402209,1,1,NA,-1,-1,NA,1,1,NA,3,4,NA,4
2921,402329,-1,-1,NA,-1,-1,NA,4,5,NA,99,99,NA,99
816,301968,-1,-1,-1,-1,-1,-1,2,2,2,7,6,6,6
2829,402098,2,2,2,-1,-1,-1,1,1,1,4,5,6,4
4338,405911,2,1,1,-1,-1,-1,1,1,1,2,2,2,2
895,302148,4,1,1,-1,-1,-1,1,1,1,3,2,2,3
414,301049,2,1,NA,-1,-1,NA,1,1,NA,99,99,NA,99
4872,407245,-1,4,NA,1,-1,NA,5,3,NA,99,99,NA,4
3145,402880,-1,-1,-1,-1,-1,-1,1,1,1,4,6,6,5
4224,405607,-1,-1,-1,-1,-1,-1,1,1,1,5,5,5,4
2068,400185,2,2,2,-1,-1,-1,1,1,1,5,6,5,6
553,301356,1,1,NA,-1,-6,NA,2,3,NA,4,3,NA,4
3630,404105,1,1,1,-1,-1,-1,1,1,1,99,99,99,99
2638,401587,4,4,4,-1,-1,-1,1,1,1,5,5,5,5
3129,402849,4,2,2,-1,-1,-1,1,1,1,4,4,99,4
1062,302585,1,1,1,-1,-1,-1,5,3,3,3,2,4,4
473,301173,-1,-1,NA,-1,-6,NA,1,1,NA,99,6,NA,99
2221,400565,-1,-1,-1,-1,-1,-1,5,3,3,5,3,4,5
4978,407547,-1,-1,-1,-1,-1,-1,1,1,1,6,6,6,6
4177,405478,1,1,NA,-1,-6,NA,5,3,NA,2,2,NA,4
787,301897,-1,-1,NA,-1,-1,NA,1,1,NA,4,3,NA,4
2587,401464,-1,-1,NA,-1,-6,NA,1,1,NA,4,3,NA,4
2839,402134,-1,-1,-1,-1,-1,-1,1,1,1,4,4,99,99
4824,407141,-1,-1,-1,-1,-1,-1,1,1,1,2,3,3,1
3174,402958,-1,-1,-1,-1,-1,-1,1,1,1,3,99,3,99
2449,401134,2,2,2,-1,-1,-1,1,1,1,5,7,5,6
1031,302506,2,2,2,-1,-1,-1,1,1,1,5,6,6,5
478,301189,2,2,2,-1,-1,-1,1,1,1,5,4,6,5
2673,401675,4,4,4,-1,-1,-1,1,1,1,-9,99,5,99
1140,302786,2,2,4,-1,-1,-1,1,1,1,6,4,3,6
4220,405599,1,1,NA,-1,-6,NA,1,1,NA,2,2,NA,2
2786,401973,1,1,1,-1,-1,-1,5,3,3,3,4,5,3
1030,302501,-8,-1,NA,-1,-1,NA,5,3,NA,99,99,NA,99
121,300256,1,2,2,-1,-1,-1,1,1,1,99,4,4,3
2738,401854,4,4,4,-1,-1,-1,1,1,1,99,99,99,99
2495,401244,1,1,1,-1,-1,-1,5,3,3,3,5,4,4
821,301977,1,1,1,-1,-1,-1,6,6,6,2,2,3,2
3058,402684,2,2,2,-1,-1,-1,1,1,1,6,7,6,6
2740,401858,1,1,NA,-1,-7,NA,2,2,NA,1,1,NA,2
4627,406660,1,1,1,-1,-1,-1,1,1,1,99,4,99,4
598,301457,1,1,NA,-1,-1,NA,1,4,NA,2,99,NA,2
2472,401185,4,4,NA,-1,-1,NA,1,6,NA,99,7,NA,6
2112,400290,1,4,NA,-1,-1,NA,2,2,NA,99,4,NA,5
4313,405840,2,2,2,-1,-1,-1,5,3,3,5,5,5,4
5036,407677,2,2,2,-1,-1,-1,1,1,1,6,6,6,5
3553,403935,4,2,1,-1,-1,-1,1,1,1,4,4,3,4
3117,402823,-1,-1,-1,-1,-1,-1,1,1,1,4,5,5,3
192,300475,-1,-1,-1,-1,-1,-1,1,1,1,6,6,5,6
114,300245,-1,-1,-1,-1,-1,-1,5,3,3,99,99,4,99
4686,406799,-1,-1,-1,-1,-1,-1,1,1,1,2,2,2,2
1134,302771,-1,-1,-1,-1,-1,-1,1,5,1,5,3,99,5
2637,401586,-1,-1,-1,-1,-1,-1,1,1,1,5,5,5,5
4530,406394,-1,-1,-1,-1,-1,-1,1,1,1,99,99,4,99
4203,405557,-1,-1,2,-1,2,-6,1,1,1,99,4,6,99
4979,407548,-1,-1,-1,-1,-1,-1,1,1,1,99,99,99,4
4513,406361,1,1,1,-1,-1,-1,1,1,1,2,2,2,2
341,300855,-1,-1,-1,-1,-1,-1,5,3,3,4,4,4,4
4906,407352,4,1,NA,-1,-1,NA,1,1,NA,2,1,NA,1
4217,405593,-1,1,-1,1,-1,-1,1,1,1,99,4,4,99
2527,401330,-1,-1,-1,-1,-1,-1,2,2,2,2,2,3,2
2557,401397,-1,-1,-1,-1,-1,-1,1,1,1,4,99,99,4
2666,401649,-1,-1,-1,-1,-1,-1,1,1,-9,4,6,4,5
4536,406412,-1,-1,-1,-1,-1,-1,2,2,2,1,3,4,2
4821,407136,-1,-1,-1,-1,-1,-1,2,2,2,2,4,2,3
3264,403195,-1,-1,NA,-1,-1,NA,5,3,NA,3,2,NA,3
474,301176,-1,-1,-1,-1,-1,-1,1,1,1,6,6,6,6
810,301955,2,2,2,-1,-1,-1,1,1,1,6,6,6,6
2284,400719,-1,-1,-1,-1,-1,-1,1,1,1,1,4,3,1
3982,404998,1,1,1,-1,-1,-1,2,2,2,4,2,2,99
4927,407399,-1,-1,NA,-1,-7,NA,1,2,NA,4,3,NA,4
2759,401910,-1,-1,-1,2,-1,-1,1,1,1,99,99,99,99
3841,404692,-1,-1,-1,-1,-1,-1,6,6,6,4,4,4,3
822,301980,-1,-1,-1,-1,-1,-1,1,1,1,5,6,3,6
3376,403476,-1,1,-1,1,-1,-1,3,6,4,2,2,3,99
2319,400809,1,1,1,-1,-1,-1,2,2,2,3,99,99,99
4252,405674,-1,-1,-1,-1,-1,-1,2,2,2,99,99,99,99
2132,400347,-1,-1,NA,-1,-7,NA,5,3,NA,2,3,NA,2
2628,401574,2,2,2,-1,-1,-1,1,1,1,99,7,6,6
3184,402979,-1,-1,-1,-1,-1,-1,1,1,1,2,2,2,2
4076,405216,2,2,4,-1,-1,-1,1,1,1,5,5,4,5
3257,403176,2,2,2,-1,-1,-1,1,-9,1,6,6,6,6
3047,402657,-1,-1,-1,-1,-1,-1,1,1,1,99,6,5,5
4058,405184,4,1,1,-1,-1,-1,1,1,1,3,3,4,2
327,300808,2,2,NA,-1,-6,NA,5,3,NA,7,7,NA,7
2758,401909,-1,5,1,1,-1,-1,1,1,1,3,4,5,4
3031,402623,-1,-1,-1,-1,-1,-1,1,1,1,5,99,6,4
3998,405032,2,2,2,-1,-1,-1,1,1,1,5,6,5,5
4703,406840,1,1,1,-1,-1,-1,1,1,1,99,4,4,4
3731,404378,-1,-1,NA,-1,-1,NA,1,1,NA,4,5,NA,5
459,301148,-1,-1,-1,-1,-1,-1,1,1,1,-9,99,99,99
2603,401511,-1,-1,-1,-1,-1,-6,1,1,1,4,2,2,6
3273,403221,1,1,1,-1,-1,-1,1,1,1,1,2,1,2
570,301391,1,1,1,-1,-1,-1,5,3,3,4,4,99,4
2096,400259,-1,-1,NA,-1,-1,NA,1,1,NA,99,4,NA,99
4005,405052,1,1,NA,-1,-1,NA,2,2,NA,99,99,NA,2
705,301702,-1,-1,NA,-1,-6,NA,1,1,NA,99,99,NA,99
3534,403889,-1,-1,-1,-1,-1,-1,5,3,3,3,3,2,4
899,302161,2,2,NA,-1,-6,NA,1,1,NA,5,7,NA,6
2651,401610,1,1,1,-1,-1,-1,2,2,2,2,3,2,2
2727,401829,2,4,2,-1,-1,-1,6,6,5,5,6,5,6
3369,403459,2,2,2,-1,-1,-7,1,1,1,6,4,7,4
2030,400089,4,4,4,-1,-1,-1,1,1,1,5,4,5,5
817,301969,2,2,NA,-1,-6,NA,1,1,NA,5,6,NA,5
2979,402497,-1,-1,NA,-1,-1,NA,1,1,NA,1,1,NA,1
288,300721,-1,-1,-1,-1,-1,-6,5,3,3,99,99,7,6
2657,401625,-1,-1,NA,-1,-1,NA,1,1,NA,6,6,NA,6
4539,406421,4,4,4,-1,-1,-6,1,1,1,6,6,6,6
4231,405633,-1,-1,-1,-1,-1,-1,1,1,1,4,3,3,4
2707,401773,1,1,-1,-1,-1,-1,1,1,1,1,1,2,1
923,302219,1,1,1,-1,-1,-1,1,1,1,2,2,2,2
550,301353,4,4,4,-1,-1,-1,3,4,4,4,4,4,4
4242,405654,-1,-1,-1,-1,-1,-1,1,1,1,5,6,6,5
4615,406638,2,2,2,-1,-1,-1,1,1,1,6,6,6,6
4350,405952,1,1,1,-1,-1,-1,1,1,1,6,6,6,5
245,300614,-1,-1,-1,-1,-1,-1,1,1,1,5,5,5,5
2597,401486,1,4,4,-1,-1,-1,1,1,1,1,1,1,1
4585,406554,5,4,NA,-1,-1,NA,1,1,NA,2,2,NA,2
55,300131,-1,-1,-1,-1,-1,-1,1,1,1,2,2,3,2
2836,402118,1,1,1,-1,-1,-1,1,1,1,3,2,2,2
3713,404336,-1,-1,2,2,2,-1,1,1,1,5,6,4,6
3821,404633,2,1,2,-1,-1,-1,1,1,1,5,6,7,99
2041,400112,4,4,4,-1,-1,-1,1,1,1,4,4,4,4
3806,404597,-1,-1,NA,-1,-6,NA,1,1,NA,7,7,NA,7
5006,407610,-1,-1,NA,-1,-1,NA,1,1,NA,6,99,NA,4
512,301276,-1,-1,-1,-1,-1,-1,5,3,3,4,4,5,99
2443,401117,-1,2,NA,2,-6,NA,1,1,NA,4,5,NA,99
2137,400355,-1,1,-1,-1,-1,-6,1,1,1,3,3,3,3
4491,406307,-1,-1,-1,-1,-1,-1,5,3,3,3,2,2,3
898,302155,1,1,NA,-1,-1,NA,1,1,NA,2,2,NA,2
4188,405523,4,4,4,-1,-1,-1,1,1,1,4,5,6,99
1015,302465,1,1,1,-1,-1,-1,1,1,1,4,4,3,4
2745,401867,-1,2,2,-1,-1,-1,1,1,1,5,5,5,5
2924,402334,2,2,2,-1,-1,-1,1,1,1,6,7,6,7
194,300482,1,1,1,-1,-1,-1,1,1,1,2,1,1,2
3721,404354,1,1,1,-1,-1,-1,2,2,2,2,4,4,4
691,301669,1,2,NA,-1,-1,NA,6,6,NA,4,4,NA,99
832,301999,1,1,1,-1,-1,-6,1,1,1,4,5,6,99
3634,404112,-1,-1,-1,-1,-1,-1,5,3,3,6,99,99,99
852,302052,1,2,2,-1,-1,-1,1,1,1,5,4,6,5
4328,405886,4,2,NA,-1,-1,NA,1,1,NA,3,3,NA,5
131,300279,-1,-1,NA,-1,-6,NA,1,1,NA,99,3,NA,4
2777,401943,2,2,2,-1,-1,-1,1,1,1,5,6,6,6
1001,302434,-1,-1,-1,-1,-1,-1,1,1,1,3,2,2,3
4814,407119,-1,-1,-1,-1,-1,-1,1,1,1,6,5,4,6
838,302019,-1,-1,-1,-1,-1,-1,1,1,1,6,5,2,5
119,300254,-1,1,1,-1,-1,-1,1,1,1,99,99,7,99
4731,406909,4,1,4,-1,-1,-1,1,1,1,3,3,3,4
4657,406734,-1,-1,-1,-1,-1,-1,1,1,1,99,3,99,99
538,301325,-1,-1,-1,-1,-1,-1,1,1,1,4,4,4,4
4619,406645,1,2,NA,-1,-1,NA,1,1,NA,4,6,NA,5
3506,403820,2,2,2,-1,-1,-1,5,3,3,7,6,99,6
1161,302841,-1,-1,NA,-1,-1,NA,6,1,NA,3,6,NA,4
3394,403512,1,4,1,-1,-1,-1,6,1,1,2,3,3,2
780,301883,-1,-1,4,-1,-1,-1,1,1,1,6,6,4,6
3405,403540,1,1,1,-1,-1,-1,1,1,1,99,99,4,99
2632,401581,-1,-1,NA,4,-7,NA,1,1,NA,99,99,NA,4
4311,405832,2,2,NA,-1,-6,NA,6,1,NA,6,6,NA,5
5070,407748,4,4,NA,-1,-1,NA,1,1,NA,99,6,NA,99
2818,402058,-1,-1,-1,-1,-1,-1,2,2,2,99,3,2,4
2607,401516,1,2,NA,-1,-1,NA,1,1,NA,99,4,NA,99
2662,401639,-1,-1,-1,-1,-1,-1,1,1,1,6,6,6,6
577,301410,1,1,1,-1,-1,-1,1,1,1,3,3,4,4
3399,403523,-1,-1,-1,-1,-1,-1,1,1,1,3,4,5,99
3556,403938,-1,-1,-1,-1,-1,-1,1,1,1,2,1,1,2
3805,404596,1,1,1,-1,-1,-1,3,4,4,2,1,1,2
5049,407704,2,2,NA,-1,-1,NA,1,1,NA,7,6,NA,6
2077,400204,2,2,2,-1,-1,-1,1,1,1,5,7,7,6
3712,404334,1,1,4,-1,-1,-1,2,2,2,99,1,3,1
462,301155,-1,-1,NA,-1,-1,NA,5,3,NA,7,4,NA,6
59,300140,1,1,1,-1,-1,-1,1,1,1,2,2,3,2
5021,407647,2,2,NA,-1,-1,NA,1,1,NA,6,6,NA,6
5034,407670,1,1,1,-1,-1,-1,1,1,1,1,1,1,1
4136,405385,-1,-1,-1,-1,-1,-1,6,6,6,2,2,1,99
226,300571,-1,-1,-1,-1,-1,-1,1,1,1,6,6,6,6
3636,404121,2,-1,NA,-1,-6,NA,1,3,NA,6,7,NA,4
936,302253,5,4,4,-1,-1,-1,5,3,3,4,4,4,4
134,300284,-1,-1,NA,-1,-6,NA,1,1,NA,4,6,NA,6
3207,403036,-1,-1,NA,-1,-1,NA,1,1,NA,3,3,NA,3
2328,400841,4,4,-1,-1,-1,-1,1,1,1,6,6,6,6
2911,402310,-1,-1,NA,-1,-1,NA,1,1,NA,99,3,NA,3
789,301904,4,4,4,-1,-1,-1,3,4,4,5,6,6,5
2608,401520,-1,-1,-1,-1,-1,-1,1,6,1,4,6,6,5
3588,404004,-1,-1,NA,-1,-1,NA,2,2,NA,4,6,NA,99
3581,403990,-1,-1,-1,-1,-1,-1,1,1,1,5,5,5,99
793,301914,-1,-1,-1,-1,-1,-1,1,1,1,6,6,6,6
915,302197,-1,-1,-1,-1,-1,-1,1,1,1,99,99,99,4
4164,405459,-1,-1,NA,-1,-6,NA,1,1,NA,6,6,NA,6
3056,402681,1,1,1,-1,-1,-1,1,1,1,2,2,2,2
4505,406346,-1,-1,-1,-1,-1,-1,1,1,1,5,6,6,6
4678,406780,4,4,4,-1,-1,-1,1,1,1,3,3,5,3
4241,405651,2,2,2,-1,-1,-1,1,1,1,6,6,6,6
4097,405287,2,2,2,-1,-1,-1,1,1,1,5,4,3,5
3592,404016,-1,-1,-1,-1,-1,-1,1,1,1,99,5,3,99
3862,404741,-1,-1,-1,-1,-1,-1,6,6,6,3,2,2,4
3424,403600,-1,-1,NA,-1,-1,NA,1,1,NA,99,2,NA,2
4470,406257,1,1,NA,-1,-1,NA,2,2,NA,99,4,NA,4
428,301086,-1,-1,-1,-1,-1,-1,1,1,1,6,6,6,6
2960,402434,-1,-1,-1,-1,-1,-1,2,2,2,99,99,4,99
2556,401393,4,2,2,-1,-1,-1,5,3,3,4,4,6,99
578,301411,2,2,2,-1,-1,-1,3,4,4,5,99,1,99
321,300792,2,1,1,-1,-1,-1,1,1,1,4,4,4,2
823,301981,4,4,1,-1,-1,-1,1,1,1,4,4,4,4
4273,405728,2,2,NA,-1,-1,NA,1,1,NA,5,6,NA,5
4489,406305,-1,-1,-1,-1,-1,-1,1,1,1,5,6,6,6
907,302178,-1,-1,-1,-1,-1,-6,5,3,3,99,4,99,99
4748,406950,1,1,1,-1,-1,-1,1,1,1,2,2,2,2
103,300227,-1,-1,NA,-1,-1,NA,1,1,NA,5,5,NA,4
253,300633,1,1,1,-1,-1,-1,5,3,3,4,3,4,5
223,300565,2,2,NA,-1,-1,NA,1,1,NA,4,3,NA,5
2107,400281,-1,-1,-1,-1,-1,-1,6,5,1,5,5,5,5
5018,407642,-1,-1,NA,-1,-1,NA,5,3,NA,99,3,NA,4
4987,407563,-1,-1,-1,-1,-1,-1,1,1,1,2,4,2,3
734,301779,4,4,4,-1,-1,-1,1,1,1,4,4,5,4
2990,402525,1,-1,-1,-1,-1,-1,1,1,1,2,2,1,2
3157,402907,2,2,4,-1,-1,-1,1,1,1,2,6,6,3
3609,404051,-1,-1,-1,-1,-1,-1,1,1,1,5,5,5,5
4374,406013,-1,-1,-1,-1,-1,-1,1,1,1,2,2,3,2
1109,302717,2,2,2,-1,-1,-1,1,-9,1,6,6,6,6
1054,302569,4,4,4,-1,-1,-1,6,6,6,1,1,4,1
2967,402455,1,1,1,-1,-1,-1,1,1,1,1,2,2,2
318,300785,2,2,2,-1,-1,-1,5,3,3,7,6,6,7
4829,407155,1,1,1,-1,-1,-1,2,2,2,1,1,3,1
2674,401678,-1,-1,NA,-1,-6,NA,1,1,NA,99,3,NA,1
3119,402828,1,4,4,-1,-1,-1,1,1,1,2,2,3,3
4994,407580,2,-1,-1,-1,-1,-1,1,1,1,6,7,7,6
3450,403672,2,4,NA,-1,-1,NA,1,1,NA,4,6,NA,99
3832,404663,2,-1,-1,-1,-1,-1,1,1,1,99,6,6,4
3492,403772,-1,-1,-1,-1,-1,-1,1,1,1,99,99,99,99
2351,400914,-1,-1,-1,-1,-1,-1,1,1,1,4,99,99,99
3311,403324,1,1,1,-1,-1,-1,2,2,2,4,4,5,99
3705,404321,1,1,-1,-1,-1,-1,1,1,1,1,1,1,1
3054,402679,-1,4,4,-1,-1,-1,1,1,1,5,5,4,5
2238,400604,4,4,NA,-1,-1,NA,5,3,NA,6,5,NA,6
3596,404025,-1,-1,-1,-1,-1,-1,2,-9,-9,1,4,1,1
481,301194,1,1,2,-1,-1,-1,5,3,3,4,4,99,4
443,301119,1,1,1,-1,-1,-1,5,3,3,3,2,2,3
2042,400113,2,2,4,-1,-1,-1,1,1,1,99,6,4,4
2993,402530,-1,-1,-1,-1,-1,-1,1,1,1,5,6,6,5
4940,407436,-1,-1,-1,-1,-1,-6,1,1,1,6,6,99,6
364,300911,1,1,1,-1,-1,-1,1,1,1,1,1,2,1
4003,405046,-1,-1,-1,-1,-1,-1,2,2,2,4,3,1,1
966,302347,4,-1,-1,-1,-1,-1,1,1,1,7,6,6,6
2573,401435,2,2,2,-1,-1,-1,1,1,1,7,6,7,6
3491,403768,4,4,4,-1,-1,-1,1,1,1,99,4,5,99
1004,302445,-1,-1,-1,-1,-1,-1,1,1,1,6,6,6,6
2062,400174,1,1,-1,-1,-1,-1,1,1,1,3,2,2,3
654,301590,-1,1,1,-1,-1,-1,1,1,1,99,4,99,4
2359,400931,-1,-1,-1,-1,-1,-1,1,1,1,6,6,6,6
3460,403693,2,2,2,-1,-1,-1,1,1,1,4,4,4,99
3716,404339,-1,-1,-1,-1,-1,-1,1,1,1,99,99,4,99
3969,404977,-1,-1,-1,-1,-1,-1,3,4,4,3,99,4,4
260,300644,-1,-1,NA,-1,-1,NA,5,3,NA,99,6,NA,99
2412,401048,2,2,2,-1,-1,-1,1,1,1,99,6,4,6
4875,407255,4,1,-1,-1,-1,-6,1,1,1,2,4,4,2
2822,402066,1,1,NA,-1,-1,NA,-2,1,NA,3,3,NA,99
4896,407317,-1,-1,-1,-1,-1,-1,1,1,6,2,1,2,2
4253,405676,-1,-1,-1,-1,-1,-1,1,1,1,6,5,6,5
712,301712,1,1,1,-1,-1,-1,1,1,1,3,2,2,3
4150,405420,1,1,1,-1,-1,-1,1,1,1,2,2,2,2
4451,406221,-1,-1,-1,-1,-1,-1,1,1,1,5,4,5,4
3845,404710,-1,-1,-1,-1,-1,-1,1,3,1,6,6,7,6
2528,401331,-1,-1,-1,-1,-1,-1,1,1,1,4,6,2,6
2869,402200,-1,-1,-1,-1,-1,-6,1,1,1,4,99,3,4
4587,406563,1,1,1,-1,-1,-1,1,1,1,4,4,4,5
3236,403125,2,2,2,-1,-1,-1,1,1,1,6,2,6,6
2613,401531,1,1,4,-1,-1,-1,2,2,2,99,3,5,2
3205,403034,4,-1,4,-1,1,-1,5,3,3,2,4,99,4
3709,404327,2,1,1,-1,-1,-1,1,1,1,4,2,2,3
2214,400551,1,1,1,-1,-1,-1,2,2,2,2,4,2,2
2801,402016,-1,-1,-1,-1,-1,-1,1,1,1,5,6,5,6
4243,405655,2,2,2,-1,-1,-1,1,1,1,6,7,6,6
3194,403013,2,2,2,-1,-1,-1,1,1,1,6,6,1,99
3253,403172,-1,-1,-1,-1,-1,-1,1,1,1,2,3,4,3
2393,401007,-1,1,NA,-1,-1,NA,1,1,NA,99,4,NA,4
2081,400223,2,-1,NA,-1,-1,NA,5,3,NA,5,5,NA,99
3911,404848,-1,-1,NA,-1,-1,NA,2,2,NA,4,4,NA,4
2936,402367,-1,-1,-1,-1,-1,-1,3,4,4,6,6,5,6
2841,402137,-1,-1,-1,-1,-1,-1,6,6,6,4,2,2,2
688,301663,-1,-1,NA,-1,-6,NA,1,1,NA,4,99,NA,4
4559,406490,4,4,NA,-1,-1,NA,1,1,NA,5,99,NA,5
4590,406576,2,-1,NA,-1,-6,NA,1,1,NA,4,6,NA,6
2502,401260,-1,-1,-1,-1,-1,-1,2,2,2,4,99,99,4
2288,400733,-1,-1,-1,-1,-1,-1,1,1,1,99,4,6,4
4400,406094,4,4,2,-1,-1,-1,1,6,1,6,5,5,6
2109,400283,-1,-1,NA,-1,-1,NA,5,3,NA,99,6,NA,5
2123,400320,2,2,2,-1,-1,-1,1,1,1,4,5,3,4
855,302058,-1,-1,NA,-1,-1,NA,1,1,NA,99,1,NA,99
238,300601,-1,-1,NA,-1,-1,NA,1,1,NA,6,7,NA,99
2315,400796,2,2,NA,-1,-1,NA,1,1,NA,6,6,NA,6
316,300780,2,2,2,-1,-1,-1,5,3,3,6,6,6,6
4017,405082,-1,-1,-1,-1,-1,-1,1,1,1,6,6,6,6
4721,406882,4,2,2,-1,-1,-1,5,3,3,99,99,99,99
3280,403241,2,2,2,-1,-1,-1,1,1,1,5,6,6,6
4371,406002,-1,-1,-1,-1,-1,-1,1,1,1,5,6,6,6
5054,407709,-1,-1,NA,-1,-1,NA,1,1,NA,6,6,NA,6
4419,406136,-1,1,NA,-1,-1,NA,1,1,NA,99,4,NA,99
38,300092,2,2,NA,-1,-6,NA,1,1,NA,4,6,NA,3
4966,407522,4,4,4,-1,-1,-1,1,1,1,99,99,4,4
2293,400740,1,1,1,-1,-1,-1,1,6,1,2,1,1,2
4302,405805,-1,1,NA,-1,-1,NA,2,3,NA,3,2,NA,3
3785,404533,-1,-1,-1,-1,-1,-1,6,5,6,7,7,7,7
3402,403535,4,-1,4,-1,-1,-1,1,1,1,6,6,6,99
3139,402871,1,1,1,-1,-1,-1,1,1,1,3,2,2,2
617,301496,2,2,4,-1,-1,-1,1,1,1,7,6,6,6
4480,406275,-1,-1,-1,-1,-1,-1,1,1,1,5,7,7,6
3889,404795,1,1,1,-1,-1,-1,5,3,3,99,99,5,5
2110,400285,-1,1,1,1,-1,-1,1,1,1,2,3,3,3
4393,406070,1,1,1,-1,-1,-1,1,1,1,1,2,2,1
719,301734,2,2,NA,-1,-6,NA,1,1,NA,4,4,NA,4
3799,404574,1,1,1,-1,-1,-1,2,2,2,2,2,2,2
326,300807,-1,-1,-1,-1,-1,-1,1,1,1,6,6,6,6
662,301607,-1,-1,-1,-1,-1,-1,5,3,3,7,4,6,1
261,300655,-1,-1,NA,-1,-1,NA,1,1,NA,2,2,NA,2
574,301402,-1,-1,-1,-1,-1,-1,2,2,2,1,3,4,2
3693,404285,-1,-1,NA,-1,-1,NA,1,1,NA,3,2,NA,2
4199,405542,-1,-1,-1,-1,-1,-1,1,1,1,2,2,3,2
5069,407744,-1,-1,-1,-1,-1,-1,1,1,1,3,3,5,3
4519,406375,-1,-1,-1,-1,-1,-1,2,-9,2,99,99,99,99
21,300045,1,2,NA,-1,-6,NA,1,1,NA,5,6,NA,5
983,302392,-1,2,2,-1,-1,-1,1,1,1,4,99,5,4
4407,406108,-1,-1,-1,-1,-1,-1,1,1,1,2,3,2,2
3827,404646,4,4,4,-1,-1,-1,1,1,1,5,6,5,5
146,300326,-1,-1,-1,-1,-1,-1,1,1,1,2,2,6,2
2588,401468,1,2,2,-1,-1,-1,1,1,1,4,6,4,4
4079,405225,2,2,2,-1,-1,-1,1,1,1,5,6,6,6
4844,407188,4,4,NA,-1,-1,NA,1,1,NA,5,4,NA,99
4369,405998,-1,-1,-1,-1,-1,-1,2,2,2,1,1,4,2
2140,400362,-1,1,NA,-1,-1,NA,1,1,NA,1,1,NA,1
3153,402902,1,1,1,-1,-1,-1,5,3,3,3,4,4,4
2169,400439,-1,-1,-1,-1,-1,-1,1,1,1,7,7,7,6
4983,407558,-1,-1,-1,-1,-1,-1,1,1,1,5,4,4,4
4370,406001,1,1,1,-1,-1,-1,5,3,3,5,3,3,3
3020,402594,-1,-1,-1,-1,-1,-1,5,3,3,3,4,3,4
4898,407321,-1,-1,-1,-1,-1,-1,1,1,1,99,5,99,5
2700,401756,-1,-1,-1,-1,-1,-1,1,1,1,6,6,6,6
4319,405863,-1,-1,-1,-1,-1,-1,1,1,1,4,3,3,2
4031,405116,-1,-1,-1,-1,-1,-1,1,1,1,7,7,6,6
2592,401476,-1,-1,-1,-1,-1,-1,1,1,1,6,99,6,7
2994,402531,-1,-1,NA,-1,-1,NA,1,1,NA,3,3,NA,3
4893,407308,-1,-1,-1,-1,-1,-1,1,1,1,2,3,4,2
2715,401797,-1,-1,-1,-1,-1,-1,1,1,1,6,6,6,6
4670,406763,-1,-1,NA,-1,-1,NA,1,1,NA,6,6,NA,4
2920,402327,1,4,4,-1,-1,-1,1,1,1,3,4,4,3
4343,405925,-1,4,4,-1,-1,-6,6,1,1,1,99,2,2
4583,406552,4,2,2,-1,-1,-1,1,1,1,5,5,5,4
1058,302580,1,1,NA,-1,-1,NA,-2,1,NA,3,1,NA,3
2291,400738,-1,-1,NA,-1,-1,NA,1,1,NA,6,99,NA,2
673,301631,-1,1,2,1,-1,-1,3,4,4,2,4,6,4
3065,402696,-1,-1,-1,-1,-1,-1,1,1,1,99,5,5,5
2196,400505,-1,-1,NA,-1,-1,NA,1,1,NA,1,1,NA,1
783,301893,-1,-1,-1,-1,-1,-1,1,1,1,1,2,2,2
28,300056,-1,-1,NA,-1,-1,NA,1,1,NA,99,4,NA,4
3855,404728,1,1,1,-1,-1,-6,1,1,1,5,3,3,5
422,301068,-1,-1,-1,-1,-1,-1,1,1,1,2,3,4,99
4367,405990,-1,-1,-1,-1,-1,-1,1,1,1,99,99,99,2
1048,302558,-1,-1,NA,-1,-6,NA,1,1,NA,4,4,NA,4
3010,402570,-1,-1,NA,-1,-6,NA,1,1,NA,99,99,NA,99
4011,405066,2,2,2,-1,-1,-1,1,1,1,5,6,6,6
3479,403744,-1,-1,-1,-1,-1,-1,1,1,1,2,2,2,2
4197,405538,1,1,-1,-1,-1,-1,6,2,3,2,2,2,2
4529,406393,4,2,2,-1,-1,-1,1,3,1,5,5,4,5
2956,402428,4,1,1,-1,-1,-1,1,1,1,2,3,3,3
4669,406759,-1,-1,-1,-1,-1,-1,1,1,1,6,5,99,6
2547,401379,-1,-1,-1,-1,-1,-1,1,5,1,2,3,4,2
4064,405192,2,4,4,-1,-1,-1,1,1,1,99,99,99,99
4288,405780,2,-1,4,-1,-1,-1,1,1,1,99,4,6,4
1033,302513,4,2,4,-1,-1,-1,1,1,1,4,6,6,4
4661,406743,-1,-1,NA,-1,-1,NA,1,1,NA,4,4,NA,4
3076,402727,2,1,NA,-1,-1,NA,1,1,NA,1,2,NA,2
4570,406526,-1,-1,-1,-1,-1,-1,1,1,1,99,99,99,99
4145,405413,-1,-1,NA,-1,-1,NA,6,6,NA,99,99,NA,99
2117,400306,2,2,2,-1,-1,-1,1,1,1,6,6,5,6
4901,407328,1,1,1,-1,-1,-1,3,4,4,99,4,6,99
747,301805,1,1,1,-1,-1,-1,1,1,1,1,1,2,2
1002,302435,1,1,4,-1,-1,-1,1,1,1,2,4,4,2
3138,402870,2,2,4,-1,-1,-1,1,1,1,6,5,5,7
2181,400466,-1,-1,-1,-1,-1,-1,1,1,1,2,2,3,2
3734,404383,1,1,NA,-1,-1,NA,1,1,NA,1,1,NA,2
4889,407292,-1,-1,-1,-1,-1,-1,1,1,1,3,3,3,2
1094,302667,1,1,NA,-1,-1,NA,1,1,NA,2,3,NA,2
395,301006,1,1,1,-1,-1,-1,2,2,2,2,99,-9,2
2106,400279,-1,-1,-1,-1,-1,-1,1,1,1,5,4,4,6
5000,407593,1,1,1,-1,-1,-1,1,1,1,2,2,2,2
3724,404360,-1,-1,-1,-1,-1,-1,1,1,1,3,2,2,2
4411,406118,-1,4,4,-1,-1,-1,1,1,1,4,4,5,4
3899,404814,-1,-1,NA,-1,-1,NA,1,1,NA,1,2,NA,2
589,301436,-1,-1,-1,-1,-1,-1,1,1,1,4,4,5,4
3597,404026,-1,-1,-1,-1,-1,-1,1,1,1,7,7,6,6
4964,407519,1,1,4,-1,-1,-1,1,1,1,4,4,4,4
4971,407534,-1,-1,NA,-1,-1,NA,5,3,NA,99,99,NA,4
4396,406080,1,1,1,-1,-1,-1,1,1,1,99,99,99,99
2337,400871,-1,-1,-1,-1,-1,-1,1,1,1,7,7,7,6
4764,406978,-1,-1,-1,-1,-1,-1,2,2,2,4,2,2,4
3691,404281,2,2,NA,-1,-1,NA,1,3,NA,6,6,NA,6
3064,402694,-1,-1,-1,-1,-1,-1,1,1,1,2,2,2,2
2056,400144,1,1,1,-1,-1,-1,1,1,1,1,1,1,1
3316,403345,1,1,1,-1,-1,-1,1,1,1,1,1,2,1
2880,402224,-1,-1,-1,-1,-1,-1,1,1,1,6,6,6,6
2653,401613,-1,-1,NA,-1,-1,NA,1,1,NA,4,99,NA,99
2386,400991,1,1,1,-1,-1,-1,1,1,1,99,6,5,5
4081,405231,1,1,1,-1,-1,-1,1,1,1,2,1,2,2
2297,400753,-1,-1,-1,-1,-1,-1,1,1,1,6,7,6,6
3642,404131,-1,-1,-1,-1,-1,-1,1,1,1,4,3,2,4
3870,404755,-1,1,1,-1,-1,-1,1,1,1,2,2,1,2
3113,402818,-1,-1,-1,-1,-1,-1,6,6,2,99,2,3,3
1155,302816,1,5,4,-1,-1,-1,1,1,1,6,7,6,6
3141,402874,4,2,NA,-1,-6,NA,1,1,NA,99,99,NA,99
3362,403432,1,1,1,-1,-1,-1,1,5,1,2,1,1,2
3690,404279,4,4,4,-1,-1,-1,1,1,1,99,6,6,4
3455,403683,-1,1,NA,-1,-6,NA,2,2,NA,2,99,NA,3
2489,401233,2,-1,-1,-1,-1,-1,1,1,1,99,7,6,4
3445,403658,-1,-1,1,-1,-1,-6,1,1,1,6,2,4,3
2146,400377,-1,-1,-1,-1,-1,-1,1,1,1,6,6,5,6
3696,404293,4,-1,2,-1,4,-1,1,1,1,99,6,5,4
360,300900,-1,-1,NA,-1,-6,NA,1,1,NA,6,6,NA,6
468,301166,2,-1,-1,-1,-1,-1,1,1,1,3,2,2,3
2688,401716,1,2,2,-1,-1,-1,1,1,1,6,5,7,3
4567,406511,-1,-1,-1,-1,-1,-1,1,1,1,5,5,6,5
379,300940,4,4,1,-1,-1,-1,1,1,1,2,2,2,1
845,302034,-1,-1,NA,-1,-7,NA,3,4,NA,5,2,NA,3
3396,403515,-1,-1,-1,-1,-1,-1,1,1,1,5,3,5,4
4717,406873,1,1,-1,-1,-1,-1,1,1,1,2,2,3,2
3791,404551,-1,-1,-1,-1,-1,-1,1,1,1,99,4,4,99
4886,407286,4,1,1,-1,-1,-1,1,1,1,3,3,3,3
4561,406495,-1,-1,NA,-1,2,NA,1,1,NA,99,6,NA,4
3643,404137,-1,2,2,-1,-1,-1,1,1,1,99,6,6,5
3885,404784,-1,-1,-1,-1,-1,-1,1,1,1,99,99,99,99
4993,407578,-1,-1,-1,-1,-1,-1,1,1,1,2,2,3,2
3649,404154,1,1,1,-1,-1,-1,1,1,1,4,3,4,4
4687,406804,-1,-1,NA,-1,-6,NA,5,3,NA,99,4,NA,4
3122,402834,-1,-1,NA,-1,-1,NA,6,5,NA,5,4,NA,5
4948,407456,2,2,NA,-1,-6,NA,1,1,NA,6,99,NA,6
770,301863,-1,-1,-1,-1,-1,-1,1,1,1,6,6,6,5
3187,402986,-1,-1,4,-1,-1,-1,5,3,3,5,4,5,3
4996,407582,1,4,4,-1,-1,-1,1,1,1,1,2,2,1
2677,401687,2,2,2,-1,-1,-1,1,1,1,99,99,2,99
911,302192,-1,-1,-1,-1,-1,-1,1,1,1,6,4,5,6
2636,401585,-1,-1,-1,-1,-1,-1,1,1,1,2,2,2,1
2728,401830,1,1,4,-1,-1,-1,1,1,1,1,1,2,1
853,302053,-1,-1,-1,-1,-1,-1,1,1,1,4,3,4,2
2294,400742,-1,-1,-1,-1,-1,-1,1,3,3,4,4,2,4
3391,403508,-1,-1,-1,-1,-1,-1,1,1,1,7,7,7,7
2895,402265,2,2,2,-1,-1,-1,-2,1,1,99,99,7,6
4027,405100,2,2,2,-1,-1,-1,1,1,1,6,7,6,6
2171,400441,-1,-1,-1,-1,-1,-1,2,2,4,4,4,99,99
2847,402149,2,-1,NA,-1,-1,NA,5,1,NA,4,99,NA,4
5012,407624,-1,-1,-1,-1,-1,-1,1,1,1,5,5,4,4
3486,403757,-1,-1,-1,-1,-1,-1,2,2,2,4,4,4,99
3446,403660,2,1,2,-1,-1,-6,1,1,1,5,5,5,4
965,302345,-1,-1,-1,-1,-1,-1,5,3,3,5,5,6,5
2901,402286,4,2,2,-1,-1,-1,1,1,1,5,5,5,5
1175,302873,4,4,NA,-1,-1,NA,1,1,NA,6,6,NA,6
2667,401654,-1,-1,NA,-1,-1,NA,1,1,NA,3,3,NA,3
2125,400324,-1,-1,-1,-1,-1,-1,1,1,1,4,4,4,4
2757,401906,-1,2,2,2,-1,-1,1,1,1,99,6,4,4
457,301146,4,2,NA,-1,-1,NA,1,1,NA,3,5,NA,5
4501,406336,-1,-1,-1,-1,-1,-1,1,1,1,5,4,4,6
726,301761,4,4,2,-1,-1,-1,1,1,1,4,4,6,5
4391,406060,1,1,1,-1,-1,-1,1,1,1,2,3,2,3
4148,405416,-1,-1,-1,-1,-1,-1,1,1,1,6,5,5,6
472,301171,2,2,2,-1,-1,-1,1,1,1,6,5,4,6
1108,302714,2,2,NA,-1,-1,NA,1,1,NA,6,7,NA,6
154,300343,1,1,1,-1,-1,-1,2,2,2,2,2,2,2
4761,406972,-1,-1,-1,-1,-1,-6,1,1,1,4,4,4,99
1146,302798,-1,-1,-1,-1,-1,-1,1,1,1,99,3,99,99
4935,407426,1,1,1,-1,-1,-1,1,1,1,2,2,4,2
4035,405135,-1,-1,-1,-1,-1,-1,1,1,1,-9,4,99,5
2265,400679,1,1,1,-1,-1,-1,1,1,1,4,4,4,4
1148,302805,-1,-1,NA,-1,-6,NA,2,2,NA,99,99,NA,99
100,300217,-1,-1,-1,-1,-1,-1,1,1,1,5,5,6,6
2008,400017,-1,-1,NA,-1,-1,NA,1,1,NA,6,6,NA,7
2465,401167,4,1,1,-1,-1,-1,1,1,1,5,1,4,4
4332,405895,-1,-1,NA,-1,-1,NA,1,1,NA,6,6,NA,7
4038,405139,-1,-1,-1,-1,-1,-1,1,1,1,2,2,2,2
2773,401931,-1,-1,-1,-1,-1,-1,1,1,1,5,4,6,6
801,301938,2,-1,-1,-1,-1,-1,1,1,1,5,6,7,6
2850,402155,2,2,2,-1,-1,-1,1,1,1,6,6,6,6
937,302254,4,4,NA,-1,-1,NA,5,1,NA,2,2,NA,2
3299,403297,1,1,1,-1,-1,-1,1,1,1,3,3,2,3
4655,406731,-1,-1,-1,-1,-1,-1,1,1,1,4,4,3,4
3271,403219,1,1,NA,-1,-6,NA,5,1,NA,99,99,NA,3
2342,400887,2,2,2,-1,-1,-1,3,4,4,6,6,6,6
709,301708,-1,-1,-1,-1,-1,-1,5,3,3,99,2,99,99
642,301560,-1,-1,-1,-1,-1,-1,2,2,2,99,4,5,99
985,302396,-1,-1,NA,-1,-1,NA,5,3,NA,4,4,NA,5
851,302050,1,1,1,-1,-1,-1,1,1,1,99,2,2,4
3116,402822,-1,-1,-1,-1,-1,-1,1,1,1,2,3,3,3
3570,403963,2,4,4,-1,-1,-1,1,1,1,4,6,5,4
2509,401275,-9,4,4,-1,-1,-1,1,1,1,4,4,4,4
150,300335,-1,-1,NA,-1,-1,NA,1,1,NA,3,3,NA,3
2161,400408,-1,4,-1,4,-1,-1,5,3,3,99,3,1,3
104,300228,1,1,1,-1,-1,-1,1,1,1,2,2,3,2
3387,403501,-1,-1,NA,-1,-1,NA,1,1,NA,3,99,NA,99
696,301679,2,2,NA,-1,-1,NA,1,1,NA,6,7,NA,7
3694,404286,1,1,NA,-1,-1,NA,1,1,NA,2,1,NA,2
4233,405635,4,4,NA,-1,-1,NA,5,3,NA,99,99,NA,4
646,301566,-1,-1,NA,-1,-6,NA,1,1,NA,99,6,NA,4
2985,402514,2,2,2,-1,-1,-1,1,1,1,6,6,6,5
3012,402574,2,2,NA,-1,-6,NA,1,1,NA,6,6,NA,6
3350,403411,-1,-1,-1,-1,-1,-1,1,1,1,4,3,2,5
359,300898,1,1,1,-1,-1,-1,1,1,1,3,3,3,3
695,301678,1,1,1,-1,-1,-1,2,2,2,4,2,2,4
1014,302463,-1,-1,-1,-1,-1,-1,1,1,1,4,4,4,4
4907,407353,-1,-1,1,-1,-1,-1,1,1,1,4,6,4,4
401,301018,2,2,2,-1,-1,-1,1,1,1,4,99,4,4
4876,407262,2,2,2,-1,-1,-1,1,1,1,99,99,99,4
3565,403955,-1,-1,-1,-1,-1,-1,2,2,2,7,7,7,5
4757,406966,-1,-1,-1,-1,-1,-6,1,1,1,4,4,99,99
2925,402338,-1,4,4,4,-1,-1,1,3,1,4,4,4,3
4917,407380,-1,-1,-1,-1,-1,-1,1,1,1,4,4,4,99
4777,407009,-1,-1,-1,-1,-1,-1,2,2,2,5,4,5,5
3152,402901,1,1,2,-1,-1,-1,1,1,1,4,5,5,4
647,301567,-1,-1,NA,-1,-1,NA,2,2,NA,2,2,NA,3
198,300497,4,-1,NA,-1,1,NA,5,3,NA,3,99,NA,99
3215,403071,1,1,1,-1,-1,-1,1,1,1,2,2,2,2
4699,406829,1,1,1,-1,-1,-1,1,1,1,3,4,5,6
3229,403113,2,1,1,-1,-1,-1,1,1,1,5,5,4,5
3937,404908,1,1,1,-1,-1,-1,1,1,1,2,2,4,3
3604,404043,-1,-1,-1,-1,-1,-1,1,3,3,99,2,3,4
5072,407758,1,1,1,-1,-1,-1,1,1,1,2,2,2,2
3994,405026,-1,-1,-1,-1,-1,-1,1,1,1,99,4,4,4
4926,407396,-1,-1,NA,-1,-1,NA,1,1,NA,99,99,NA,99
5087,407796,-1,-1,NA,-1,-1,NA,1,-9,NA,4,99,NA,4
3050,402670,-1,-1,-1,-1,-1,-6,1,-9,1,99,4,4,3
3577,403978,2,2,NA,-1,-6,NA,1,1,NA,6,6,NA,5
3670,404232,-1,-1,-1,-1,-1,-1,1,1,1,2,3,3,2
2561,401410,-1,-1,-1,-1,-1,-1,1,1,1,5,5,5,5
2903,402290,-1,2,2,-1,-1,-1,1,1,1,5,5,5,6
778,301880,4,1,NA,-1,-1,NA,1,1,NA,3,3,NA,3
4792,407050,-1,-1,-1,-1,-1,-1,2,5,2,2,4,3,2
4449,406217,1,1,-1,-1,-1,-1,2,2,2,99,4,5,99
4648,406715,-1,-1,-1,-1,-1,-1,1,1,1,6,4,4,4
956,302317,-1,-1,-1,-1,-1,-1,1,1,1,4,4,4,4
2432,401090,1,1,1,-1,-1,-1,2,2,2,99,4,6,99
1106,302710,1,1,1,-1,-1,-1,5,3,3,99,5,5,99
4405,406104,1,2,1,-1,-1,-1,1,1,1,4,4,5,5
729,301770,2,2,2,-1,-1,-1,5,3,3,99,99,6,5
3951,404933,2,2,2,-1,-1,-1,1,1,1,6,5,6,6
2479,401207,2,2,2,-1,-1,-1,1,1,1,6,7,6,5
2213,400549,-1,-1,NA,-1,-6,NA,1,1,NA,4,99,NA,4
4668,406758,-1,-1,-1,-1,-1,-1,1,1,1,6,6,6,6
2883,402234,-1,-1,-1,-1,-1,-1,1,1,1,4,5,5,4
583,301420,-1,1,NA,-1,-1,NA,1,3,NA,2,3,NA,3
4117,405330,2,2,NA,-1,-1,NA,1,1,NA,6,6,NA,5
2153,400394,2,-1,2,-1,2,-1,1,1,1,6,6,6,6
5067,407741,-1,-1,-1,-1,-1,-1,1,1,1,4,99,99,4
3053,402675,4,4,1,-1,-1,-1,1,1,1,3,3,2,3
4156,405432,4,4,4,-1,-1,-1,1,1,1,4,5,6,3
3590,404009,-1,-1,-1,-1,-1,-1,1,1,1,6,6,6,6
140,300307,-1,-1,-1,-1,-1,-1,1,1,1,5,6,7,6
3863,404743,2,2,NA,-1,-1,NA,1,1,NA,5,6,NA,6
102,300224,1,1,1,-1,-1,-1,1,1,1,3,4,4,4
2886,402241,2,2,1,-1,-1,-1,1,1,1,3,2,2,3
2863,402187,5,1,NA,-1,-7,NA,1,1,NA,1,2,NA,1
4620,406646,-1,-1,-1,-1,-1,-1,1,1,1,5,5,5,5
2762,401915,1,1,1,-1,-1,-1,1,1,1,2,2,2,3
3538,403903,4,4,4,-1,-1,-1,1,1,1,4,4,4,4
2346,400898,2,2,2,-1,-1,-1,1,1,1,6,6,6,6
4621,406650,-1,-1,2,-1,2,-1,1,1,1,99,99,6,99
2018,400050,1,1,1,-1,-1,-1,1,1,1,4,3,3,3
3835,404667,4,-1,-1,-1,-1,-1,1,1,1,4,99,1,1
3594,404020,-1,-1,-1,-1,-1,-1,2,2,2,99,99,99,99
528,301308,2,2,NA,-1,-1,NA,5,3,NA,4,99,NA,4
2579,401442,1,1,1,-1,-1,-1,1,1,1,2,2,2,2
2022,400055,-1,-1,-1,-1,-1,-1,2,2,2,99,99,4,4
3587,404002,2,2,2,-1,-1,-1,1,1,1,5,6,6,6
3537,403897,1,1,1,-1,-1,-1,5,3,3,2,99,2,2
948,302286,1,1,1,-1,-1,-1,1,1,1,2,2,2,2
4086,405250,-1,-1,-1,-1,-1,-1,1,1,1,6,6,6,6
2348,400905,-1,-1,NA,-1,-6,NA,1,1,NA,4,5,NA,4
609,301479,2,2,NA,-1,-1,NA,1,1,NA,6,6,NA,5
2533,401349,-1,-1,2,-1,-1,-1,1,1,1,7,7,7,7
2811,402041,-1,-1,NA,-1,-6,NA,1,3,NA,7,7,NA,7
18,300040,2,2,2,-1,-1,-1,1,1,1,6,6,3,6
2111,400289,-1,-1,-1,-1,-1,-1,2,2,2,2,99,4,-9
3999,405034,-1,-1,NA,-1,-1,NA,6,2,NA,99,99,NA,3
957,302321,1,1,1,-1,-1,-1,1,1,1,2,2,2,2
2371,400958,2,2,2,-1,-1,-1,1,1,1,6,4,5,6
3454,403682,4,4,4,-1,-1,-1,1,1,1,3,3,3,3
4633,406675,1,1,-1,-1,-1,-1,1,1,1,2,3,5,3
2641,401592,-1,-1,-1,-1,-1,-1,1,1,1,1,1,1,1
2201,400528,-1,-1,-1,-1,-1,-1,2,2,2,99,4,99,7
501,301244,-1,-1,-1,-1,-1,-1,3,4,4,7,7,6,7
4333,405897,1,1,1,-1,-1,-1,5,3,3,3,3,2,99
2422,401071,2,4,2,-1,-1,-1,1,1,1,5,6,6,5
3924,404875,2,2,2,-1,-1,-1,1,1,1,7,7,7,4
4006,405053,4,2,4,-1,-1,-1,1,1,1,4,4,6,4
4484,406288,-1,-1,-1,-1,-1,-1,1,1,1,6,6,6,6
917,302206,-1,-1,NA,-1,-6,NA,5,3,NA,6,6,NA,6
2379,400971,2,2,2,-1,-1,-1,1,1,1,7,7,7,7
1026,302493,-1,-1,-1,-1,-1,-1,1,1,1,99,99,1,99
4727,406896,-1,-1,-1,-1,-1,-1,1,3,1,2,2,3,2
3144,402878,-1,-1,-1,-1,-1,-1,1,-9,1,6,6,6,6
2129,400342,2,2,2,-1,-1,-1,1,1,1,6,6,6,6
2219,400563,-1,-1,NA,-1,-1,NA,1,1,NA,99,6,NA,4
4423,406142,1,1,1,-1,-1,-1,1,1,1,2,3,3,2
4461,406240,2,2,2,-1,-1,-1,1,1,1,4,4,5,4
4033,405128,1,1,1,-1,-1,-6,3,4,4,3,4,4,2
2262,400671,2,2,NA,-1,-6,NA,3,4,NA,5,4,NA,5
4358,405969,4,4,4,-1,-1,-1,2,3,2,99,1,99,4
1010,302456,1,1,1,-1,-1,-1,5,3,3,99,2,3,3
4830,407157,-1,-1,1,-1,-1,-1,1,1,1,1,2,2,2
3608,404050,-1,-1,-1,-1,-1,-1,1,1,1,6,6,6,6
3251,403166,4,4,4,-1,-1,-1,1,1,1,5,4,4,4
2687,401715,4,1,1,-1,-1,-1,5,3,3,4,4,4,4
271,300679,-1,-1,-1,-1,-1,-6,5,3,3,6,2,4,3
2525,401320,2,2,2,-1,-1,-6,1,1,1,6,6,4,6
3625,404090,-1,1,NA,-1,-1,NA,4,1,NA,99,2,NA,99
3866,404748,-1,-1,-1,-1,-1,-1,1,1,1,5,4,6,99
4810,407109,-1,-1,-1,-1,-1,-1,1,3,1,6,7,7,6
2023,400056,-1,-1,-1,-1,-1,-1,1,1,1,4,3,3,3
4007,405055,-1,2,2,2,-1,-1,1,1,1,3,3,3,3
2998,402544,-1,-1,-1,-1,-1,-1,1,1,1,2,2,2,2
4977,407546,-1,-1,-1,-1,-1,-1,1,1,1,99,99,6,99
2566,401422,-1,-1,-1,-1,-1,-1,5,3,3,7,6,6,6
3243,403145,2,2,2,-1,-1,-1,1,1,1,6,6,6,6
5025,407654,-1,-1,-1,-1,-1,-1,1,1,1,4,3,3,3
3404,403538,-1,-1,-1,-1,-1,-1,1,1,6,4,3,4,2
964,302344,-1,-1,-1,-1,-1,-1,1,1,1,5,6,6,5
841,302029,-1,-1,NA,-1,-6,NA,1,1,NA,6,6,NA,6
4365,405984,-1,-1,-1,-1,-1,-1,5,3,3,99,4,2,4
3505,403813,-1,-1,-1,-1,-1,-1,1,1,1,4,3,3,4
3247,403155,-1,-1,-1,-1,-1,-1,1,1,1,5,6,7,6
1088,302657,-1,-1,-1,-1,-1,-1,1,1,1,5,5,5,5
1032,302509,4,1,1,-1,-1,-7,1,5,1,1,1,1,1
566,301383,1,1,1,-1,-1,-1,1,1,1,99,99,99,4
4020,405087,1,1,1,-1,-1,-1,1,1,1,2,2,3,2
2649,401607,2,4,2,-1,-1,-1,1,1,1,4,6,6,5
4110,405314,4,4,2,-1,-1,-1,1,1,1,99,99,5,3
3578,403979,-1,-1,-1,-1,-1,-1,1,1,1,4,6,5,6
3637,404124,-1,-1,-1,-1,-1,-1,2,2,2,-9,7,1,99
4113,405319,4,4,-1,-1,-1,-6,6,1,1,3,99,99,4
3069,402703,4,4,4,-1,-1,-1,1,1,1,5,4,4,4
4981,407550,4,-1,1,-1,4,-1,1,1,1,4,6,6,4
215,300547,-8,1,NA,-1,-1,NA,1,5,NA,4,99,NA,4
2244,400627,4,4,4,-1,-1,-1,1,1,1,5,5,4,4
4695,406818,2,2,2,-1,-1,-1,1,1,1,6,6,6,6
513,301278,-1,-1,-1,-1,-1,-1,1,1,1,4,6,5,4
2095,400255,2,2,2,-1,-1,-1,1,3,3,99,2,99,99
4189,405525,-1,-1,-1,-1,-1,-1,1,1,1,4,4,3,4
4238,405646,-1,-1,-1,-1,-1,-1,6,6,1,7,7,6,7
2568,401426,-1,-1,NA,-1,-6,NA,1,5,NA,3,4,NA,4
2807,402036,-1,-1,-1,-1,-1,-1,1,1,1,2,5,3,3
3413,403563,-1,-1,-1,-1,-1,-1,1,1,1,99,4,6,4
335,300831,-1,-1,-1,-1,-1,-6,5,3,3,3,5,5,3
4850,407201,-1,2,NA,-1,-1,NA,1,1,NA,99,99,NA,2
3034,402628,4,4,4,-1,-1,-1,3,4,4,2,2,3,2
175,300404,1,1,NA,-1,-6,NA,1,1,NA,2,2,NA,2
1042,302539,-1,-1,-1,-1,-1,-1,5,3,3,4,4,6,4
2301,400758,-1,-1,-1,-1,-1,-1,1,1,1,6,5,5,5
4278,405748,-1,-1,-1,-1,-1,-1,1,1,1,4,5,5,5
4793,407055,1,1,1,-1,-1,-1,1,1,1,2,2,2,2
278,300699,-1,-1,-1,-1,-1,-1,6,1,1,6,6,5,6
3235,403123,-1,-1,-1,-1,-1,-1,1,1,1,3,2,3,2
3801,404580,5,5,5,-1,-1,-1,1,1,1,7,7,7,7
790,301906,1,1,1,-1,-1,-1,1,1,1,2,2,2,1
3412,403560,-1,2,2,-1,-1,-1,1,1,1,6,99,6,99
181,300437,-1,-1,-1,-1,-1,-1,1,1,1,3,5,5,3
3077,402728,-1,-1,-1,-1,-1,-1,1,1,1,5,3,3,4
4705,406843,-1,-1,-1,-1,-1,-1,1,1,1,2,6,2,99
469,301167,1,1,1,-1,-1,-6,1,1,1,6,6,6,6
4234,405637,4,-1,-1,-1,4,-1,1,1,1,3,3,3,3
4084,405245,1,1,1,-1,-1,-1,3,4,4,3,3,3,3
3757,404453,2,2,2,-1,-1,-1,1,1,1,6,7,6,6
5084,407788,1,1,1,-1,-1,-1,1,1,1,4,4,99,4
2199,400517,-1,-1,-1,-1,-1,-1,3,4,3,7,99,6,6
2694,401739,-1,-1,NA,-1,-1,NA,1,1,NA,99,99,NA,99
666,301612,1,4,NA,-1,-1,NA,1,6,NA,99,1,NA,99
3606,404047,-1,-1,-1,-1,-1,-1,1,1,1,1,2,2,2
193,300477,4,4,4,-1,-1,-1,5,3,3,6,6,5,6
4298,405793,-1,-1,NA,-1,-1,NA,3,4,NA,4,3,NA,4
2919,402325,2,2,2,-1,-1,-1,1,1,1,6,99,2,3
2594,401478,-1,-1,-1,-1,-1,-1,5,3,3,4,5,6,4
3234,403122,2,4,4,-1,-1,-1,1,1,1,5,6,4,99
3788,404542,1,1,1,-1,-1,-1,1,1,1,2,1,2,2
4947,407455,4,4,4,-1,-1,-1,1,1,1,4,4,3,4
2933,402360,1,1,1,-1,-1,-1,1,1,1,99,3,3,3
475,301184,-1,-1,-1,-1,-1,-1,1,1,1,3,2,3,3
4166,405461,-1,-1,NA,-1,-1,NA,3,4,NA,4,99,NA,99
382,300956,4,4,NA,-1,-1,NA,1,1,NA,6,6,NA,6
605,301465,-1,-1,-1,-1,-1,-1,1,1,1,5,3,4,5
3427,403606,-1,-1,NA,-1,-6,NA,-2,4,NA,4,4,NA,4
2870,402202,-1,2,-1,-1,-1,-1,2,2,2,6,4,99,99
113,300244,4,4,4,-1,-1,-1,6,6,1,5,5,5,5
3702,404307,-1,-1,-1,-1,-1,-1,1,1,1,4,4,4,6
3378,403480,4,4,4,-1,-1,-7,1,1,1,4,4,4,99
2864,402188,2,2,NA,-1,-1,NA,1,1,NA,6,7,NA,6
2470,401183,2,2,2,-1,-1,-1,1,1,1,6,6,6,6
2549,401381,1,1,1,-1,-1,-1,1,1,1,4,3,4,3
1122,302741,-1,-1,-1,-1,-1,-1,6,-9,-9,4,4,99,99
1171,302866,-1,-1,-1,-1,-1,-1,1,1,1,3,4,4,3
1068,302604,1,1,1,-1,-1,-1,1,1,1,3,3,4,3
4485,406291,-1,-1,-1,-1,4,-1,1,1,1,99,4,6,5
2136,400352,1,1,1,-1,-1,-1,1,1,1,2,2,2,2
758,301840,1,4,4,-1,-1,-1,6,6,6,4,3,3,4
4759,406968,-1,-1,-1,-1,-1,-6,1,1,1,5,99,99,99
3770,404491,1,1,4,-1,-1,-1,1,1,1,3,3,4,3
3560,403945,-1,-1,-1,-1,-1,-1,1,1,1,5,5,5,5
3626,404092,4,4,4,-1,-1,-1,1,1,6,4,6,6,6
4562,406501,4,1,NA,-1,-1,NA,1,1,NA,99,2,NA,5
3221,403093,-1,-1,-1,-1,-1,-6,1,1,1,2,2,2,2
4664,406749,2,2,2,-1,-1,-1,1,1,1,5,5,5,6
294,300732,-1,-1,NA,-1,-1,NA,2,2,NA,99,99,NA,99
4066,405199,1,1,4,-1,-1,-1,5,3,3,4,4,6,4
3365,403443,-1,-1,-1,-1,-1,-1,1,1,1,6,6,6,6
4299,405794,-1,-1,-1,-1,-1,-1,3,5,4,4,4,4,4
3890,404796,1,-1,-1,-1,-1,-1,2,2,2,4,4,4,4
3159,402912,-1,4,NA,2,-1,NA,1,1,NA,6,3,NA,4
3081,402735,-1,-1,1,-1,-1,-1,1,1,1,3,3,2,2
345,300864,-1,-1,-1,-1,-1,-1,1,1,6,7,7,7,7
765,301856,1,-1,-1,-1,-1,-1,1,1,1,4,4,5,4
4635,406680,2,2,2,-1,-1,-1,1,1,1,6,6,5,6
4037,405138,2,2,2,-1,-1,-1,1,1,1,6,6,6,6
526,301305,4,4,4,-1,-1,-1,1,1,1,5,4,3,5
2197,400509,2,1,1,-1,-1,-1,1,1,1,4,2,2,3
2983,402512,-1,-1,-1,-1,-1,-1,1,4,6,4,5,6,5
4667,406756,-1,-1,-1,-1,-1,-1,1,1,1,6,6,6,6
3425,403603,1,1,1,-1,-1,-1,1,1,1,2,2,2,2
3374,403471,1,1,NA,-1,-6,NA,1,1,NA,2,2,NA,2
3318,403348,-1,-1,-1,-1,-1,-1,1,1,1,5,99,99,5
2025,400062,-1,-1,-1,-1,-1,-1,1,1,1,99,99,6,99
525,301304,-1,-1,NA,-1,-6,NA,1,1,NA,4,4,NA,6
4009,405062,4,4,4,-1,-1,-1,6,6,6,3,2,2,3
3558,403941,2,2,2,-1,-1,-1,1,1,1,99,99,6,99
72,300165,-1,-1,NA,-1,-1,NA,2,2,NA,2,1,NA,99
3497,403781,2,2,2,-1,-1,-1,1,1,1,2,2,2,2
3042,402642,-1,-1,-1,-1,-1,-1,1,1,1,5,3,4,6
185,300454,-1,-1,-1,-1,-1,-1,2,2,2,99,4,99,99
1139,302785,1,1,1,-1,-1,-1,5,3,3,3,4,5,4
2782,401959,-1,-1,-1,-1,-1,-1,1,1,1,5,7,4,2
5042,407689,-1,4,4,-1,-1,-1,1,1,1,4,99,2,4
86,300185,-1,-1,-1,-1,-1,-1,1,1,1,3,4,3,3
4518,406374,-1,-1,-1,-1,-1,-1,5,3,3,99,4,4,99
293,300731,1,1,1,-1,-1,-1,2,2,2,99,4,3,99
830,301992,1,1,1,-1,-1,-1,1,1,1,2,2,2,2
3554,403936,-1,2,2,-1,-1,-1,1,1,1,3,5,5,3
4259,405685,1,1,1,-1,-1,-1,1,1,6,3,4,4,3
5066,407734,-1,4,-1,-1,-1,-1,1,1,1,99,4,3,2
922,302218,-1,-1,NA,-1,-1,NA,1,1,NA,99,3,NA,99
2802,402017,-1,-1,-1,-1,-1,-1,6,1,1,99,4,99,99
1060,302583,2,2,2,-1,-1,-1,1,1,1,7,7,6,6
3513,403837,5,5,5,-1,-1,-1,1,1,1,7,7,7,6
2678,401694,-1,-1,-1,-1,-1,-1,2,2,2,5,99,2,99
4582,406551,-1,-1,-1,-1,-1,-1,1,1,1,6,2,2,2
2906,402301,-1,-1,-1,-1,-1,-1,3,4,4,6,99,4,6
4845,407191,-1,-1,NA,-1,-1,NA,1,1,NA,3,3,NA,3
4235,405638,1,1,1,-1,-1,-1,1,1,1,2,2,2,2
4021,405088,1,1,1,-1,-1,-1,1,1,1,3,2,3,2
4700,406830,-1,-1,-1,-1,-1,-1,1,1,1,6,7,7,7
951,302295,1,1,1,-1,-1,-1,1,1,1,2,2,2,2
5061,407725,-1,-1,NA,-1,-1,NA,2,2,NA,99,99,NA,99
1087,302653,-1,-1,-1,-1,-1,-1,1,1,1,7,7,7,6
886,302130,2,2,NA,-1,-1,NA,1,1,NA,4,99,NA,4
5062,407726,1,1,NA,-1,-1,NA,5,3,NA,2,2,NA,2
17,300039,1,1,NA,-1,-7,NA,5,1,NA,2,2,NA,2
2289,400735,-1,-1,-1,-1,-1,-1,1,1,1,7,7,7,7
2934,402365,2,2,2,-1,-1,-1,1,1,1,7,6,7,6
3983,404999,2,2,NA,-1,-6,NA,1,1,NA,4,6,NA,5
2074,400195,-1,2,2,-1,-1,-1,5,3,3,5,99,4,5
2456,401150,-1,-1,-1,1,-1,-1,5,3,3,6,99,99,99
3514,403841,1,1,NA,-1,-1,NA,1,1,NA,99,99,NA,5
3068,402700,2,2,2,-1,-1,-1,1,1,1,3,5,5,3
3750,404438,-1,-1,NA,-1,-1,NA,2,2,NA,99,3,NA,99
2124,400321,2,2,5,-1,-1,-1,1,1,1,5,3,5,5
4116,405328,-1,-1,2,-1,-1,-1,1,1,1,5,5,6,5
2747,401874,1,1,1,-1,-1,-1,1,1,1,3,4,4,4
3784,404531,2,2,2,-1,-1,-1,1,1,1,6,7,7,7
2823,402067,-1,-1,1,-1,-1,-1,1,1,1,5,3,4,6
3062,402692,-1,-1,-1,-1,-1,-1,1,1,1,2,5,6,3
4984,407559,1,1,1,-1,-1,-1,1,1,1,3,2,3,2
4251,405673,-1,-1,NA,-1,-1,NA,1,1,NA,2,1,NA,1
3287,403272,2,2,2,-1,-1,-1,1,1,1,99,6,6,6
4106,405301,-1,-1,NA,-1,-7,NA,1,1,NA,2,2,NA,3
2481,401211,-1,-1,-1,-1,-1,-6,1,1,1,2,3,4,3
430,301089,4,4,4,-1,-1,-1,1,1,1,2,99,99,4
1083,302645,-1,-1,-1,-1,-1,-1,5,3,3,99,2,2,4
4720,406878,4,-1,-1,-1,-1,-1,2,2,2,99,2,2,4
2655,401622,1,1,1,-1,-1,-1,1,1,1,2,2,1,2
930,302238,-1,-1,NA,-1,1,NA,1,1,NA,5,99,NA,99
1044,302542,-1,-1,-1,-1,-1,-1,1,1,1,5,6,5,5
3680,404252,4,2,2,-1,-1,-1,1,1,1,5,4,5,5
350,300875,1,1,1,-1,-1,-1,1,1,1,4,4,4,4
2006,400015,1,4,NA,-1,-1,NA,1,1,NA,99,3,NA,2
1065,302593,-1,-1,-1,-1,-1,-1,1,1,1,5,3,3,3
4089,405259,-1,-1,-1,-1,-1,-1,1,1,1,6,7,6,6
3674,404240,1,1,NA,-1,-1,NA,1,1,NA,99,2,NA,1
3941,404914,5,5,1,-1,-1,-1,1,1,1,3,2,2,3
5022,407648,-1,2,NA,-1,-6,NA,1,1,NA,4,4,NA,4
2734,401841,1,1,1,-1,-1,-1,2,2,2,99,99,2,99
2084,400232,-1,-1,-1,-1,-1,-1,1,1,1,6,6,6,6
713,301717,-1,-1,NA,-1,-1,NA,3,4,NA,99,2,NA,4
814,301961,-1,-1,-1,-1,-1,-1,5,3,3,5,4,6,4
2995,402538,-1,-1,-1,-1,-1,-1,2,2,2,99,2,99,99
2917,402320,-1,-1,-1,-1,-1,-1,-2,5,2,99,99,99,99
151,300336,1,1,NA,-1,-6,NA,1,1,NA,5,6,NA,99
834,302007,1,4,1,-1,-1,-1,1,1,1,2,3,3,4
819,301971,1,1,NA,-1,-1,NA,1,1,NA,2,2,NA,2
979,302385,-1,-1,4,4,-1,-1,1,1,1,99,99,99,99
2184,400481,1,1,1,-1,-1,-1,1,1,1,4,4,4,3
153,300342,2,2,2,-1,-1,-1,1,1,1,99,99,4,99
214,300546,2,2,2,-1,-1,-1,1,1,1,5,5,6,6
2876,402213,-1,-1,-1,-1,-1,-1,1,1,6,5,6,7,4
2558,401398,-1,-1,-1,-1,-1,-1,1,1,1,99,5,99,99
2614,401537,-1,-1,NA,-1,-1,NA,1,1,NA,4,4,NA,5
355,300887,2,2,2,-1,-1,-1,1,1,1,7,7,6,6
164,300376,4,4,4,-1,-1,-1,5,3,3,2,2,2,2
725,301760,-1,-1,NA,1,-1,NA,5,6,NA,99,99,NA,3
5079,407770,1,1,1,-1,-1,-1,1,1,1,6,7,6,6
4963,407510,-1,-1,-1,-1,-1,-1,2,2,2,6,5,5,99
4776,407003,1,1,NA,-1,-6,NA,2,2,NA,4,99,NA,4
2310,400777,4,4,NA,-1,-6,NA,1,1,NA,4,4,NA,5
2241,400609,-1,-1,-1,-1,-1,-1,5,3,3,6,6,7,6
3482,403749,-1,-1,-1,-1,-1,-1,1,1,1,3,3,2,3
4381,406032,-1,-1,NA,-1,-1,NA,1,1,NA,2,2,NA,3
2438,401104,1,1,1,-1,-1,-1,1,1,1,2,2,3,3
2756,401903,-1,-1,-1,-1,-1,-1,6,5,2,4,4,99,4
4096,405286,-1,-1,-1,-1,-1,-1,1,1,1,2,2,2,2
4930,407407,-1,-1,-1,-1,-1,-1,1,1,1,4,6,6,4
3061,402691,4,2,2,-1,-1,-1,1,1,1,4,7,6,4
29,300058,1,1,1,-1,-1,-1,1,1,1,2,2,2,1
2832,402104,2,2,2,-1,-1,-1,1,1,1,4,6,6,5
3466,403707,1,1,NA,-1,-1,NA,1,1,NA,4,4,NA,4
62,300144,-1,-1,-1,-1,-1,-1,2,2,2,99,4,4,99
2005,400009,-1,-1,-1,-1,-1,-1,1,1,1,99,6,6,99
4745,406947,1,1,1,-1,-1,-1,1,1,1,1,2,2,2
2016,400044,-1,-1,-1,-1,-1,-1,1,1,1,5,5,6,5
3305,403314,-1,-1,-1,-1,-1,-1,1,1,1,99,6,99,5
1085,302651,4,4,NA,-1,-1,NA,1,1,NA,2,4,NA,3
4260,405688,2,2,2,-1,-1,-1,1,1,1,5,6,4,6
1016,302467,1,1,NA,-1,-1,NA,5,3,NA,99,1,NA,99
2676,401686,-1,-1,-1,-1,-1,-1,5,3,3,99,99,4,99
3773,404507,-1,-1,NA,-1,-1,NA,5,3,NA,99,6,NA,4
280,300703,2,2,NA,-1,-6,NA,1,3,NA,6,5,NA,6
967,302358,1,1,1,-1,-1,-6,1,1,1,2,1,2,3
2977,402493,-1,-1,-1,-1,-1,-1,1,1,1,2,3,4,2
413,301047,-1,-1,-1,-1,-1,-1,1,1,1,99,6,6,4
3035,402629,4,4,4,-1,-1,-1,1,1,1,2,1,1,2
2365,400945,-1,-1,-1,-1,-1,-1,1,1,1,7,7,6,7
807,301948,2,2,NA,-1,-1,NA,1,1,NA,6,5,NA,5
40,300094,-1,-1,NA,-1,-6,NA,2,2,NA,2,4,NA,3
537,301324,-1,-1,-1,-1,-1,-1,1,1,1,7,7,7,7
3204,403033,2,4,4,-1,-1,-1,1,1,1,4,5,6,5
2790,401985,1,1,1,-1,-1,-1,2,2,2,4,6,4,4
3645,404147,-1,-1,NA,-1,-1,NA,2,2,NA,99,2,NA,2
3938,404910,1,4,NA,-1,-1,NA,5,3,NA,99,4,NA,4
3355,403419,1,1,1,-1,-1,-1,1,1,1,3,3,3,2
2142,400371,-1,-1,NA,-1,-1,NA,5,3,NA,3,5,NA,3
974,302374,-1,-1,-1,-1,-1,-1,1,1,1,1,99,4,2
2057,400147,4,1,NA,-1,-1,NA,5,3,NA,4,3,NA,4
303,300749,-1,-1,-1,-1,-1,-1,5,3,3,1,99,3,3
67,300152,1,1,NA,-1,-1,NA,1,1,NA,2,2,NA,2
3383,403495,-1,-1,NA,-1,-1,NA,1,1,NA,2,2,NA,2
3946,404922,-1,-1,-1,-1,-1,-1,1,1,1,6,7,7,7
735,301782,-1,-1,-1,-1,-1,-1,1,1,1,99,99,5,4
4605,406616,-1,-1,-1,-1,-1,-1,1,1,1,6,6,7,6
2467,401174,1,1,1,-1,-1,-1,2,2,2,4,3,4,3
2862,402179,-1,-1,NA,-1,-1,NA,6,6,NA,99,99,NA,99
4728,406905,2,2,2,-1,-1,-1,1,1,1,4,6,5,5
4032,405119,1,1,1,-1,-1,-1,1,1,1,4,3,4,4
3888,404794,-1,-1,-1,-1,-1,-1,1,1,1,2,2,2,2
427,301081,-1,-1,4,-1,-1,-1,1,1,1,99,5,5,4
3650,404158,-1,-1,-1,-1,-1,-1,1,1,1,2,4,6,4
3543,403912,-1,-1,-1,-1,-1,-1,1,1,1,3,5,2,3
565,301377,1,1,1,-1,-1,-1,1,1,1,4,5,4,4
2475,401195,-1,-1,-1,-1,-1,-1,1,1,1,3,4,5,4
4949,407458,2,2,1,-1,-1,-1,1,1,1,4,2,2,4
2203,400531,4,4,4,-1,-1,-1,1,1,1,5,6,6,5
348,300873,-1,-1,NA,-1,-1,NA,1,1,NA,7,6,NA,6
2887,402244,2,2,NA,-1,-1,NA,1,1,NA,4,5,NA,5
3114,402820,-1,-1,-1,-1,-1,-1,2,2,2,3,3,2,3
1025,302492,1,1,1,-1,-1,-6,1,1,1,4,4,3,3
4989,407566,4,4,-1,-1,-1,-1,1,1,1,99,5,6,5
3275,403226,4,1,1,-1,-1,-1,1,1,1,6,2,2,6
2256,400658,1,1,1,-1,-1,-1,2,2,2,2,2,2,2
1020,302476,4,1,NA,-1,-1,NA,5,2,NA,99,2,NA,99
4671,406764,-1,-1,NA,-1,-6,NA,1,1,NA,99,4,NA,99
4607,406620,-1,-1,-1,-1,-1,-1,2,2,2,99,1,3,99
3361,403431,2,2,2,-1,-1,-1,1,1,1,6,6,7,6
2039,400108,2,2,NA,-1,-1,NA,1,1,NA,99,4,NA,99
2646,401602,-1,-1,-1,-1,-1,-1,1,1,1,5,4,2,4
4623,406653,-1,-1,-1,-1,-1,-1,5,3,3,5,6,6,4
4469,406254,1,1,1,-1,-1,-1,6,2,2,2,3,4,2
4039,405142,-1,-1,-1,-1,-1,-1,1,1,1,7,7,7,7
938,302261,2,-1,NA,-1,-6,NA,5,3,NA,5,6,NA,6
529,301313,2,2,2,-1,-1,-1,1,1,1,6,6,7,6
3222,403097,1,1,1,-1,-1,-1,2,2,2,-9,99,99,99
2430,401086,1,2,2,-1,-1,-1,5,3,3,4,4,2,6
552,301355,-1,-1,-1,-1,-1,-1,1,1,1,3,3,3,2
4414,406127,4,-1,-1,-1,-1,-1,2,2,2,4,99,4,99
559,301369,4,-1,2,-1,2,-1,1,1,1,5,6,6,5
720,301741,2,2,NA,-1,-6,NA,1,1,NA,6,6,NA,6
3237,403128,-1,-1,-1,-1,-1,-1,1,1,1,99,4,5,2
3972,404980,1,1,NA,-1,-1,NA,1,1,NA,2,2,NA,2
2874,402210,2,2,2,-1,-1,-1,5,3,3,6,99,7,2
664,301610,2,2,NA,-1,-1,NA,1,1,NA,5,5,NA,5
3961,404961,1,1,NA,-1,-1,NA,2,2,NA,2,3,NA,3
2496,401245,-1,-1,NA,-1,-6,NA,5,3,NA,2,1,NA,2
2736,401850,1,1,NA,-1,-1,NA,1,1,NA,2,2,NA,2
3265,403203,4,4,4,-1,-1,-1,1,1,1,2,2,2,2
2746,401872,-1,-1,NA,-1,-1,NA,1,1,NA,2,2,NA,1
2285,400727,2,2,2,-1,-1,-1,1,1,1,6,6,6,5
4995,407581,-1,-1,-1,-1,-1,-1,1,1,1,2,4,99,4
2718,401804,-1,-1,1,-1,-1,-1,2,2,2,2,4,4,4
925,302223,-8,4,1,-1,-1,-1,2,2,2,5,4,4,99
3246,403154,1,1,1,-1,-1,-1,1,1,1,2,4,3,3
4823,407138,2,2,2,-1,-1,-1,1,1,1,99,6,6,6
825,301983,-1,-1,NA,-1,-6,NA,1,-9,NA,4,6,NA,5
506,301262,2,2,2,-1,-1,-1,1,1,1,4,6,6,5
707,301706,2,2,NA,-1,-6,NA,1,1,NA,5,6,NA,5
782,301891,1,1,1,-1,-1,-1,1,1,1,2,2,2,4
2341,400886,1,2,2,-1,-1,-1,1,1,1,99,6,6,99
2282,400712,4,4,2,-1,-1,-1,1,1,1,99,6,6,5
80,300177,1,1,1,-1,-1,-6,2,2,2,99,99,4,4
3569,403962,2,2,2,-1,-1,-1,1,5,1,6,6,6,6
4222,405603,4,4,4,-1,-1,-1,1,1,1,99,99,4,3
398,301010,-1,-1,-1,-1,-1,-1,1,5,1,6,5,6,6
488,301215,1,1,1,-1,-1,-1,1,1,1,2,2,2,2
2697,401748,2,2,2,-1,-1,-1,1,1,1,6,6,6,5
3252,403170,-1,-1,-1,-1,-1,-1,2,2,2,99,4,4,4
4760,406970,-1,-1,-1,-1,-1,-1,1,1,1,6,6,6,6
4478,406269,-1,-1,-1,-1,-1,-1,1,1,1,6,5,6,5
2240,400607,-1,-1,NA,-1,-1,NA,1,1,NA,4,4,NA,6
2326,400834,-1,-1,-1,-1,-1,-1,5,3,3,4,4,4,4
4263,405692,2,4,4,-1,-1,-1,1,1,1,5,4,3,5
3834,404666,-1,2,2,-1,-1,-6,1,1,1,5,5,6,3
511,301274,1,2,NA,-1,-1,NA,1,1,NA,5,4,NA,4
3066,402698,-1,-1,NA,-1,-1,NA,2,2,NA,99,2,NA,2
4321,405865,-1,-1,-1,-1,-1,-1,2,2,2,4,1,2,99
4985,407561,-1,-1,-1,-1,-1,-1,2,2,2,99,99,4,4
3971,404979,4,4,4,-1,-1,-1,1,1,1,3,6,2,5
4738,406929,1,1,NA,-1,-7,NA,5,3,NA,4,4,NA,4
3488,403761,1,1,NA,-1,-1,NA,5,3,NA,2,99,NA,99
13,300026,4,4,NA,-1,-6,NA,5,3,NA,4,5,NA,5
2388,400997,1,1,1,-1,-1,-1,1,1,1,4,4,4,4
3105,402790,-1,-1,-1,-1,-1,-1,3,4,1,99,4,5,4
4379,406023,-1,-1,-1,-1,-1,-1,1,1,1,99,99,4,99
542,301337,2,2,2,-1,-1,-1,1,1,1,6,6,6,6
2576,401438,2,2,2,-1,-1,-6,1,1,1,6,7,7,6
4813,407117,-1,-1,-1,-1,-1,-1,1,1,1,3,2,3,2
4689,406808,1,1,-1,-1,-1,-1,1,1,1,3,4,3,3
623,301513,-1,-1,NA,-1,-1,NA,1,1,NA,4,4,NA,4
3676,404245,-1,-1,NA,-1,-1,NA,1,1,NA,99,99,NA,99
4563,406502,-1,-1,4,-1,-1,-1,1,1,-9,6,4,4,5
3614,404061,-8,4,NA,-1,-1,NA,1,1,NA,99,2,NA,2
1105,302709,1,1,NA,-1,-1,NA,1,1,NA,2,2,NA,3
781,301890,1,2,1,-1,-1,-1,4,3,3,4,4,5,2
4652,406726,-1,-1,-1,-1,-1,-6,2,2,2,99,4,4,4
4103,405295,-1,-1,-1,-1,-1,-1,5,3,3,5,5,5,5
714,301720,1,1,1,-1,-1,-1,5,3,3,99,2,99,4
2338,400879,-1,-1,NA,-1,-1,NA,2,2,NA,2,2,NA,2
2652,401611,-1,-1,-1,-1,-1,-1,1,1,1,2,3,3,2
3652,404168,-1,-1,1,-1,4,-1,5,3,3,99,99,6,99
95,300207,2,2,2,-1,-1,-6,6,1,1,5,5,5,5
3781,404528,-1,-1,-1,-1,-1,-1,1,1,1,3,2,3,3
946,302275,4,2,2,-1,-1,-1,1,1,1,99,6,6,5
4679,406782,1,1,1,-1,-1,-1,1,1,1,99,4,4,4
4848,407195,-1,-1,-1,-1,-1,-1,1,1,1,5,2,3,3
2312,400783,2,2,2,-1,-1,-1,1,1,1,4,4,4,4
2531,401346,2,2,2,-1,-1,-1,1,1,1,6,5,6,6
4551,406466,-1,-1,-1,-1,-1,-1,1,1,1,2,2,2,2
2167,400426,-1,-1,NA,-1,-1,NA,5,3,NA,99,5,NA,99
2051,400133,2,2,1,-1,-1,-1,-2,1,-9,5,3,2,5
4406,406105,1,1,1,-1,-1,-1,1,1,1,2,2,2,2
2644,401598,-1,-1,NA,-1,-6,NA,1,1,NA,6,6,NA,5
3258,403178,1,1,1,-1,-1,-1,2,2,2,2,2,2,1
4645,406705,-1,-1,-1,-1,-1,-1,1,1,1,4,4,4,4
1041,302535,4,2,2,-1,-1,-1,1,1,1,4,4,4,4
2877,402215,1,1,1,-1,-1,-1,3,4,4,2,2,3,2
2890,402254,-9,5,4,-1,-1,-1,1,1,1,6,4,4,6
2669,401664,-1,-1,-1,-1,-1,-1,1,1,1,4,5,5,4
913,302195,-1,-1,-1,-1,-1,-1,1,1,1,4,3,2,3
635,301541,-1,-1,-1,-1,-1,-1,1,6,1,4,7,6,5
2749,401876,-1,-1,NA,-1,4,NA,1,1,NA,4,4,NA,4
3848,404716,1,1,1,-1,-1,-1,2,-9,-9,2,2,2,2
3480,403746,4,4,4,-1,-1,-1,1,1,1,4,5,4,4
4364,405982,1,1,NA,-1,-1,NA,1,1,NA,6,6,NA,6
3897,404811,2,1,1,-1,-1,-1,1,1,1,99,5,99,6
3326,403373,1,1,1,-1,-1,-1,1,1,1,4,3,4,3
854,302054,-1,-1,-1,-1,-1,-1,1,1,1,99,5,4,99
3697,404294,1,1,1,-1,-1,-1,1,1,1,6,7,4,6
5085,407789,-1,-1,-1,-1,-1,-1,3,4,4,99,2,1,3
4083,405243,4,4,NA,-1,-1,NA,1,1,NA,99,4,NA,4
2205,400533,-1,-1,NA,-1,-1,NA,1,1,NA,6,5,NA,6
4424,406144,4,4,NA,-1,-6,NA,5,3,NA,3,4,NA,2
4488,406302,4,1,1,-1,-1,-1,5,3,3,3,3,3,2
2866,402191,2,4,4,-1,-1,-1,1,1,1,5,5,5,4
4356,405965,-1,4,-1,4,-1,-1,1,1,1,3,3,3,3
576,301408,2,2,NA,-1,-1,NA,1,1,NA,6,6,NA,6
2383,400984,-1,-1,-1,-1,-1,-1,1,1,1,5,6,6,5
3547,403921,-1,4,NA,4,-1,NA,1,1,NA,6,5,NA,2
4956,407485,-1,-1,-1,-1,-1,-1,2,2,2,99,99,99,99
3644,404143,1,1,1,-1,-1,-1,5,3,3,99,99,5,6
1103,302699,2,2,NA,-1,-1,NA,1,1,NA,6,5,NA,6
2722,401812,1,1,1,-1,-1,-1,1,1,1,2,2,2,2
2122,400318,-1,-1,-1,-1,-1,-1,1,1,1,3,3,4,3
2731,401835,-1,-1,-1,-1,-1,-1,1,1,1,4,99,99,4
3595,404021,1,1,1,-1,-1,-1,1,1,1,2,2,2,2
2505,401267,-1,-1,-1,-1,-1,-1,1,1,1,99,99,4,99
694,301677,1,4,4,-1,-1,-1,1,1,1,3,4,3,2
46,300107,-1,1,NA,-1,-1,NA,1,1,NA,3,2,NA,2
1180,302880,1,1,1,-1,-1,-1,1,1,1,2,3,3,2
2855,402168,1,1,2,-1,-1,-1,6,1,1,3,3,4,3
490,301225,2,2,2,-1,-1,-1,6,6,5,5,5,5,5
3657,404184,-1,-1,-1,-1,-1,-1,1,1,1,5,4,4,5
4462,406243,-1,-1,NA,-1,-1,NA,6,2,NA,99,4,NA,4
4286,405769,1,2,2,-1,-1,-1,1,1,1,4,4,5,4
2536,401352,-1,-1,-1,-1,-1,-1,1,1,1,7,7,7,7
372,300926,-1,-1,-1,-1,-1,-1,3,4,4,3,3,4,3
3033,402626,4,4,4,-1,-1,-1,1,1,1,5,6,4,6
4167,405462,1,1,1,-1,-1,-1,5,3,3,1,1,2,1
792,301910,1,1,NA,-1,-1,NA,1,1,NA,2,2,NA,1
4082,405242,1,1,1,-1,-1,-1,1,1,1,2,2,2,2
995,302420,-1,-1,-1,-1,-1,-1,1,1,1,4,6,99,6
3857,404731,-1,-1,NA,-1,-7,NA,1,1,NA,4,4,NA,4
2332,400860,5,4,NA,-1,-1,NA,1,1,NA,1,1,NA,1
977,302380,4,4,4,-1,-1,-1,3,4,6,3,1,2,2
411,301043,4,1,1,-1,-1,-1,5,3,3,6,2,99,99
3478,403741,1,1,1,-1,-1,-1,1,1,1,4,3,3,4
4043,405147,4,1,NA,-1,-1,NA,1,1,NA,2,2,NA,4
2982,402510,-1,-1,NA,-1,-6,NA,1,1,NA,4,4,NA,4
283,300706,-1,-1,-1,-1,-1,-1,1,1,1,2,3,3,4
4931,407409,2,2,2,-1,-1,-1,1,1,1,6,6,6,6
5086,407791,-1,-1,-1,-1,-1,-7,1,1,1,99,5,4,3
4912,407366,-1,-1,-1,-1,2,-1,1,1,1,99,99,4,99
4771,406994,1,1,1,-1,-1,-6,2,1,2,2,1,1,4
4435,406170,-1,-1,-1,-1,-1,-6,2,2,2,99,99,4,4
3167,402946,-1,-1,-1,-1,-1,-1,1,1,1,2,99,3,99
4394,406073,2,2,2,-1,-1,-1,1,6,6,6,6,6,6
3456,403684,-1,-1,-1,-1,-1,-1,6,1,6,5,4,4,99
494,301232,1,1,NA,-1,-1,NA,2,2,NA,99,4,NA,2
1147,302800,1,1,1,-1,-1,-1,1,1,1,1,1,2,2
2104,400277,-1,-1,-1,-1,-1,-1,1,1,1,99,3,4,99
4526,406386,1,1,1,-1,-1,-1,2,6,2,99,99,4,99
4239,405648,-1,-1,-1,-1,-1,-1,1,1,1,3,4,3,3
4162,405451,-1,-1,-1,-1,-1,-1,1,1,1,4,5,4,5
3898,404812,1,1,1,-1,-1,-1,1,1,1,2,2,3,3
3900,404815,1,1,1,-1,-1,-1,2,2,2,4,4,4,4
2772,401928,-9,4,4,-1,-1,-1,4,6,6,4,4,4,4
4554,406469,-1,-1,-1,-1,-1,-1,2,2,2,99,4,5,4
3887,404791,-1,-1,-1,-1,-1,-1,1,1,1,99,99,99,99
4800,407085,-1,-1,-1,-1,-1,-1,1,1,1,5,99,99,5
882,302124,-1,1,NA,1,-1,NA,1,1,NA,1,2,NA,1
3607,404048,-1,-1,-1,-1,-1,-1,1,1,1,4,5,7,6
3183,402976,-1,-1,-1,-1,-1,-1,1,1,1,6,6,6,6
2098,400266,2,1,2,-1,-1,-1,4,5,6,3,2,2,4
1132,302765,-1,-1,-1,-1,-1,-1,1,1,1,7,7,7,7
2846,402147,1,1,1,-1,-1,-1,1,1,1,2,2,2,2
1101,302680,-1,-1,NA,-1,-1,NA,1,1,NA,6,6,NA,99
210,300541,-1,4,-1,-1,-1,-1,2,2,2,5,99,3,4
861,302076,2,2,2,-1,-1,-1,1,1,1,7,7,7,6
3843,404699,1,1,1,-1,-1,-1,1,1,1,99,4,3,4
3214,403064,-1,-1,NA,-1,-1,NA,1,1,NA,4,4,NA,99
3620,404077,-1,4,-1,-1,-1,-1,5,3,3,5,4,99,6
1073,302614,4,4,4,-1,-1,-1,1,1,1,2,2,3,3
480,301193,-1,4,4,4,-1,-1,1,1,1,99,4,99,99
4436,406174,4,2,2,-1,-1,-1,1,1,1,5,6,6,5
3854,404725,4,4,4,-1,-1,-1,1,1,1,2,5,3,2
3458,403688,-1,-1,NA,-1,-6,NA,2,2,NA,4,3,NA,4
2220,400564,-1,-1,NA,-1,-1,NA,1,1,NA,4,99,NA,4
1074,302615,2,2,NA,-1,-1,NA,1,1,NA,4,6,NA,6
4719,406877,-1,1,1,-1,-1,-1,3,4,4,2,2,2,3
3164,402931,-1,-1,NA,-1,-1,NA,2,2,NA,3,4,NA,99
2861,402175,-1,-1,NA,-1,-1,NA,2,2,NA,99,4,NA,99
4093,405278,1,1,1,-1,-1,-1,2,2,2,99,99,99,4
3859,404738,-1,-1,1,-1,1,-1,1,1,1,4,4,2,2
2004,400007,1,1,1,-1,-1,-1,5,3,3,2,2,2,2
4660,406741,4,4,NA,-1,-6,NA,1,1,NA,99,3,NA,3
2617,401543,-1,-1,-1,-1,-1,-1,1,1,1,3,2,3,2
3762,404461,-1,-1,2,-1,2,-1,5,3,3,4,4,5,4
3531,403885,1,1,NA,-1,-6,NA,5,1,NA,3,4,NA,99
219,300555,2,2,2,-1,-1,-1,1,1,1,5,6,6,99
743,301801,-1,-1,-1,-1,-1,-1,5,3,3,99,99,2,2
2714,401795,-1,4,NA,-1,-1,NA,1,1,NA,4,99,NA,5
1061,302584,-1,-1,NA,-1,-1,NA,1,1,NA,99,4,NA,99
2542,401367,-1,-1,-1,-1,-1,-1,6,1,1,2,1,2,2
744,301802,-1,-1,-1,-1,-1,-1,4,1,1,99,99,99,5
4211,405579,2,2,NA,-1,-6,NA,1,1,NA,5,5,NA,5
2447,401130,-1,2,2,2,-1,-1,1,1,1,4,6,7,99
4937,407430,1,1,1,-1,-1,-1,1,1,1,6,6,6,6
3209,403042,1,4,NA,-1,-6,NA,5,3,NA,4,4,NA,99
736,301784,-1,-1,-1,-1,-1,-1,3,4,4,4,7,6,4
2711,401791,4,1,NA,-1,-1,NA,1,1,NA,4,4,NA,4
592,301442,1,1,NA,-1,-1,NA,3,4,NA,99,4,NA,4
2609,401522,1,1,1,-1,-1,-7,6,6,6,99,2,2,3
682,301651,1,1,1,-1,-1,-1,5,3,3,2,4,3,2
3515,403844,2,2,2,-1,-1,-1,1,1,1,6,4,4,4
3817,404618,1,1,-1,-1,-1,-1,1,1,1,5,4,4,4
3461,403696,-1,4,4,-1,-1,-1,1,1,1,5,5,5,5
4954,407482,4,1,2,-1,-1,-1,1,1,1,5,6,5,5
2035,400098,-1,-1,-1,-1,-1,-1,1,1,1,6,6,6,6
419,301061,-1,-1,-1,-1,-1,-1,5,3,3,4,99,4,99
4226,405611,-1,-1,-1,-1,-1,-1,1,1,1,4,5,6,4
5007,407611,-1,1,-1,-1,-1,-6,1,1,1,2,4,99,3
887,302132,-1,-1,NA,-1,-1,NA,1,1,NA,6,6,NA,6
4439,406186,2,2,2,-1,-1,-1,1,1,1,99,99,6,4
174,300403,-1,-1,-1,-1,-1,-1,5,3,3,99,4,5,4
2192,400500,4,4,-9,-1,-1,-1,1,-9,-9,4,99,99,4
2843,402143,-1,-1,-1,-1,-1,-1,1,1,1,1,2,2,2
1133,302770,-1,-1,-1,-1,-1,-1,1,1,1,4,6,5,5
4429,406154,-1,2,-1,-1,-1,-1,1,1,6,4,4,4,4
2973,402481,-1,-1,-1,-1,-1,-1,2,2,2,3,99,99,99
3654,404174,1,1,1,-1,-1,-1,1,1,1,2,4,3,3
2368,400950,2,2,2,-1,-1,-1,6,1,1,4,5,5,5
2266,400680,-1,-1,NA,-1,-1,NA,5,3,NA,4,4,NA,3
4691,406812,2,2,NA,-1,-1,NA,1,1,NA,99,99,NA,99
4538,406420,-1,-1,-1,-1,-1,-1,1,1,1,5,4,4,5
3414,403567,1,1,1,-1,-1,-1,1,1,1,4,99,6,5
4122,405342,4,4,4,-1,-1,-1,1,1,1,4,4,4,2
3154,402904,-1,-1,-1,-1,-1,-1,1,1,1,5,5,5,5
3818,404622,-1,-1,-1,-1,-1,-1,1,1,1,3,2,1,2
2951,402406,-1,-1,-1,-1,-1,-1,1,1,1,2,2,1,2
115,300246,1,1,NA,-1,-1,NA,5,3,NA,99,3,NA,99
1173,302871,4,4,4,-1,-1,-1,1,1,1,4,4,5,2
2274,400697,2,2,-1,-1,-1,-1,1,1,1,5,4,5,5
4272,405725,2,2,NA,-1,-6,NA,1,1,NA,6,6,NA,6
446,301125,1,1,1,-1,-1,-1,1,1,1,6,6,6,6
2253,400653,1,1,NA,-1,-1,NA,2,2,NA,99,99,NA,99
5002,407597,-1,-1,-1,-1,-1,-1,1,1,1,99,5,6,4
205,300518,-1,-1,-1,-1,-1,-1,1,1,1,7,7,7,7
1067,302602,1,1,1,-1,-1,-1,1,1,1,4,4,4,5
996,302421,-1,-1,-1,-1,-1,-1,1,1,1,6,6,6,6
3576,403972,1,4,4,-1,-1,-1,1,1,1,6,6,6,6
624,301514,2,4,2,-1,-1,-1,1,1,1,3,4,4,4
931,302239,4,4,4,-1,-1,-1,1,1,1,4,5,4,4
5059,407721,-1,-1,-1,-1,-1,-1,6,1,1,5,6,5,6
2216,400557,2,2,2,-1,-1,-1,1,1,1,6,6,4,5
5041,407688,-1,-1,NA,-1,-1,NA,2,2,NA,3,99,NA,99
2817,402052,2,4,4,-1,-1,-1,1,1,1,6,5,6,99
3429,403612,-1,-1,-1,-1,-1,-1,1,1,1,6,6,5,6
3571,403964,4,4,NA,-1,-6,NA,1,1,NA,5,5,NA,5
2083,400230,-1,4,4,-1,-1,-1,3,4,4,4,4,2,4
806,301947,4,4,2,-1,-1,-1,1,1,1,99,4,4,4
2884,402237,-1,-1,-1,-1,-1,-1,1,5,5,4,4,4,3
4772,406995,-1,-1,-1,-1,-1,-1,1,1,1,3,3,3,3
555,301365,4,4,NA,-1,-1,NA,1,1,NA,6,6,NA,5
2507,401271,1,1,1,-1,-1,-1,1,1,1,2,2,2,2
36,300082,-1,-1,-1,-1,-1,-1,1,1,1,2,2,2,2
3953,404938,1,1,1,-1,-1,-1,1,1,1,4,4,5,4
4194,405534,-1,-1,NA,-1,-1,NA,1,1,NA,3,2,NA,3
746,301804,-1,-1,NA,-1,-1,NA,1,1,NA,99,3,NA,99
2564,401416,-1,1,NA,-1,-1,NA,1,1,NA,2,2,NA,2
4123,405349,4,4,4,-1,-1,-1,1,1,1,4,4,3,4
3868,404752,1,1,NA,-1,-1,NA,1,1,NA,2,2,NA,2
4266,405703,-1,-1,NA,-1,-1,NA,3,4,NA,99,3,NA,3
220,300558,1,1,NA,-1,-1,NA,1,6,NA,2,2,NA,2
3178,402965,-1,-1,-1,-1,-1,-1,1,1,1,4,3,4,3
4042,405146,1,1,1,-1,-1,-1,1,1,1,4,3,2,4
675,301634,-1,2,2,-1,-1,-1,1,1,1,99,4,3,99
2257,400660,4,1,4,-1,-1,-1,5,3,3,5,99,99,4
403,301020,-1,1,1,-1,-1,-1,5,3,3,2,2,3,2
3471,403718,4,1,1,-1,-1,-1,1,1,1,3,1,4,3
296,300735,-1,-1,NA,-1,-6,NA,1,1,NA,4,6,NA,5
4873,407246,2,2,4,-1,-1,-1,1,1,1,6,6,6,6
2290,400737,2,2,2,-1,-1,-1,-2,1,1,5,6,5,5
3436,403626,2,2,2,-1,-1,-1,1,1,1,5,6,5,5
354,300885,1,1,1,-1,-1,-1,6,6,6,3,4,4,4
421,301065,-1,-1,4,4,-1,-1,5,3,3,99,4,4,99
20,300042,-1,-1,-1,-1,-1,-1,1,1,1,99,4,4,6
5039,407681,-1,4,4,4,-1,-6,3,4,4,99,6,6,99
3833,404664,2,2,2,-1,-1,-1,1,1,1,99,6,4,3
766,301857,4,1,1,-1,-1,-1,1,1,1,3,4,3,2
3753,404445,-1,-1,-1,-1,-1,-1,1,1,1,99,6,6,5
4589,406570,4,4,NA,-1,-1,NA,1,1,NA,5,6,NA,4
2742,401860,-1,-1,NA,-1,-1,NA,1,1,NA,4,99,NA,4
4062,405189,-1,-1,-1,-1,-1,-1,1,1,1,4,4,3,4
4496,406324,-1,-1,-1,-1,-1,-1,1,1,1,99,6,6,4
1072,302613,4,4,NA,-1,-1,NA,1,1,NA,99,99,NA,99
5047,407700,2,1,1,-1,-1,-1,1,1,1,4,4,3,5
4751,406955,-1,-1,-1,-1,-1,-1,1,6,1,5,3,2,5
4410,406114,-1,-1,-1,-1,-1,-1,1,1,1,6,6,6,6
4271,405712,1,1,1,-1,-1,-1,1,1,1,1,1,1,1
1099,302678,-1,-1,-1,-1,-1,-1,2,2,2,6,3,4,99
3824,404642,-1,-1,-1,-1,-1,-1,1,1,1,5,2,2,4
2176,400458,-1,-1,-1,-1,-1,-1,1,1,1,1,1,2,1
5063,407727,-1,-1,NA,-1,-1,NA,1,1,NA,4,4,NA,99
4390,406058,-1,-1,-1,-1,-1,-1,1,1,1,7,7,7,6
2851,402158,2,2,2,-1,-1,-1,1,1,1,6,5,6,4
3904,404823,2,2,2,-1,-1,-1,1,1,1,5,3,5,5
4291,405785,-1,-1,-1,-1,-1,-1,1,1,1,5,6,6,5
4201,405554,1,1,4,-1,-1,-6,1,6,6,99,4,4,4
3653,404169,2,2,2,-1,-1,-1,1,1,1,5,5,5,5
1024,302491,-1,-1,NA,-1,-1,NA,1,1,NA,5,99,NA,4
3274,403222,-1,-1,-1,-1,-1,-7,1,1,1,6,5,6,6
4920,407385,1,1,1,-1,-1,-1,1,1,1,4,3,2,3
504,301258,1,1,1,-1,-1,-1,5,3,3,4,5,5,5
2223,400567,-1,-1,-1,-1,-1,-1,1,1,1,99,4,4,4
2698,401749,-1,-1,NA,-1,-1,NA,1,1,NA,7,7,NA,6
3118,402825,-1,-1,-1,-1,-1,-1,1,1,1,6,6,6,6
4630,406664,-1,-1,-1,-1,-1,-1,1,1,1,6,5,5,4
2591,401475,1,1,1,-1,-1,-1,6,2,2,4,4,5,99
4213,405583,-1,-1,-1,-1,-1,-1,1,1,1,99,4,4,4
5056,407712,2,2,2,-1,-1,-1,1,1,1,6,7,7,6
304,300750,-1,-1,NA,-1,-1,NA,1,1,NA,4,4,NA,4
539,301331,-1,-1,-1,-1,-1,-1,1,1,1,2,2,2,2
727,301766,1,1,1,-1,-1,-1,1,1,1,4,3,1,3
4725,406891,1,1,1,-1,-1,-1,1,1,1,2,2,2,2
4794,407065,1,1,1,-1,-1,-1,2,2,2,4,5,2,3
3421,403581,2,2,2,-1,-1,-1,1,1,1,5,5,5,6
3441,403644,-1,-1,-1,-1,-1,-1,1,1,1,4,6,6,5
2440,401111,4,5,1,-1,-1,-1,1,1,1,1,2,2,2
2664,401643,-1,-1,-1,-1,-1,-1,1,1,6,99,99,6,4
2047,400126,1,1,1,-1,-1,-1,2,2,2,4,1,1,4
162,300371,1,1,1,-1,-1,-1,1,1,1,1,1,1,1
3109,402800,2,2,2,-1,-1,-6,1,1,1,6,6,6,6
3847,404715,-1,-1,-1,-1,-1,-1,3,4,4,3,3,99,3
2239,400605,-1,-1,-1,-1,-1,-1,1,1,1,5,4,5,5
3518,403853,-1,-1,-1,-1,-1,-1,1,1,1,6,99,99,6
697,301685,-1,-1,-1,-1,-1,-1,1,1,1,4,99,3,4
4304,405813,-1,-1,-1,-1,-1,-1,2,2,2,5,4,6,-9
4108,405312,2,2,2,-1,-1,-1,1,1,1,6,5,6,6
2544,401372,2,2,2,-1,-1,-1,1,1,1,6,3,6,99
3439,403635,-1,-1,-1,-1,-1,-1,1,1,1,2,1,2,2
4541,406425,-1,-1,-1,-1,-1,-1,1,1,1,99,6,6,4
604,301464,-1,4,4,-1,-1,-1,1,1,3,5,4,99,6
4783,407021,-1,-1,NA,-1,-1,NA,2,2,NA,99,4,NA,4
3172,402956,1,1,1,-1,-1,-1,1,1,1,3,3,4,3
4897,407319,4,4,4,-1,-1,-1,1,1,1,6,6,6,6
3719,404351,-1,-1,-1,-1,-1,-1,1,1,1,99,3,4,4
88,300187,2,2,4,-1,-1,-1,1,1,1,4,6,6,99
4336,405905,-1,-1,-1,-1,-1,-1,1,1,1,7,6,6,6
2454,401144,1,1,1,-1,-1,-1,5,3,3,99,3,3,4
3957,404953,2,2,2,-1,-1,-1,1,1,1,99,99,2,4
2375,400965,4,-1,-1,-1,-1,-1,1,1,1,5,5,5,5
4476,406265,4,-1,-1,-1,-1,-6,1,1,1,5,99,99,99
301,300745,2,2,NA,-1,-6,NA,1,1,NA,5,6,NA,5
551,301354,2,2,2,-1,-1,-1,1,1,1,6,7,6,6
1125,302752,-1,-1,-1,-1,-1,-1,1,1,1,5,5,5,3
3800,404576,-1,-1,-1,-1,-1,-1,1,1,1,4,4,3,3
630,301528,-1,-1,2,-1,-1,-1,1,1,1,6,6,7,6
2704,401761,-9,2,2,-1,-1,-1,1,1,1,-9,6,6,-9
4805,407100,1,1,1,-1,-1,-1,2,2,2,2,2,3,3
2643,401597,-1,-1,-1,-1,-1,-1,1,1,1,1,1,1,1
918,302207,-1,-1,-1,-1,-1,-1,1,1,1,6,6,2,6
2516,401293,-1,-1,-1,-1,-1,-1,1,1,1,1,1,2,1
2034,400096,-1,-1,NA,-1,-1,NA,1,1,NA,99,99,NA,99
4069,405206,1,1,1,-1,-1,-1,1,1,1,3,3,2,2
3706,404322,-1,-1,-1,-1,-1,-1,1,1,1,4,5,6,4
370,300924,1,1,NA,-1,-1,NA,2,2,NA,3,2,NA,6
2685,401706,2,2,2,-1,-1,-1,1,1,1,6,6,7,6
3049,402664,4,1,1,-1,-1,-1,1,1,1,2,1,1,2
4709,406854,1,1,1,-1,-1,-1,1,1,1,4,4,4,3
3211,403057,1,1,1,-1,-1,-1,1,1,1,3,2,3,4
267,300674,2,2,4,-1,-1,-1,1,1,1,99,4,99,5
202,300503,-1,-1,NA,-1,-1,NA,5,3,NA,6,7,NA,6
3865,404746,2,2,2,-1,-1,-1,1,6,6,4,5,5,4
3045,402651,-1,-1,NA,-1,-1,NA,3,4,NA,99,99,NA,5
3692,404282,-1,-1,-1,-1,-1,-1,1,1,1,99,99,99,4
4196,405536,4,1,1,-1,-1,-1,6,6,6,2,2,2,2
625,301515,1,1,NA,-1,-1,NA,5,3,NA,2,3,NA,2
3765,404476,2,2,NA,-1,-1,NA,1,6,NA,99,4,NA,4
4753,406958,1,1,1,-1,-1,-1,1,1,1,1,1,1,2
2785,401972,-1,-1,-1,-1,-1,-1,1,1,1,6,6,6,6
2102,400274,-1,-1,-1,-1,-1,-1,1,1,1,3,2,3,3
2436,401102,1,1,2,-1,-1,-1,5,3,3,2,3,2,4
4426,406147,4,4,4,-1,-1,-1,1,5,1,4,4,4,4
1049,302559,1,1,1,-1,-1,-1,2,2,2,4,2,2,4
4520,406376,2,2,NA,-1,-1,NA,1,1,NA,6,6,NA,7
3474,403732,-1,-1,NA,-1,-6,NA,1,1,NA,99,99,NA,99
4729,406906,-1,-1,-1,-1,-1,-6,1,1,1,2,2,4,3
3673,404239,-1,-1,NA,-1,-1,NA,3,4,NA,4,6,NA,4
2424,401073,2,2,NA,-1,-1,NA,1,1,NA,6,99,NA,99
3852,404723,1,1,NA,-1,-6,NA,5,3,NA,99,99,NA,3
4322,405872,2,2,2,-1,-1,-6,5,1,1,99,99,6,99
4077,405219,-1,4,NA,-1,-1,NA,4,5,NA,4,99,NA,99
4268,405707,-1,-1,-1,-1,-1,-1,1,1,1,2,2,1,2
2400,401021,1,1,1,-1,-1,-1,2,5,2,4,99,99,2
4248,405664,1,1,1,-1,-1,-1,3,4,4,2,5,2,99
2896,402267,1,1,1,-1,-1,-1,1,1,1,-9,4,3,2
1096,302671,2,2,2,-1,-1,-1,1,1,1,6,6,6,6
3931,404891,-1,-1,-1,-1,-1,-1,5,3,3,2,3,2,4
4558,406489,1,1,1,-1,-1,-1,1,1,1,2,2,2,2
3921,404870,-1,-1,-1,-1,-1,-7,3,4,4,2,2,2,2
2234,400596,1,1,1,-1,-1,-1,1,1,1,4,4,99,4
4644,406704,4,2,NA,-1,-1,NA,1,1,NA,5,6,NA,5
2916,402318,-1,-1,-1,-1,-1,-1,5,3,3,99,2,2,5
2225,400573,1,1,NA,-1,-1,NA,1,1,NA,3,2,NA,3
2815,402049,-1,-1,-1,-1,-1,-1,1,1,1,99,5,4,5
3103,402785,-1,-1,NA,-1,-1,NA,1,1,NA,6,6,NA,6
3591,404011,-1,-1,-1,-1,-1,-1,1,1,1,99,5,5,5
2581,401447,-1,4,NA,-1,-1,NA,1,1,NA,5,5,NA,5
5053,407708,1,1,1,-1,-1,-1,1,1,1,3,2,3,3
4557,406484,-1,-1,1,-1,-1,-1,2,2,2,99,5,99,4
1170,302865,1,1,1,-1,-1,-6,1,1,1,1,1,1,1
3893,404805,-1,-1,-1,-1,-1,-1,1,6,1,2,2,2,2
2940,402374,-1,-1,-1,-1,-1,-1,1,1,1,6,7,7,6
3463,403698,4,4,NA,-1,-1,NA,1,1,NA,4,4,NA,4
43,300100,1,1,1,-1,-1,-1,2,1,2,1,99,1,2
4315,405847,1,1,1,-1,-1,-1,3,4,4,3,4,5,3
118,300252,1,1,1,-1,-1,-1,5,3,3,99,4,4,99
137,300299,1,4,4,-1,-1,-1,1,1,1,1,1,1,1
737,301786,1,1,1,-1,-1,-1,1,1,1,2,2,2,2
4706,406845,-1,-1,-1,-1,-1,-1,3,6,6,99,4,5,3
1008,302450,2,2,2,-1,-1,-1,1,1,1,6,7,7,6
3959,404957,4,1,1,-1,-1,-1,1,1,1,5,2,2,3
4831,407158,-1,2,4,4,-1,-1,1,5,1,3,6,6,4
4088,405256,1,1,1,-1,-1,-6,1,1,1,3,2,4,4
4653,406729,1,1,1,-1,-1,-1,2,2,2,99,99,3,99
251,300629,-1,-1,NA,-1,-1,NA,2,2,NA,3,99,NA,99
835,302009,2,2,2,-1,-1,-1,1,1,1,4,4,4,4
332,300820,-1,-1,-1,-1,-1,-1,1,1,1,6,7,7,6
2331,400858,2,2,2,-1,-1,-1,1,1,1,6,6,6,6
612,301483,2,2,2,-1,-1,-1,1,1,1,2,3,6,5
4127,405356,-1,-1,-1,-1,-1,-1,1,1,1,3,3,2,2
645,301564,1,1,1,-1,-1,-1,1,1,1,2,4,4,2
3067,402699,2,1,2,-1,-1,-1,1,1,1,6,6,6,6
2691,401732,-1,-1,-1,-1,-1,-1,1,1,1,2,2,3,2
477,301187,-1,-1,4,-1,-1,-1,1,1,1,4,4,4,4
2900,402284,-1,-1,-1,-1,-1,-1,1,1,1,7,7,7,7
4952,407476,-1,-1,-1,-1,-1,-1,3,6,4,99,99,4,4
4389,406054,-1,-1,NA,-1,-6,NA,1,1,NA,3,5,NA,99
811,301956,-1,-1,NA,-1,-1,NA,2,2,NA,99,4,NA,4
3403,403537,-1,-1,-1,-1,-1,-1,1,1,1,99,6,7,4
2183,400473,4,2,2,-1,-1,-1,1,1,1,4,4,5,4
1090,302660,2,2,2,-1,-1,-1,1,1,1,5,5,6,5
4417,406134,-1,-1,-1,-1,-1,-1,5,3,3,99,4,4,4
4953,407479,-1,2,2,-1,-1,-1,1,1,1,99,7,6,4
5030,407660,-1,-1,-1,-1,-1,-1,1,1,1,7,6,6,6
4016,405080,4,4,4,-1,-1,-1,1,1,1,2,4,4,2
377,300935,1,1,1,-1,-1,-1,1,1,1,1,2,2,2
2118,400308,1,1,1,-1,-1,-1,1,1,1,1,3,2,2
4264,405699,-1,-1,-1,-1,-1,-1,1,1,1,2,2,1,4
4842,407184,1,2,NA,-1,-6,NA,1,1,NA,4,6,NA,4
864,302080,1,1,1,-1,-1,-1,2,2,2,4,4,4,4
4258,405684,-1,-1,-1,-1,-1,-1,3,4,4,2,4,3,2
3106,402793,1,1,4,-1,-1,-1,1,1,1,4,1,99,99
2787,401976,-1,-1,-1,-1,-1,-1,1,1,1,5,6,5,6
240,300605,-1,-1,-1,-1,-1,-1,1,1,1,7,7,7,7
3672,404238,1,4,1,-1,-1,-1,1,1,1,99,4,2,4
2103,400275,-1,-1,-1,-1,-1,-1,1,1,1,3,3,3,3
265,300660,2,-1,NA,-1,-1,NA,1,1,NA,6,6,NA,6
4625,406657,-1,-1,-1,-1,-1,-1,1,1,1,5,6,6,6
1172,302867,2,2,NA,-1,-6,NA,1,-9,NA,99,6,NA,99
1144,302793,-1,-1,-1,-1,-1,-1,2,3,3,4,3,4,3
4606,406617,2,2,2,-1,-1,-1,1,1,1,6,6,7,6
723,301749,4,1,1,-1,-1,-1,1,1,1,1,1,2,1
2190,400498,2,2,2,-1,-1,-1,1,1,1,5,6,6,5
4868,407238,-1,-1,-1,-1,-1,-1,1,1,1,99,99,99,99
4553,406468,-1,-1,-1,-1,-1,-1,1,1,1,4,4,5,4
493,301228,-1,-1,-1,-1,-1,-1,2,2,6,4,99,3,4
4477,406266,-1,-1,-1,-1,-1,-1,1,1,1,3,6,6,3
3457,403685,-1,-1,-1,-1,-1,-1,1,6,1,6,6,6,6
2021,400054,-1,-1,-1,-1,-1,-1,1,1,1,6,7,7,6
4742,406936,1,1,1,-1,-1,-1,6,6,6,4,2,99,3
308,300759,-1,-1,-1,-1,-1,-1,1,1,1,6,4,4,4
2195,400504,1,1,1,-1,-1,-1,2,2,2,3,3,2,4
4100,405292,4,-1,4,-1,4,-1,3,4,4,3,3,3,3
4087,405254,-1,-1,-1,-1,-1,-1,2,2,2,99,1,99,7
3123,402835,-1,-1,NA,-1,-1,NA,1,1,NA,7,6,NA,6
767,301858,-1,-1,NA,-1,-6,NA,2,2,NA,3,3,NA,3
975,302375,-1,-1,NA,-1,-1,NA,6,1,NA,99,4,NA,99
3524,403867,-1,-1,-1,-1,-1,-1,1,1,1,99,4,6,4
3248,403159,-1,-1,-1,-1,-1,-1,1,-9,1,4,4,3,4
4506,406347,-1,-1,-1,-1,-1,-1,1,1,1,5,3,4,5
4329,405887,2,2,2,-1,-1,-1,1,1,1,6,6,6,5
2076,400200,1,4,NA,-1,-6,NA,5,3,NA,1,99,NA,4
2080,400214,-1,-1,-1,-1,-1,-1,1,1,1,6,6,6,6
2317,400802,1,1,1,-1,-1,-1,1,1,1,3,2,4,4
795,301918,-1,-1,-1,-1,-1,-1,1,1,1,6,7,6,5
2126,400330,1,1,1,-1,-1,-1,3,4,4,4,4,99,99
4074,405213,-1,-1,-1,-1,-1,-1,1,1,1,6,6,6,6
718,301731,4,4,1,-1,-1,-1,6,2,2,6,4,4,6
4195,405535,-1,-1,-1,-1,-1,-1,1,1,1,6,6,6,5
2650,401609,2,5,-1,-1,-1,-1,1,-9,-9,5,99,99,5
4398,406082,1,1,1,-1,-1,-1,1,1,1,2,3,2,2
2316,400798,4,4,4,-1,-1,-1,5,3,3,2,3,3,3
2413,401049,-1,-1,-1,-1,-1,-1,1,1,1,2,1,2,1
1007,302449,-1,-1,NA,-1,-1,NA,1,1,NA,99,6,NA,4
3979,404992,-1,-1,-1,-1,-1,-6,1,1,1,6,4,5,4
3666,404224,-1,-1,-1,-1,-1,-1,1,1,1,6,6,6,5
4662,406746,2,2,NA,-1,-6,NA,1,1,NA,6,6,NA,6
1070,302610,2,2,NA,-1,-7,NA,1,1,NA,7,7,NA,7
4599,406605,-1,-1,-1,-1,-1,-1,1,1,1,4,4,99,99
4595,406594,-1,-1,-1,-1,-1,-1,5,3,3,99,99,99,99
5075,407764,2,2,2,-1,-1,-1,1,1,1,5,7,6,5
3733,404382,1,1,1,-1,-1,-6,1,1,1,1,1,3,2
2984,402513,1,1,NA,-1,-6,NA,1,1,NA,1,1,NA,1
820,301974,-1,-1,-1,-1,-1,-1,1,1,1,5,6,4,5
247,300620,1,1,1,-1,-1,-1,2,6,6,4,2,1,1
2164,400417,-1,-1,NA,-1,-1,NA,5,3,NA,99,4,NA,99
4482,406284,2,2,2,-1,-1,-1,1,1,1,5,99,6,6
5035,407672,4,4,NA,-1,-1,NA,1,1,NA,2,2,NA,3
3741,404413,-1,-1,-1,-1,-1,-1,1,1,1,99,99,4,4
859,302074,-1,-1,-1,-1,-1,-1,5,3,3,5,6,6,6
291,300726,4,4,4,-1,-1,-1,1,1,1,4,99,99,99
4838,407176,-1,-1,-1,-1,-1,-1,1,1,1,2,2,2,1
4163,405457,1,1,NA,-1,-1,NA,5,3,NA,99,3,NA,99
3160,402917,-1,-1,NA,-1,-1,NA,1,1,NA,99,6,NA,99
1064,302587,2,2,NA,-1,-1,NA,5,3,NA,6,6,NA,6
575,301404,-1,-1,NA,-1,-1,NA,5,3,NA,6,6,NA,6
4982,407554,2,2,2,-1,-1,-1,1,1,1,7,7,7,99
992,302408,-1,-1,-1,-1,-1,-1,1,1,1,99,99,99,99
156,300345,2,2,2,-1,-1,-1,1,1,1,4,6,4,4
637,301545,-1,-1,-1,-1,-1,-1,2,2,2,5,4,5,4
2899,402282,-1,-1,-1,-1,-1,-1,1,1,1,4,99,4,4
4950,407460,2,2,2,-1,-1,-1,1,1,1,4,4,4,4
4564,406506,-1,-1,NA,-1,-1,NA,1,1,NA,4,4,NA,4
2519,401304,-1,-1,NA,-1,-1,NA,5,3,NA,3,4,NA,3
3112,402817,2,2,2,-1,-1,-1,1,5,1,6,6,4,6
4749,406951,1,1,1,-1,-1,-1,1,1,1,1,1,1,1
2464,401164,2,-1,-1,-1,-1,-1,1,1,1,6,6,6,6
2798,402003,1,1,1,-1,-1,-1,1,1,1,7,7,6,6
2827,402078,1,1,1,-1,-1,-1,2,2,2,5,5,4,99
652,301584,2,2,NA,-1,-1,NA,1,1,NA,5,5,NA,5
3026,402612,-1,-1,NA,-1,-6,NA,1,1,NA,6,5,NA,6
4052,405172,1,1,NA,-1,-1,NA,1,1,NA,99,4,NA,99
987,302402,2,2,2,-1,-1,-1,1,1,1,7,7,7,7
4576,406541,1,1,1,-1,-1,-1,2,2,2,4,4,4,4
2699,401752,-1,-1,-1,-1,-1,-1,1,1,1,6,6,6,5
4622,406652,2,2,2,-1,-1,-1,1,1,1,6,6,6,6
631,301530,-1,-1,-1,-1,-1,-1,1,1,1,4,99,99,99
4205,405562,-1,-1,-1,-1,-1,-1,1,1,1,99,99,99,99
3200,403025,1,1,NA,-1,-1,NA,5,3,NA,3,4,NA,4
5013,407625,-1,-1,2,2,-1,-1,1,1,1,99,4,99,99
1019,302471,2,2,2,-1,-1,-1,1,1,1,99,99,99,99
2819,402059,2,2,NA,-1,-1,NA,1,1,NA,99,4,NA,4
2724,401821,2,2,2,-1,-1,-6,1,1,1,6,7,6,6
4183,405500,-1,-1,NA,-1,-1,NA,1,1,NA,6,4,NA,3
1040,302532,-1,-1,-1,-1,-1,-1,1,1,1,5,4,5,5
5028,407658,-1,-1,NA,-1,-1,NA,1,1,NA,2,2,NA,3
990,302405,1,1,NA,-1,-1,NA,1,1,NA,4,4,NA,3
3886,404788,-1,-1,-1,-1,-1,-1,1,1,1,4,2,2,4
730,301774,-1,-1,-1,-1,-1,-1,1,1,1,5,5,5,3
2621,401555,-1,-1,-1,-1,-1,-1,1,1,1,6,6,6,6
567,301384,-1,-1,-1,-1,-1,-1,1,1,1,4,4,4,4
4547,406457,2,2,4,-1,-1,-1,1,1,1,4,5,4,5
749,301809,-1,-1,-1,-1,-1,-1,5,1,1,4,3,3,3
3616,404071,-1,-1,-1,-1,-1,-1,1,1,1,4,5,4,5
2659,401632,2,1,NA,-1,-1,NA,1,1,NA,5,2,NA,6
2559,401400,4,4,4,-1,-1,-1,1,1,1,99,99,99,99
2276,400703,2,2,NA,-1,-1,NA,1,1,NA,6,6,NA,6
3430,403616,2,2,2,-1,-1,-1,1,1,1,6,5,3,6
3828,404648,2,-1,-1,-1,-1,-1,1,1,1,6,6,4,6
908,302183,-1,-1,4,-1,4,-6,1,1,1,99,99,99,99
24,300049,1,1,1,-1,-1,-1,1,1,1,6,5,5,6
4744,406945,-1,-1,NA,-1,-1,NA,1,1,NA,4,1,NA,99
842,302030,4,1,NA,-1,-1,NA,1,1,NA,3,2,NA,2
483,301200,-1,-1,-1,-1,-1,-1,1,1,1,99,4,4,4
3808,404602,-1,-1,-1,-1,-1,-1,2,2,2,5,2,2,3
515,301281,-1,-1,NA,-1,-6,NA,1,1,NA,6,7,NA,6
3312,403330,-1,-1,NA,-1,-1,NA,1,1,NA,7,7,NA,7
3768,404485,2,2,2,-1,-1,-1,1,1,1,6,7,6,6
4421,406138,2,-1,-1,-1,-1,-1,1,1,1,7,7,7,7
2392,401005,-1,-1,-1,-1,-1,-1,1,-9,-9,4,99,4,4
2336,400870,1,1,1,-1,-1,-1,1,1,1,4,4,4,4
4754,406959,-1,-1,-1,-1,-1,-1,1,1,1,4,4,4,4
3321,403354,1,1,1,-1,-1,-1,2,2,2,99,1,2,2
3561,403947,-1,-1,-1,-1,-1,-1,1,1,1,4,4,99,6
1156,302821,-1,-1,-1,-1,-1,-1,1,1,1,99,99,4,4
4864,407229,-1,4,2,-1,-1,-1,1,1,1,99,99,4,5
2970,402472,1,2,2,-1,-1,-1,1,1,1,4,6,6,5
4323,405875,-1,-1,-1,-1,-1,-1,6,6,1,2,3,3,2
784,301894,1,4,4,-1,-1,-1,5,3,3,4,3,4,4
4221,405602,-1,-1,NA,-1,-1,NA,2,2,NA,1,1,NA,5
4598,406601,1,1,1,-1,-1,-1,1,1,1,6,7,6,6
4690,406811,1,1,4,-1,-1,-1,1,1,1,3,4,4,4
3472,403723,-1,-1,-1,-1,-1,-1,4,1,1,4,4,4,4
4161,405450,1,1,1,-1,-1,-1,1,1,1,4,4,5,4
4835,407173,-1,2,2,-1,-1,-1,1,1,1,99,6,5,5
128,300273,2,2,NA,-1,-6,NA,1,1,NA,6,5,NA,5
3766,404477,1,4,NA,-1,-1,NA,1,1,NA,5,5,NA,4
2856,402170,2,2,2,-1,-1,-1,1,1,1,5,3,4,5
4314,405843,1,1,1,-1,-1,-1,1,1,1,2,2,2,2
3502,403800,-1,-1,NA,-1,-1,NA,1,1,NA,4,4,NA,4
2593,401477,-1,-1,-1,-1,-1,-1,1,1,1,4,3,99,3
785,301895,1,1,1,-1,-1,-6,1,1,-4,2,2,2,3
4057,405183,2,2,2,-1,-1,-1,1,1,1,6,4,6,6
3745,404425,4,4,4,-1,-1,-1,3,6,4,5,5,5,5
3790,404546,1,1,2,-1,-1,-1,3,4,4,5,4,6,5
1177,302876,1,1,NA,-1,-1,NA,1,1,NA,4,3,NA,3
3057,402682,4,2,2,-1,-1,-1,1,1,1,99,4,4,4
2362,400937,-1,-1,-1,-1,-1,-1,1,1,1,99,99,99,4
4618,406643,-1,1,NA,-1,-7,NA,5,3,NA,99,3,NA,99
3416,403571,1,1,1,-1,-1,-6,2,2,2,3,2,2,2
3102,402783,-1,-1,-1,-1,-1,-1,1,1,1,3,3,3,3
3598,404030,1,1,NA,-1,-1,NA,-2,1,NA,2,1,NA,4
4210,405578,-1,-1,-1,-1,-1,-1,1,1,1,99,6,6,99
4115,405323,2,2,2,-1,-1,-1,1,1,1,7,7,7,6
2616,401542,-1,-1,NA,-1,-1,NA,1,1,NA,99,6,NA,5
2578,401441,-1,-1,-1,-1,-1,-1,1,1,1,6,4,6,6
3903,404821,1,1,1,-1,-1,-1,5,3,3,4,4,2,4
5052,407707,-1,-1,-1,-1,-1,-1,1,1,1,7,6,6,6
344,300860,1,1,1,-1,-1,-1,1,1,1,2,2,2,2
2486,401226,-1,-1,-1,-1,-1,-1,1,1,1,4,99,3,4
2763,401916,-1,-1,NA,-1,-1,NA,1,1,NA,4,99,NA,4
909,302186,2,1,1,-1,-1,-1,1,1,1,99,4,99,99
4718,406874,-1,-1,NA,-1,-1,NA,1,1,NA,1,2,NA,1
4171,405467,-1,-1,NA,-1,-1,NA,1,1,NA,5,4,NA,4
500,301242,-1,-1,NA,-1,-6,NA,1,1,NA,99,99,NA,99
4445,406203,-1,-1,-1,-1,-1,-1,1,1,1,5,5,5,6
1100,302679,4,4,4,-1,-1,-1,1,1,1,4,4,99,99
4348,405939,1,1,NA,-1,-6,NA,1,1,NA,4,99,NA,99
417,301059,-1,-1,NA,-1,-1,NA,6,5,NA,4,5,NA,4
3465,403706,2,1,NA,-1,-1,NA,1,1,NA,99,3,NA,4
4135,405383,-1,-1,-1,-1,-1,-1,5,3,3,99,6,7,7
706,301705,1,1,1,-1,-1,-1,1,1,1,5,2,2,2
34,300072,-1,-1,-1,-1,-1,-6,1,1,1,7,6,-9,6
621,301501,4,4,1,-1,-1,-1,1,1,1,2,2,4,2
3359,403427,-1,-1,-1,-1,-1,-1,1,1,1,3,3,3,4
4928,407402,-1,2,1,1,-1,-1,1,1,1,5,99,6,99
4173,405471,-1,-1,NA,-1,-1,NA,1,1,NA,4,5,NA,5
3819,404624,-1,-1,NA,-1,-1,NA,1,1,NA,4,99,NA,99
4447,406206,4,4,4,-1,-1,-1,1,1,1,4,5,4,4
258,300641,-1,-1,-1,-1,-1,-1,5,3,3,3,4,2,3
3803,404585,4,-1,NA,-1,-1,NA,5,3,NA,6,4,NA,5
4295,405790,2,1,1,-1,-1,-1,1,1,1,4,4,3,99
4063,405190,-1,-1,-1,-1,-1,-1,1,1,1,99,4,4,4
2997,402542,-1,-1,-1,-1,-1,-1,1,1,1,2,2,2,3
4750,406953,1,5,2,-1,-1,-1,1,1,1,3,6,5,2
2064,400176,2,2,-1,-1,-1,-1,1,1,1,5,5,6,5
437,301105,-1,-1,-1,-1,-1,-1,1,1,1,99,7,7,99
447,301129,1,1,1,-1,-1,-1,1,1,1,99,2,5,4
2397,401013,4,2,NA,-1,-1,NA,1,6,NA,4,6,NA,6
3110,402815,2,2,2,-1,-1,-1,1,1,1,7,7,7,6
644,301563,2,2,2,-1,-1,-1,1,1,1,6,6,6,6
73,300168,1,1,1,-1,-1,-1,6,6,5,-8,2,2,99
3940,404912,-1,-1,NA,-1,-1,NA,1,1,NA,99,7,NA,5
4337,405909,-1,-1,-1,-1,-1,-1,1,1,1,99,99,2,99
4575,406538,-1,-1,-1,-1,-1,-1,1,1,1,6,7,7,6
4284,405763,4,-1,4,-1,-1,-1,1,1,1,2,3,2,2
3356,403421,1,1,NA,-1,-6,NA,1,1,NA,3,4,NA,2
669,301623,-1,-1,-1,-1,-1,-1,1,1,1,3,2,2,4
4888,407290,4,4,1,-1,-1,-1,6,2,6,5,99,5,5
2391,401003,-1,-1,2,-1,-1,-1,1,1,1,99,99,99,5
2619,401552,-1,-1,-1,-1,-1,-1,1,1,1,6,6,6,6
3179,402966,-1,-1,NA,-1,-6,NA,6,3,NA,99,2,NA,4
4624,406654,-1,4,NA,-1,-6,NA,5,3,NA,5,3,NA,5
4347,405937,2,2,2,-1,-1,-1,1,1,1,5,6,6,5
3499,403792,2,2,2,-1,-1,-1,1,1,1,4,5,4,4
4133,405375,-1,-1,NA,-1,2,NA,1,1,NA,99,4,NA,99
2191,400499,2,2,-1,-1,-1,2,1,1,1,6,6,99,6
3291,403282,1,1,1,-1,-1,-1,1,1,1,2,2,2,2
2539,401356,2,-1,-1,-1,-1,-1,1,1,1,99,5,6,6
3975,404986,-1,-1,-1,-1,-1,-1,2,2,2,4,4,3,3
4165,405460,2,4,4,-1,-1,-1,1,1,1,5,3,3,4
337,300839,5,4,4,-1,-1,-1,1,1,1,4,4,4,4
2445,401127,4,1,1,-1,-1,-1,3,4,4,2,3,3,4
2961,402435,4,4,NA,-1,-1,NA,1,1,NA,99,4,NA,4
4361,405972,4,4,4,-1,-1,-1,1,1,1,2,2,3,2
2135,400351,-1,-1,NA,-1,-1,NA,4,5,NA,4,99,NA,4
4571,406527,-1,-1,-1,-1,-1,-1,2,2,2,99,2,3,4
3858,404735,2,2,2,-1,-1,-1,1,1,1,5,5,4,5
1050,302562,-1,-1,-1,-1,-1,-1,1,1,1,3,4,3,4
4028,405104,-1,-1,-1,-1,-1,-1,2,2,2,4,1,4,2
3875,404771,-1,-1,-1,-1,-1,-1,3,4,4,4,99,4,99
4056,405181,1,2,2,-1,-1,-1,1,1,1,6,6,-9,6
1169,302864,2,-1,4,-1,2,-1,1,1,1,5,5,5,5
3932,404893,1,1,1,-1,-1,-1,2,2,2,99,4,99,4
2943,402384,-1,4,NA,-1,-1,NA,1,1,NA,99,3,NA,7
2441,401112,-1,-1,NA,-1,-1,NA,1,5,NA,99,2,NA,3
451,301135,4,1,1,-1,-1,-1,1,1,1,2,2,2,2
2059,400158,1,1,NA,-1,-1,NA,1,1,NA,1,1,NA,1
3036,402630,-1,4,-1,-1,-1,-1,1,1,1,6,6,7,6
94,300204,1,1,NA,-1,-1,NA,1,1,NA,2,2,NA,2
2087,400237,2,4,-1,-1,-1,-1,1,1,1,4,4,99,99
5071,407757,2,2,2,-1,-1,-1,1,1,1,6,4,3,5
3997,405031,-1,-1,-1,-1,-1,-1,1,1,1,4,4,5,6
2320,400815,-1,-1,-1,-1,-1,-1,1,1,1,4,3,3,3
3918,404862,5,5,-1,-1,-1,4,1,1,1,99,3,99,99
387,300976,1,1,1,-1,-1,-1,1,1,1,4,4,4,4
2958,402430,2,2,2,-1,-1,-1,1,1,1,6,6,6,6
522,301296,-1,-1,-1,-1,-1,-1,1,1,1,99,4,99,4
955,302313,-1,-1,-1,-1,-1,-1,1,1,1,4,99,99,4
85,300184,1,1,NA,-1,-1,NA,2,2,NA,4,4,NA,4
3840,404689,4,4,4,-1,-1,-1,3,4,4,99,99,99,2
2885,402240,1,1,NA,-1,-6,NA,1,1,NA,1,1,NA,1
2344,400894,-1,-1,-1,-1,-1,-1,1,1,1,3,4,4,99
3814,404612,4,1,4,-1,-1,-1,1,1,1,2,2,2,2
2361,400935,-1,-1,-1,-1,-1,-1,2,2,2,99,2,99,99
2999,402547,-1,-1,-1,-1,-1,-1,1,1,1,4,4,4,4
168,300387,-1,-1,-1,-1,-1,-1,1,1,1,5,6,6,6
4713,406864,-1,-1,NA,-1,-1,NA,1,1,NA,4,2,NA,2
4281,405757,1,-1,1,-1,-1,-1,6,6,6,2,2,2,2
4909,407357,1,1,NA,-1,-1,NA,2,5,NA,99,4,NA,3
2354,400923,-1,-1,-1,-1,-1,-1,6,2,2,99,3,99,4
3293,403285,-1,2,NA,4,-1,NA,1,1,NA,99,99,NA,4
2079,400213,-1,-1,-1,-1,-1,-1,1,1,1,4,6,6,4
2930,402350,-1,-1,-1,-1,-1,-1,1,1,1,99,4,4,4
2159,400404,4,-1,-1,-1,-1,-1,1,1,1,7,6,7,6
531,301316,-1,-1,NA,-1,-7,NA,1,1,NA,6,6,NA,6
2366,400947,-1,-1,-1,-1,-1,-1,1,1,1,4,3,2,4
3490,403764,-1,4,1,-1,-1,-1,1,1,1,5,4,3,3
2796,402001,-1,-1,-1,-1,-1,-1,1,1,1,99,99,99,4
3126,402838,-1,-1,-1,-1,-1,-1,1,1,1,6,6,4,6
5024,407653,4,2,4,-1,-1,-1,1,1,1,4,4,4,4
10,300020,-1,-1,NA,-1,-1,NA,1,1,NA,3,3,NA,2
4711,406862,-1,-1,-1,-1,-1,-1,5,3,3,4,3,99,99
4466,406249,4,4,NA,-1,-1,NA,1,1,NA,6,4,NA,6
2309,400775,1,1,1,-1,-1,-1,1,1,1,1,1,1,1
2194,400503,-1,-1,-1,-1,-1,-1,1,1,1,6,6,6,6
4826,407145,-1,-1,-1,-1,-1,-1,1,1,1,2,3,4,2
4694,406817,4,4,4,-1,-1,-1,3,4,4,99,3,3,99
4448,406212,-1,-1,-1,-1,-1,-1,1,1,1,6,6,6,6
2302,400759,-1,-1,-1,-1,-1,-1,1,1,1,4,4,4,4
213,300545,1,1,NA,-1,-1,NA,1,1,NA,1,1,NA,2
2712,401792,1,1,1,-1,-1,-1,1,1,1,1,1,1,1
3023,402602,2,2,2,-1,-1,-1,1,1,1,5,6,5,5
3309,403322,-1,-1,-1,-1,-1,-1,3,4,4,-9,2,2,5
4172,405468,-1,-1,NA,-1,-1,NA,5,2,NA,2,4,NA,2
2739,401856,4,4,4,-1,-1,-1,1,1,1,4,4,2,4
4036,405136,-1,-1,-1,-1,-1,-1,1,1,1,5,4,4,4
2793,401993,1,1,1,-1,-1,-1,2,2,2,2,1,2,2
546,301345,4,4,4,-1,-1,-1,1,1,1,6,6,5,6
4459,406238,2,2,NA,-1,-1,NA,1,1,NA,6,6,NA,6
3688,404277,4,4,4,-1,-1,-1,1,1,1,2,2,2,2
3324,403367,1,2,1,-1,-1,-1,1,3,1,5,4,4,4
3864,404744,-1,-1,-1,-1,-1,-1,1,1,1,1,2,2,2
3786,404536,1,4,4,-1,-1,-1,5,3,3,5,4,4,4
2611,401527,4,1,4,-1,-1,-1,1,1,1,3,3,4,4
3085,402745,-1,-1,2,-1,-1,-1,1,1,1,6,6,6,7
4443,406198,-1,1,1,1,-1,-1,5,3,3,2,2,2,99
4602,406610,4,2,4,-1,-1,-1,1,1,1,6,6,6,6
4297,405792,-1,-1,NA,-1,-6,NA,1,1,NA,99,99,NA,99
3708,404324,-1,-1,-1,-1,-1,-1,1,1,1,6,6,6,6
5058,407717,-1,-1,-1,-1,-1,-1,1,1,1,5,6,5,6
4191,405530,-1,-1,-1,-1,-1,-1,-2,-9,-9,6,5,5,4
3512,403835,4,4,2,-1,-1,-1,1,1,1,4,99,6,4
463,301156,-1,4,-1,-1,-1,-1,1,1,1,5,4,99,5
4973,407537,1,1,1,-1,-1,-1,1,1,1,99,1,1,1
2100,400269,1,2,NA,-1,-1,NA,1,1,NA,99,6,NA,4
4752,406956,1,2,2,-1,-1,-1,1,1,1,4,6,5,3
161,300364,1,4,4,-1,-1,-1,1,1,1,2,2,3,2
4666,406751,1,1,1,-1,-1,-1,1,1,1,3,2,4,3
3882,404781,2,2,2,-1,-1,-1,1,1,1,6,6,6,6
497,301237,-1,-1,NA,-1,-1,NA,1,1,NA,5,5,NA,5
912,302193,-1,-1,-1,-1,-1,-1,2,2,2,4,4,99,99
5038,407679,-1,-1,NA,-1,-6,NA,1,1,NA,3,2,NA,3
3133,402862,2,2,2,-1,-1,-1,1,1,1,6,6,6,6
3928,404885,4,4,4,-1,-1,-1,1,1,1,4,4,5,4
941,302265,-1,-1,NA,-1,-6,NA,3,4,NA,4,4,NA,5
3037,402631,-1,4,NA,-1,-1,NA,1,1,NA,3,99,NA,3
2987,402517,-1,-1,-1,-1,-1,-1,1,3,3,99,7,6,6
3044,402649,1,1,1,-1,-1,-1,1,1,1,1,2,2,2
4376,406017,2,2,2,-1,-1,-1,1,1,1,6,6,6,6
678,301645,1,-1,-1,-1,-1,-1,3,4,4,5,4,4,4
3099,402778,1,1,1,-1,-1,-1,5,1,3,3,3,2,3
2508,401274,-1,4,4,1,-1,-1,5,3,3,-9,99,6,4
2521,401309,-1,-1,-1,-1,-1,-1,1,1,1,6,6,6,6
2001,400002,1,1,1,-1,-1,-1,1,1,1,99,99,4,4
804,301944,1,1,4,-1,-1,-1,1,1,1,99,4,4,4
441,301116,-1,-1,-1,-1,-1,-1,1,1,1,6,6,6,6
2306,400768,-1,-1,-1,-1,-1,-1,1,1,1,1,1,1,1
4495,406322,-1,1,1,-1,-1,-1,1,1,1,2,2,4,3
653,301589,-1,-1,-1,-1,-1,-1,1,1,1,4,5,3,4
4730,406908,1,-1,-1,-1,-1,-6,1,1,1,3,5,5,5
2692,401733,-1,-1,NA,-1,-1,NA,1,1,NA,4,4,NA,4
4509,406353,4,4,NA,-1,-1,NA,1,1,NA,4,99,NA,4
3917,404860,2,2,2,-1,-1,-1,1,1,1,4,4,1,99
2044,400120,-1,-1,-1,-1,-1,-1,1,1,1,4,99,6,99
892,302143,4,4,2,-1,-1,-1,1,1,1,5,6,6,5
3665,404221,1,2,2,-1,-1,-6,1,1,1,99,4,2,99
1037,302527,-1,-1,-1,-1,-1,-1,1,1,1,6,7,6,6
3667,404225,-1,-1,-1,-1,-1,-1,1,1,1,5,5,5,5
322,300795,1,4,4,-1,-1,-1,1,1,1,4,4,4,4
4474,406263,-1,-1,-1,-1,-1,-1,1,1,1,2,2,2,2
3836,404668,-1,-1,NA,-1,-1,NA,1,1,NA,6,5,NA,5
4168,405464,-1,-1,-1,-1,-1,-1,1,5,1,4,4,4,4
3764,404471,-1,-1,-1,-1,-1,-1,2,2,2,4,99,2,2
815,301967,-1,-1,NA,-1,-1,NA,2,2,NA,7,99,NA,6
927,302233,1,1,1,-1,-1,-1,1,1,1,2,3,4,3
4568,406513,4,4,4,-1,-1,-1,1,1,1,99,4,6,4
572,301396,-1,1,1,5,-1,-1,-2,1,1,1,1,2,1
993,302414,4,4,4,-1,-1,-1,1,1,1,-8,5,5,99
4118,405332,2,2,2,-1,-1,-1,1,1,1,6,6,6,6
127,300270,-1,-1,-1,-1,-1,-1,1,1,1,2,99,3,3
3481,403748,-1,-1,-1,-1,-1,-1,5,3,3,7,7,7,6
3826,404645,1,1,NA,-1,-1,NA,2,2,NA,3,3,NA,99
3563,403953,1,-1,-1,-1,-1,-1,1,1,1,1,2,2,2
3659,404191,1,1,NA,-1,-1,NA,3,4,NA,3,2,NA,3
4256,405679,4,4,4,-1,-1,-1,1,1,6,6,6,6,5
4856,407210,4,4,4,-1,-1,-1,1,1,1,4,4,5,4
4710,406857,1,1,NA,-1,-7,NA,5,3,NA,4,3,NA,4
2931,402358,-1,-1,-1,-1,-1,-1,1,1,1,4,5,5,99
346,300869,-1,-1,-1,-1,-1,-1,1,1,1,6,6,6,7
244,300612,-1,-1,-1,-1,-1,-1,5,3,3,3,3,3,3
745,301803,-1,-1,-1,-1,-1,-1,2,2,2,6,6,99,4
4,300004,-1,-1,-1,-1,-1,-1,1,1,1,99,99,4,6
3686,404269,2,2,2,-1,-1,-1,1,1,1,6,7,7,7
1126,302754,-1,1,1,1,-1,-1,1,1,1,5,5,4,4
3051,402672,1,1,1,-1,-1,-1,3,4,4,4,4,4,3
2313,400788,-1,-1,-1,-1,-1,-1,1,1,1,6,6,7,6
2693,401736,1,1,1,-1,-1,-1,1,1,1,2,2,2,2
4182,405497,4,4,4,-1,-1,-1,1,1,1,99,6,6,6
397,301008,-1,-1,NA,-1,-6,NA,6,2,NA,99,3,NA,99
14,300030,-1,-1,-1,-1,-1,-6,1,1,1,99,6,5,6
3328,403376,-1,-1,-1,-1,-1,-1,1,1,1,4,4,3,4
4871,407243,1,1,1,-1,-1,-1,1,1,1,3,4,3,4
2550,401382,4,4,4,-1,-1,-1,1,1,1,2,2,2,3
3331,403382,1,1,1,-1,-1,-1,1,1,1,7,6,7,6
2158,400402,4,4,4,-1,-1,-1,1,1,1,4,2,3,3
186,300456,-1,1,1,1,-1,-1,4,5,5,4,99,4,99
2230,400588,-1,-1,-1,-1,-1,-1,-2,-9,-9,99,4,4,3
2760,401911,2,2,2,-1,-1,-1,1,1,1,5,5,4,5
768,301860,-1,-1,-1,-1,-1,-1,1,1,1,6,6,6,6
2541,401361,4,4,4,-1,-1,-1,1,1,1,3,4,3,2
2389,400999,1,1,1,-1,-1,-1,1,1,1,2,1,1,3
2043,400119,-1,4,NA,-1,-1,NA,1,1,NA,4,4,NA,5
3807,404599,-1,-1,-1,-1,-1,-1,1,1,1,2,2,3,2
4207,405569,-1,-1,-1,-1,-1,-1,1,1,1,5,6,5,4
4902,407333,4,2,2,-1,-1,-1,1,1,1,99,6,6,99
4437,406176,-1,-1,-1,-1,-1,-1,1,1,1,4,5,4,6
888,302133,-1,-1,-1,-1,-1,-6,1,1,3,6,7,99,7
152,300339,1,1,1,-1,-1,-1,1,1,1,2,2,2,2
4911,407365,-1,-1,-1,-1,-1,-1,1,6,1,4,5,5,4
2947,402392,-1,-1,-1,-1,-1,-6,5,3,3,2,4,4,4
290,300724,-1,-1,4,-1,-1,-6,1,1,1,99,99,5,3
4326,405882,1,1,1,-1,-1,-1,1,1,1,2,2,1,1
3782,404529,-1,-1,-1,-1,-1,-1,2,2,2,6,6,6,6
2882,402233,2,2,2,-1,-1,-1,1,1,1,6,5,5,6
2267,400683,1,1,NA,-1,-1,NA,1,1,NA,99,99,NA,4
3001,402550,2,2,2,-1,-1,-1,1,1,1,6,6,6,6
15,300034,-1,-1,-1,-1,-1,-1,1,1,1,2,2,2,3
2642,401593,-1,-1,-1,-1,-1,-1,1,1,1,2,2,5,2
3995,405027,-1,-1,-1,-1,-1,-1,1,1,1,6,6,6,6
5045,407697,-1,-1,-1,-1,-1,-1,1,1,1,6,6,6,6
496,301235,5,1,4,-1,-1,-1,2,2,2,4,4,5,4
3623,404084,2,2,4,-1,-1,-1,1,1,1,99,5,5,6
2589,401469,-1,-1,-1,-1,-1,-1,1,1,1,6,6,6,6
2139,400360,-1,-1,-1,-1,-1,-1,1,1,1,2,4,2,2
3310,403323,1,1,1,-1,-1,-1,1,1,1,3,2,2,2
4693,406816,4,4,4,-1,-1,-1,1,1,1,99,5,5,4
3856,404729,4,4,NA,-1,-1,NA,1,1,NA,1,1,NA,1
3158,402910,4,1,1,-1,-1,-1,1,1,1,1,1,1,1
2631,401580,2,4,NA,-1,-1,NA,1,1,NA,6,3,NA,5
4413,406123,1,1,NA,-1,-1,NA,1,1,NA,4,4,NA,4
4309,405827,1,1,1,-1,-1,-1,1,1,1,5,99,99,99
4114,405320,-1,-1,-1,-1,-1,-7,1,1,1,2,4,3,99
2605,401513,-1,-1,NA,-1,-1,NA,1,1,NA,3,2,NA,6
216,300549,1,1,NA,-1,-1,NA,1,1,NA,6,6,NA,99
3746,404426,1,2,2,-1,-1,-1,1,1,1,5,6,6,5
2048,400130,-1,2,2,-1,-1,-1,1,1,1,3,3,4,3
2599,401496,-1,-1,-1,-1,-1,-1,1,1,1,2,2,3,3
2055,400143,-1,-1,-1,-1,4,-1,2,2,2,99,4,99,99
724,301759,-1,-1,NA,-1,-1,NA,5,3,NA,3,99,NA,3
3658,404189,-1,-1,-1,-1,-1,-1,1,1,1,5,4,4,5
92,300198,-1,-1,-1,-1,-1,-1,2,3,2,2,5,2,2
3603,404042,-1,-1,-1,-1,-1,-1,6,5,6,1,1,1,2
4843,407187,4,4,4,-1,-1,-1,1,1,1,6,5,6,6
4779,407011,1,1,1,-1,-1,-1,1,1,1,2,2,2,2
3149,402895,1,1,1,-1,-1,-1,1,1,1,2,2,2,3
2373,400960,-1,-1,-1,-1,-1,-1,1,6,1,3,3,99,99
2275,400699,1,1,NA,-1,-1,NA,1,3,NA,99,4,NA,5
4775,407000,2,4,2,-1,-1,-1,5,3,3,6,7,6,7
2381,400979,-1,-1,NA,-1,-1,NA,3,4,NA,4,4,NA,4
369,300921,-1,-1,-1,-1,-1,-1,1,1,1,5,6,6,4
5068,407743,2,2,2,-1,-1,-1,1,1,1,6,6,6,6
3261,403187,1,1,NA,-1,-1,NA,6,3,NA,5,99,NA,4
2965,402448,-1,-1,-1,-1,-1,-1,5,3,3,2,2,2,2
3343,403401,1,1,1,-1,-1,-1,1,1,1,1,1,1,1
392,300991,2,2,2,-1,-1,-1,1,1,1,4,6,4,4
2865,402190,4,2,4,-1,-1,-1,1,1,1,3,99,3,4
4029,405106,2,2,2,-1,-1,-1,5,3,3,6,4,5,6
3873,404760,1,1,1,-1,-1,-1,1,1,1,3,2,1,3
3091,402759,2,4,4,-1,-1,-6,1,1,1,3,2,4,3
3508,403824,-1,-1,-1,-1,-1,-1,1,1,1,4,5,4,5
961,302333,-1,-1,NA,-1,-7,NA,1,1,NA,6,6,NA,6
1052,302566,-1,-1,NA,-1,-1,NA,1,1,NA,1,6,NA,4
3120,402829,-1,-1,NA,-1,-1,NA,1,1,NA,4,4,NA,4
4632,406672,1,1,NA,-1,-6,NA,1,1,NA,2,4,NA,3
3470,403716,1,1,1,-1,-1,-1,5,3,3,2,2,3,2
4756,406961,4,1,1,-1,-1,-1,2,2,2,4,4,4,4
445,301122,2,-1,NA,-1,-6,NA,1,1,NA,5,5,NA,5
4383,406041,-1,-1,-1,-1,-1,-1,1,1,1,6,6,6,6
3516,403848,2,2,2,-1,-1,-1,1,1,1,5,6,6,6
4746,406948,1,1,1,-1,-1,-1,1,1,1,2,2,2,2
4958,407496,-1,-1,NA,-1,-1,NA,1,1,NA,99,5,NA,99
4980,407549,2,2,NA,-1,-1,NA,1,5,NA,6,6,NA,6
4919,407382,-1,-1,-1,-1,-1,-1,1,1,1,2,2,2,3
4344,405931,1,1,1,-1,-1,-1,6,6,6,4,4,4,4
4955,407484,-1,1,1,1,-1,-1,1,1,1,99,99,99,1
4375,406016,-1,-1,NA,-1,-1,NA,6,1,NA,4,99,NA,4
532,301317,2,2,NA,-1,-1,NA,1,1,NA,6,7,NA,5
2166,400424,1,1,1,-1,-1,-1,1,1,1,4,4,4,99
4283,405760,4,4,4,-1,-1,-1,1,1,1,5,6,99,5
1056,302576,-1,-1,-1,-1,-1,-1,1,1,1,3,5,6,99
3717,404343,4,4,4,-1,-1,-1,1,1,1,4,3,3,3
4341,405922,-1,-1,-1,-1,-1,-1,1,1,1,5,5,6,5
3411,403554,2,-1,-1,-1,-1,-1,1,1,1,5,5,4,6
3241,403138,-1,-1,-1,-1,-1,-1,1,1,1,4,5,5,3
4701,406837,4,4,NA,-1,-1,NA,1,1,NA,6,6,NA,6
4494,406320,1,1,1,-1,-1,-1,1,1,1,4,4,4,4
3710,404330,-1,-1,NA,2,-6,NA,6,1,NA,99,3,NA,4
4030,405109,-1,-1,-1,-1,-1,-1,2,2,2,4,4,4,3
277,300696,-1,-1,-1,-1,-1,-1,1,1,1,7,7,7,6
2991,402526,1,1,NA,-1,-1,NA,6,6,NA,2,2,NA,2
133,300282,-1,-1,NA,-1,-6,NA,1,1,NA,4,5,NA,99
4998,407589,1,1,1,-1,-1,-1,1,1,1,4,2,3,4
4510,406354,-1,2,NA,-1,-1,NA,1,1,NA,6,6,NA,6
603,301462,2,4,4,-1,-1,-1,5,3,3,5,4,4,99
3679,404250,-1,2,2,-1,-1,-1,1,1,1,7,7,6,7
2625,401570,4,1,NA,-1,-1,NA,5,3,NA,3,1,NA,3
949,302290,-1,-1,-1,-1,-1,-1,1,1,1,99,3,5,5
5082,407782,-1,-1,-1,-1,-1,-1,1,2,2,3,2,2,2
3559,403942,-1,-1,NA,1,2,NA,1,1,NA,4,4,NA,99
4770,406993,2,2,2,-1,-1,-1,1,1,1,6,6,6,6
802,301941,4,1,1,-1,-1,-1,2,2,2,2,2,2,2
334,300827,-1,-1,-1,-1,-1,-1,2,2,2,99,99,99,6
2279,400706,2,2,2,-1,-1,-1,1,5,-9,4,5,5,5
3372,403464,-1,-1,-1,-1,-1,-1,5,3,3,99,99,99,4
2434,401095,-1,-1,-1,-1,-1,-6,1,1,1,2,2,1,3
425,301073,1,1,NA,-1,-1,NA,1,1,NA,99,4,NA,4
3656,404182,-1,-1,-1,-1,-1,-1,6,6,6,6,6,6,6
3536,403896,-1,-1,-1,-1,-1,-1,3,4,4,4,4,99,4
4034,405131,-1,-1,-1,-1,-1,-1,3,4,4,99,4,4,4
791,301909,-1,-1,-1,-1,-1,-1,2,2,2,6,1,99,5
2356,400926,-1,-1,-1,-1,-1,-1,5,3,3,4,4,99,4
2730,401833,1,1,1,-1,-1,-1,6,2,6,99,4,99,4
4815,407122,-1,-1,-1,-1,-1,-1,1,1,1,6,99,5,5
929,302236,-1,-1,-1,-1,-1,-1,1,1,1,6,6,6,6
48,300111,1,2,-1,-1,-1,-6,1,1,1,4,6,6,99
2868,402195,1,1,1,-1,-1,-1,1,1,1,2,3,3,3
3218,403083,-1,-1,-1,-1,-1,-1,1,1,1,5,6,6,6
4861,407218,-1,-1,-1,-1,-1,-6,1,1,1,2,2,1,2
165,300377,1,4,4,-1,-1,-1,2,2,2,6,4,99,99
4151,405422,2,2,2,-1,-1,-1,1,1,1,99,4,99,4
858,302070,-1,-1,NA,-1,-1,NA,1,5,NA,6,3,NA,99
2767,401920,-1,-1,-1,-1,-1,-1,1,1,1,3,99,4,3
4535,406410,-1,-1,-1,-1,-1,-1,1,1,1,4,4,99,4
2026,400075,-1,-1,NA,-1,-1,NA,2,2,NA,2,2,NA,4
2975,402488,1,1,1,-1,-1,-1,1,1,1,3,1,2,3
4885,407282,4,1,NA,-1,-1,NA,5,3,NA,4,3,NA,3
2243,400618,1,1,1,-1,-1,-1,1,1,1,5,6,6,5
2725,401824,1,1,1,-1,-1,-1,1,1,1,4,4,5,4
2418,401059,-1,-1,-1,-1,-1,-1,1,1,1,4,4,4,4
4629,406663,-1,-1,-1,-1,-1,-1,1,-9,1,4,3,3,3
2840,402136,-1,-1,-1,-1,-1,-1,1,1,1,6,6,6,6
2094,400251,2,2,NA,-1,-1,NA,1,1,NA,5,6,NA,6
2788,401978,1,1,1,-1,-1,-1,2,1,2,1,2,1,1
2551,401387,1,1,1,-1,-1,-1,1,1,1,3,2,3,4
4318,405852,2,2,2,-1,-1,-1,1,1,1,7,7,7,7
4312,405833,-1,-1,NA,-1,4,NA,6,6,NA,99,3,NA,99
871,302101,-1,-1,-1,-1,-1,-1,1,1,1,99,4,3,5
2726,401828,-1,2,2,2,-1,-1,1,6,1,6,6,6,6
2271,400691,-1,-1,-1,-1,-1,-1,2,2,2,4,3,4,4
751,301811,-1,-1,NA,-1,-1,NA,1,1,NA,4,99,NA,99
3473,403725,1,1,4,-1,-1,-1,1,1,1,2,3,2,2
4280,405752,-1,-1,-1,-1,-1,-1,1,1,1,4,4,4,4
2904,402296,2,2,2,-1,-1,-1,6,1,1,4,6,5,4
2859,402173,-1,1,1,-1,-1,-1,5,3,3,99,99,2,4
4674,406771,-1,-1,-1,-1,-1,-1,5,3,3,99,4,99,99
2029,400086,4,1,NA,-1,-1,NA,1,1,NA,99,1,NA,99
3040,402637,-1,-1,-1,-1,-1,-1,1,1,1,6,6,5,6
4988,407565,4,4,4,-1,-1,-1,1,6,6,7,4,5,4
616,301495,-1,-1,-1,-1,-1,-1,1,1,1,4,99,99,99
4968,407528,2,2,2,-1,-1,-1,3,4,4,4,99,99,4
2097,400262,-1,-1,-1,-1,-1,-1,1,1,1,2,2,2,2
2254,400654,1,1,1,-1,-1,-1,1,1,1,99,2,2,4
3341,403396,-1,-1,NA,-1,-1,NA,1,1,NA,3,4,NA,3
3905,404824,1,1,1,-1,-1,-1,1,1,1,1,1,1,1
3517,403851,4,1,4,-1,-1,-1,5,3,3,2,2,2,2
4408,406110,2,2,2,-1,-1,-1,1,1,1,5,5,5,5
4339,405917,-1,-1,-1,-1,-1,-1,1,1,1,3,2,2,2
4692,406814,2,2,2,-1,-1,-1,1,1,1,6,6,6,6
3599,404032,1,1,NA,-1,-1,NA,1,1,NA,99,4,NA,99
3314,403336,2,2,2,-1,-1,-1,1,1,1,7,7,7,7
3901,404818,2,2,2,-1,-1,-1,1,1,1,7,7,7,7
130,300278,2,2,2,-1,-1,-1,5,3,3,5,6,5,5
4921,407387,-1,-1,-1,-1,-1,-1,1,1,1,2,2,1,2
4330,405888,-1,-1,-1,-1,-1,-1,1,1,1,2,4,2,1
4945,407450,-1,-1,NA,-1,-1,NA,5,1,NA,4,4,NA,4
410,301034,1,1,1,-1,-1,-1,1,1,1,3,3,2,2
843,302032,1,1,1,-1,-1,-1,1,1,1,4,4,4,4
159,300361,-1,-1,NA,-1,-1,NA,1,1,NA,4,4,NA,5
4579,406544,-1,-1,-1,-1,-1,-1,1,1,1,7,6,6,6
2286,400728,4,1,1,-1,-1,-1,1,1,1,2,1,1,-9
3180,402967,-1,-1,-1,-1,-1,-1,1,1,1,6,6,7,6
1066,302595,-1,-1,NA,-1,-1,NA,1,1,NA,99,3,NA,4
2480,401210,-1,-1,NA,-1,-1,NA,6,5,NA,99,4,NA,99
3255,403174,4,4,-1,-1,-1,-1,1,1,1,3,5,3,3
2423,401072,1,1,1,-1,-1,-1,1,1,1,6,99,5,5
3208,403041,1,1,1,-1,-1,-1,1,1,1,2,4,3,2
2329,400846,2,2,2,-1,-1,-1,6,5,4,6,7,6,7
1154,302815,2,2,2,-1,-1,-1,1,1,1,4,7,7,4
2754,401895,-1,-1,-1,-1,-1,-1,1,1,1,2,2,2,3
4174,405472,-1,-1,NA,-1,-6,NA,1,1,NA,3,3,NA,4
2992,402529,1,1,1,-1,-1,-1,1,1,1,99,4,3,3
3883,404782,2,2,NA,-1,-1,NA,5,3,NA,6,6,NA,5
2054,400136,-1,-1,4,-1,-1,-6,1,1,1,5,4,5,5
5010,407620,-1,-1,-1,-1,-1,-1,1,1,1,2,3,1,2
378,300937,2,2,NA,-1,-6,NA,1,1,NA,5,6,NA,5
333,300821,-1,-1,NA,-1,-1,NA,5,3,NA,99,99,NA,99
610,301481,-1,-1,4,-1,-1,-1,5,3,3,2,3,4,2
4874,407250,1,1,1,-1,-1,-1,2,2,2,99,1,4,5
204,300517,-1,-1,NA,-1,-1,NA,1,1,NA,6,4,NA,6
4789,407041,-1,-1,-1,-1,-1,-1,1,1,1,4,99,99,99
3332,403383,1,1,1,-1,-1,-1,1,1,1,2,2,2,2
665,301611,1,1,NA,-1,-1,NA,1,6,NA,4,4,NA,4
3763,404469,1,1,NA,-1,-1,NA,1,1,NA,2,99,NA,4
2263,400677,-1,-1,-1,-1,-1,-1,1,1,1,3,4,4,3
4883,407275,-1,-1,-1,-1,-1,-1,1,1,1,5,6,6,5
2460,401155,-1,-1,-1,-1,-1,-1,1,1,1,6,6,5,4
2255,400657,-1,1,1,-1,-1,-1,1,1,1,2,4,4,2
3344,403402,4,4,-1,-1,-1,-1,1,1,3,4,5,5,5
890,302138,1,1,1,-1,-1,-1,1,1,1,2,2,2,2
4997,407586,-1,-1,-1,-1,-1,-1,1,1,1,6,7,7,6
4049,405163,-1,-1,NA,-1,-6,NA,1,1,NA,99,4,NA,99
2510,401278,-1,-1,-1,-1,-1,-1,5,3,3,6,5,5,7
4895,407314,-1,-1,-1,-1,-1,-1,1,1,1,4,4,4,4
2543,401369,-1,-1,-1,-1,-1,-6,2,2,2,6,6,6,6
3381,403484,-1,-1,NA,-1,-1,NA,1,1,NA,6,6,NA,6
2962,402437,2,2,2,-1,-1,-1,1,1,1,6,6,6,6
2242,400614,1,2,2,-1,-1,-1,5,3,3,99,7,99,99
667,301617,-1,-1,NA,-1,-1,NA,1,1,NA,-8,3,NA,4
3920,404867,-1,1,1,-1,-1,-1,3,6,4,6,4,99,99
813,301959,1,1,NA,-1,-6,NA,1,1,NA,1,2,NA,1
177,300408,-1,-1,NA,-1,-6,NA,1,1,NA,6,6,NA,7
3973,404984,-1,4,2,4,-1,-1,1,1,1,6,6,5,6
4778,407010,4,4,4,-1,-1,-1,1,1,1,4,6,6,6
160,300363,2,2,NA,-1,-1,NA,5,3,NA,6,6,NA,6
2396,401011,1,4,4,-1,-1,-1,5,3,3,4,4,5,4
3143,402876,-1,-1,-1,-1,-1,-1,1,1,1,2,5,4,4
3147,402884,1,4,1,-1,-1,-1,1,1,1,2,4,2,3
3377,403478,4,1,-1,-1,-1,-1,1,1,1,3,2,2,3
4631,406665,1,1,1,-1,-1,-1,3,4,4,3,3,3,3
2037,400102,-1,2,2,2,-1,-1,1,1,1,6,7,99,4
4289,405781,-1,-1,-1,-1,-1,-1,1,1,1,5,99,6,99
3798,404573,-1,-1,-1,-1,-1,-1,1,1,1,4,5,5,99
3428,403609,2,2,2,-1,-1,-1,1,1,1,4,6,6,5
4131,405367,2,2,NA,-1,-1,NA,1,1,NA,7,6,NA,6
4442,406196,1,1,1,-1,-1,-1,5,3,3,1,6,4,99
4643,406702,1,1,1,-1,-1,-1,1,3,3,99,2,2,6
4549,406459,2,2,2,-1,-1,-1,1,1,1,4,5,5,3
4051,405168,2,4,4,-1,-1,-1,1,1,1,5,5,4,5
4013,405072,2,2,2,-1,-1,-1,3,4,4,5,4,4,4
448,301130,1,1,NA,-1,-6,NA,1,1,NA,2,2,NA,2
2446,401128,-1,-1,-1,-1,-1,-1,1,1,1,99,99,4,99
3363,403434,-1,1,NA,-1,-1,NA,5,3,NA,4,4,NA,3
61,300143,-1,-1,NA,-1,-1,NA,2,-9,NA,2,5,NA,4
249,300622,5,1,NA,-1,-6,NA,6,6,NA,2,2,NA,2
