V240106a,V240106b,V162079,V200011a,V202144,V242126,V201200,V160001,V160001_orig,V241177,V162171,V162171a,V202064,V202064z,V162292a,V168307,V245005,V162291,V202637,V241501x,V201549x,V168311,V168312,V168313,V168314,V168315,V168316,V203000,V243002,V161010d,V160202,V160202f,V160202w,V200011c,V240106c
0.926752673075417,0.94464921111840106,85,0.689054237745403,100,85,6,2524,401318,6,6,-1,-1,-3,3,-1,-1,1,-1,3,3,-1,-1,-1,-1,-1,-3,40,NA,40,2,0,2,2,2
2.97990209565835,3.06178194522418,60,1.08926322977489,15,50,4,123,300261,4,4,2,-1,-3,-1,2,-1,5,-1,4,4,2,1,2,-3,-3,-3,16,NA,16,2,2,0,2,2
1.13426633346479,1.14258418425449,0,0.688799161453653,0,0,2,2066,400181,2,2,-1,-1,-3,-1,-1,-1,5,-1,1,1,-1,-1,-1,-1,-1,-3,51,NA,51,1,0,1,1,1
0.438687743184118,0.468714285660617,30,0.731815317325184,60,-9,3,76,300171,99,4,2,-1,-3,3,2,-1,1,-1,4,4,1,2,2,-3,-3,-3,6,NA,6,2,2,0,2,2
0.384116482751774,0.350433898077436,76,1.01398969875634,90,60,5,4041,405145,4,4,3,-1,-3,-1,-1,-1,5,-1,1,5,-1,-1,-1,-1,-1,-3,8,NA,8,1,0,1,1,1
0.719946104029307,0.693458859261451,71,0.398908062450189,0,0,4,2143,400374,4,3,-1,-1,-3,-1,-1,-1,5,-1,1,1,-1,-1,-1,-1,-1,-3,48,NA,48,2,0,2,2,2
0.445478411388616,0.456372641911611,72,0.618292388425246,70,100,4,4781,407013,4,4,1,-1,-3,-1,-1,-1,5,-1,1,1,-1,-1,-1,-1,-1,-3,55,NA,55,1,0,1,1,1
0.790983159095423,0.912405787658918,51,0.899179405189399,0,50,99,4836,407174,99,99,3,-1,-3,-1,-1,-1,5,-1,1,1,-1,-1,-1,-1,-1,-3,28,NA,28,2,0,2,2,2
NA,NA,0,1.2178901983983,0,NA,99,4475,406264,NA,4,2,-1,-3,-1,-1,NA,5,-1,NA,1,-1,-1,-1,-1,-1,-3,4,NA,4,2,0,2,2,NA
4.63190880143418,4.33499401074525,2,2.38377016310758,30,0,99,3101,402782,99,99,3,-1,-3,1,-1,-1,1,-1,3,3,-1,-1,-1,-1,-1,-3,6,NA,6,2,0,2,2,2
1.64776273072483,1.60373595854846,0,1.68634931741708,0,-9,99,3315,403343,99,5,-1,-1,-3,1,-1,-1,1,-1,3,3,-1,-1,-1,-1,-1,-3,24,NA,24,1,0,1,1,1
1.23631643101826,1.29782897234469,50,0.990567540526511,0,0,4,96,300209,4,5,-1,-1,-3,-1,2,-1,5,-1,1,1,2,1,2,-3,-3,-3,55,NA,55,1,1,0,1,1
1.12980741195046,1.1048395005196,85,0.386512355328355,100,100,6,4677,406776,5,5,-1,2,-3,-1,-1,-1,5,-1,1,1,-1,-1,-1,-1,-1,-3,41,NA,41,2,0,2,2,2
0.539310237946328,0.525986365218565,0,0.495051689354203,0,0,3,2663,401642,4,3,-1,-1,-3,-1,-1,-1,5,-1,4,4,-1,-1,-1,-1,-1,-3,51,NA,51,2,0,2,2,2
NA,NA,30,1.30442249637415,40,NA,4,2955,402420,NA,99,3,1,-3,1,-1,NA,1,-1,NA,2,-1,-1,-1,-1,-1,-3,37,NA,37,2,0,2,2,NA
0.300974591638948,0.298444084925022,100,0.432823342457295,100,100,6,455,301144,99,6,-1,2,-3,-1,2,-1,5,-1,3,3,2,2,2,-3,-3,-3,16,NA,16,2,2,0,2,2
1.18860629366769,1.1793876525523601,15,1.02468624156048,0,0,3,107,300234,3,3,-1,-1,-3,-1,2,-1,5,-1,1,1,2,1,2,-3,-3,-3,25,NA,25,1,1,0,1,1
0.659898708879153,0.657721741958599,0,0.739847109581167,0,0,3,742,301799,3,2,-1,-1,-3,1,2,-1,1,-1,1,1,2,1,2,-3,-3,-3,33,NA,33,1,1,0,1,1
0.471722472596054,0.477979211995647,0,0.624972677584408,15,15,2,2363,400938,3,5,-1,-1,-3,1,-1,-1,1,-1,1,1,-1,-1,-1,-1,-1,-3,32,NA,32,2,0,2,2,2
NA,NA,15,0.615154344865336,0,NA,3,4384,406042,NA,4,3,-1,-3,1,-1,NA,1,-1,NA,1,-1,-1,-1,-1,-1,-3,55,NA,55,2,0,2,2,NA
1.99426371821439,1.87102517998681,85,0.905664226997706,95,100,6,2439,401110,6,4,3,-1,-3,-1,-1,-1,-9,-1,3,3,-1,-1,-1,-1,-1,-3,42,NA,42,2,0,2,2,2
NA,NA,0,2.33694893933791,0,NA,4,4261,405689,NA,3,-1,-1,-3,1,-1,NA,1,-1,NA,3,-1,-1,-1,-1,-1,-3,6,NA,6,1,0,1,1,NA
4.76131068982183,4.81183794922488,15,6.56299373141085,0,0,2,1000,302430,99,3,-1,-1,-3,1,1,-1,1,-1,1,1,2,1,2,-3,-3,-3,36,NA,36,2,2,0,2,2
NA,NA,50,1.41265491316912,50,NA,6,4377,406018,NA,4,3,-1,-3,-1,-1,NA,5,-1,NA,1,-1,-1,-1,-1,-1,-3,4,NA,4,2,0,2,2,NA
NA,NA,50,4.84064147144814,0,NA,99,2938,402370,NA,99,2,-1,-3,-1,-1,NA,5,-1,NA,3,-1,-1,-1,-1,-1,-3,6,NA,6,2,0,2,2,NA
0.329605176237243,0.342478898277841,15,0.793906469135198,0,0,2,155,300344,2,2,-1,-1,-3,1,2,-1,1,-1,1,1,2,2,1,-3,-3,-3,13,NA,13,1,1,0,1,1
0.671916048845457,0.724111453572195,-9,0.88394093286617,85,100,99,4354,405960,6,5,-1,-1,-3,1,-1,-1,1,-1,1,1,-1,-1,-1,-1,-1,-3,37,NA,37,2,0,2,2,2
0.649160782792822,0.635949654349212,60,0.674931198017604,50,71,5,863,302078,5,5,-1,-1,-3,-1,1,-1,5,-1,1,1,2,1,2,-3,-3,-3,51,NA,51,1,1,0,1,1
0.553158801876103,0.489985562419866,0,0.8379733952294,0,0,5,2307,400772,5,3,-1,-1,-3,-1,-1,-1,5,-1,1,1,-1,-1,-1,-1,-1,-3,36,NA,36,2,0,2,2,2
1.2504329196754,1.11066002692181,3,1.51735827906212,0,0,4,3095,402771,99,99,3,-1,-3,1,-1,-1,1,-1,3,3,-1,-1,-1,-1,-1,-3,4,NA,4,1,0,1,1,1
NA,NA,60,1.00234624266671,-9,NA,99,3529,403878,NA,-9,3,-1,-3,-1,-1,NA,5,-1,NA,4,-1,-1,-1,-1,-1,-3,15,NA,15,2,0,2,2,NA
2.35007844716151,2.15354976081372,1,0.809903470897296,0,50,4,2765,401918,4,4,3,-1,-3,-1,-1,-1,5,-1,1,5,-1,-1,-1,-1,-1,-3,8,NA,8,2,0,2,2,2
0.187063472421273,0.181059161778805,0,0.398035682223375,0,0,2,934,302245,2,2,-1,-1,-3,1,2,-1,1,-1,1,1,2,2,2,-3,-3,-3,16,NA,16,2,2,0,2,2
0.406978159070231,0.428673337688569,100,0.572681986563373,100,100,6,3493,403773,6,6,-1,-1,-3,3,-1,-1,1,-1,1,1,-1,-1,-1,-1,-1,-3,55,NA,55,1,0,1,1,1
0.958686190917741,0.899574104197743,2,1.22018250921402,0,0,2,4490,406306,3,2,-1,-1,-3,1,-1,-1,1,-1,1,1,-1,-1,-1,-1,-1,-3,36,NA,36,2,0,2,2,2
NA,NA,70,0.732199826289674,85,NA,99,464,301158,NA,5,-1,-1,-3,3,2,NA,1,-1,NA,1,2,2,2,-3,-3,-3,48,NA,48,2,2,0,2,NA
1.37178867251773,1.35466325479459,0,0.944764077363574,40,50,99,3533,403887,99,99,3,-1,-3,-1,-1,-1,5,-1,2,2,-1,-1,-1,-1,-1,-3,17,NA,17,1,0,1,1,1
1.53715793094028,1.65020021475157,0,1.3740861854971,0,0,1,4675,406774,2,1,-1,-1,-3,-1,-1,-1,5,-1,1,1,-1,-1,-1,-1,-1,-3,39,NA,39,2,0,2,2,2
0.382778725681278,0.374248557665992,0,0.718785504722094,0,0,1,3448,403669,1,1,-1,-1,-3,1,-1,-1,1,-1,1,1,-1,-1,-1,-1,-1,-3,5,NA,5,1,0,1,1,1
0.333625125601749,0.369575997832286,70,0.604818571684704,100,100,6,3850,404719,6,6,-1,-1,-3,3,-1,-1,1,-1,1,1,-1,-1,-1,-1,-1,-3,13,NA,13,1,0,1,1,1
0.409525372784811,NA,60,0.383101506588091,70,-6,6,3955,404941,6,6,-1,-1,-3,3,-1,-1,1,-1,1,1,-1,-1,-1,-1,-1,-3,48,NA,48,1,0,1,1,1
NA,NA,3,0.583640824146091,10,NA,4,3349,403410,NA,99,3,-1,-3,1,-1,NA,1,-1,NA,2,-1,-1,-1,-1,-1,-3,42,NA,42,2,0,2,2,NA
0.343111173260923,0.339328310274811,86,0.709468340332543,100,100,7,2647,401603,7,7,-1,-1,-3,3,-1,-1,1,-1,1,1,-1,-1,-1,-1,-1,-3,35,NA,35,1,0,1,1,1
0.56902379001653,0.582239688983906,70,0.540349167985318,100,85,7,453,301141,6,6,-1,-1,-3,3,2,-1,1,-1,1,1,2,1,2,-3,-3,-3,20,NA,20,1,1,0,1,1
NA,NA,60,0.724719733909441,70,NA,3,109,300237,NA,4,3,-1,-3,1,1,NA,1,-1,NA,1,1,2,2,-3,-3,-3,6,NA,6,2,2,0,2,NA
0.211610644543564,0.219778852465975,88,0.374339568796827,85,100,6,2719,401807,6,6,-1,-1,-3,3,-1,-1,1,-1,1,1,-1,-1,-1,-1,-1,-3,29,NA,29,1,0,1,1,1
NA,NA,30,1.13719727655147,0,NA,2,384,300968,NA,2,-1,-1,-3,1,2,NA,1,-1,NA,1,2,1,2,-3,-3,-3,42,NA,42,1,1,0,1,NA
0.88788907487435,0.904628299796875,15,0.570873190364521,0,15,3,4560,406492,3,3,-1,-1,-3,-1,-1,-1,5,-1,1,1,-1,-1,-1,-1,-1,-3,27,NA,27,2,0,2,2,2
1.01927849625381,0.921624456159442,60,0.349680491677339,95,90,4,3725,404362,99,6,-1,-1,-3,-1,-1,-1,5,-1,4,4,-1,-1,-1,-1,-1,-3,6,NA,6,2,0,2,2,2
0.513301476011722,0.463119301047123,0,0.490899092355772,0,0,6,3912,404851,5,5,-1,-1,-3,-1,-1,-1,5,-1,1,1,-1,-1,-1,-1,-1,-3,29,NA,29,1,0,1,1,1
NA,NA,50,0.825337680399498,0,NA,4,4743,406940,NA,99,2,-1,-3,-1,-1,NA,5,-1,NA,5,-1,-1,-1,-1,-1,-3,48,NA,48,2,0,2,2,NA
0.12641034026224,0.125114217804341,0,0.349997585933023,0,0,2,4159,405439,4,2,-1,-1,-3,1,-1,-1,1,-1,2,2,-1,-1,-1,-1,-1,-3,51,NA,51,1,0,1,1,1
NA,NA,71,2.11920141044421,-6,NA,4,3647,404150,NA,99,3,-6,-3,-1,-1,NA,5,-6,NA,1,-1,-1,-1,-1,-1,-3,39,NA,39,2,0,2,2,NA
1.63046435257395,1.59088242091651,98,1.75551664865619,100,70,99,3444,403653,1,3,-1,2,-3,-1,-1,-1,5,-1,6,1,-1,-1,-1,-1,-1,-3,21,NA,21,1,0,1,1,1
1.25778113434598,1.14705540930299,100,1.15034589442467,100,95,4,4601,406609,99,4,3,-1,-3,-1,-1,-1,5,-1,1,-9,-1,-1,-1,-1,-1,-3,42,NA,42,1,0,1,1,1
NA,NA,75,3.92447212167078,-6,NA,6,190,300467,NA,6,-1,-6,-3,3,2,NA,1,-6,NA,1,2,1,2,-3,-3,-3,4,NA,4,1,1,0,1,NA
0.130146816862713,0.126623388060199,35,0.305873806743335,0,0,3,52,300121,3,3,-1,-1,-3,1,2,-1,1,-1,1,1,2,1,2,-3,-3,-3,13,NA,13,1,1,0,1,1
0.387688477097122,0.370103323238392,0,0.530103058453414,0,25,3,3386,403500,4,3,-1,-1,-3,-1,-1,-1,5,-1,1,1,-1,-1,-1,-1,-1,-3,36,NA,36,2,0,2,2,2
0.693220919577787,0.635798753388127,70,1.40845534055944,0,50,4,195,300488,3,5,-1,-1,-3,-1,1,-1,5,-1,1,1,2,1,2,-3,-3,-3,39,NA,39,2,2,0,2,2
0.7858238917438,0.696901106412509,70,0.8122242096928,100,85,6,4846,407192,7,4,2,-1,-3,3,-1,-1,1,-1,1,1,-1,-1,-1,-1,-1,-3,48,NA,48,2,0,2,2,2
NA,NA,15,0.75545359897674,30,NA,5,2459,401153,NA,4,2,-1,-3,1,-1,NA,1,-1,NA,1,-1,-1,-1,-1,-1,-3,17,NA,17,1,0,1,1,NA
0.517914255209755,0.478033001216355,30,0.659057542157275,35,0,4,2325,400833,4,2,-1,-1,-3,1,-1,-1,1,-1,1,1,-1,-1,-1,-1,-1,-3,30,NA,30,1,0,1,1,1
0.656869483371959,0.639436347116391,0,0.767439457038454,0,0,2,704,301697,1,1,-1,-1,-3,1,1,-1,1,-1,1,1,2,1,2,-3,-3,-3,47,NA,47,1,1,0,1,1
0.165444474017185,0.174329844427659,0,0.350013777231505,40,0,2,2972,402480,2,2,-1,-1,-3,1,-1,-1,1,-1,1,6,-1,-1,-1,-1,-1,-3,22,NA,22,2,0,2,2,2
0.385032614840988,0.375858089364096,16,0.311650753670213,0,60,2,3991,405021,3,2,-1,-1,-3,1,-1,-1,1,-1,1,1,-1,-1,-1,-1,-1,-3,34,NA,34,1,0,1,1,1
NA,NA,40,0.796947469291149,0,NA,4,2003,400006,NA,4,3,-1,-3,3,-1,NA,1,-1,NA,1,-1,-1,-1,-1,-1,-3,6,NA,6,2,0,2,2,NA
1.21522802135557,1.20887999873096,30,1.4478399445187,0,0,5,2701,401757,5,5,-1,-1,-3,-1,-1,-1,5,-1,1,6,-1,-1,-1,-1,-1,-3,6,NA,6,1,0,1,1,1
0.543118203984571,0.523124278100332,0,0.966972195032808,0,0,1,1035,302522,1,1,-1,-1,-3,-1,1,-1,5,-1,1,1,1,2,2,-3,-3,-3,6,NA,6,1,1,0,1,1
0.590944653291186,0.574684553869748,0,0.637561173291322,0,0,2,5016,407639,1,2,-1,-1,-3,1,-1,-1,1,-1,1,1,-1,-1,-1,-1,-1,-3,8,NA,8,1,0,1,1,1
0.305554676926827,NA,15,0.255328417187767,0,-6,2,4942,407446,4,4,1,-1,-3,-1,-1,-1,5,-1,2,2,-1,-1,-1,-1,-1,-3,17,NA,17,2,0,2,2,2
NA,NA,0,0.371965831003153,16,NA,2,3438,403634,NA,1,-1,-1,-3,1,-1,NA,1,-1,NA,1,-1,-1,-1,-1,-1,-3,6,NA,6,2,0,2,2,NA
0.408728533141252,0.401570048447478,15,0.580760105332281,0,0,3,620,301500,4,4,2,-1,-3,1,1,-1,1,-1,1,1,2,1,2,-3,-3,-3,27,NA,27,2,2,0,2,2
NA,NA,0,0.948890450711725,0,NA,99,794,301917,NA,99,1,-1,-3,1,1,NA,1,-1,NA,1,2,1,2,-3,-3,-3,27,NA,27,2,2,0,2,NA
1.5763422090512,1.45641738395876,0,2.12557510967714,0,-9,99,2170,400440,2,3,-1,-1,-3,1,-1,-1,1,-1,1,1,-1,-1,-1,-1,-1,-3,42,NA,42,2,0,2,2,2
0.697291723237355,0.799309741109985,94,0.74784360669863,85,100,6,3503,403801,99,6,-1,-1,-3,-1,-1,-1,5,-1,1,1,-1,-1,-1,-1,-1,-3,42,NA,42,1,0,1,1,1
1.64761575711028,1.70634413776392,30,1.42708615179515,50,40,99,4453,406225,99,4,1,-1,-3,-1,-1,-1,5,-1,2,2,-1,-1,-1,-1,-1,-3,18,NA,18,1,0,1,1,1
NA,NA,0,1.3632071117405,0,NA,4,3500,403796,NA,99,1,-1,-3,-1,-1,NA,5,-1,NA,2,-1,-1,-1,-1,-1,-3,36,NA,36,2,0,2,2,NA
0.372065541921453,0.339314966847742,3,0.500389546027785,0,0,2,2781,401958,2,4,1,-1,-3,1,-1,-1,1,-1,1,1,-1,-1,-1,-1,-1,-3,42,NA,42,2,0,2,2,2
0.340940949554931,0.357242569315372,85,0.593621566976786,85,70,4,2390,401001,5,4,3,-1,-3,-1,-1,-1,5,-1,1,1,-1,-1,-1,-1,-1,-3,12,NA,12,1,0,1,1,1
1.35782488092332,1.38384314470193,60,0.485186603697165,0,0,5,176,300406,99,99,2,-1,-3,1,2,-1,1,-1,3,1,2,2,2,-3,-3,-3,48,NA,48,2,2,0,2,2
0.417462074355152,0.406485562443477,16,0.70294161754834,30,0,5,2570,401428,4,5,-1,-1,-3,3,-1,-1,1,-1,1,1,-1,-1,-1,-1,-1,-3,40,NA,40,2,0,2,2,2
0.794896132753239,0.75197759398078,100,0.640029071823041,100,100,7,3871,404756,7,7,-1,-1,-3,3,-1,-1,1,-1,1,1,-1,-1,-1,-1,-1,-3,4,NA,4,2,0,2,2,2
0.268633588760345,0.26066899109994,30,0.372828629685525,0,30,2,3432,403620,4,3,-1,-1,-3,-1,-1,-1,5,-1,1,1,-1,-1,-1,-1,-1,-3,10,NA,10,2,0,2,2,2
0.347306959958605,0.3546292125484,15,0.669631388167653,0,0,99,1152,302812,1,2,-1,-1,-3,-1,1,-1,5,-1,2,2,2,1,2,-3,-3,-3,11,NA,11,2,2,0,2,2
0.334775176501753,0.314787107071539,0,0.339157455532018,0,0,3,4628,406661,2,2,-1,-1,-3,1,-1,-1,1,-1,1,1,-1,-1,-1,-1,-1,-3,18,NA,18,1,0,1,1,1
0.617678411551171,0.558480334158399,0,0.59096060691077,0,0,4,2948,402397,4,4,3,-1,-3,1,-1,-1,1,-1,3,3,-1,-1,-1,-1,-1,-3,32,NA,32,1,0,1,1,1
0.504605885190281,0.489966101463705,22,0.667216633999317,10,30,4,2165,400418,4,4,3,-1,-3,-1,-1,-1,5,-1,1,1,-1,-1,-1,-1,-1,-3,12,NA,12,2,0,2,2,2
0.980394347521574,0.955575363701818,50,0.71059570808315,0,0,3,2408,401039,3,4,3,-1,-3,-1,-1,-1,5,-1,1,1,-1,-1,-1,-1,-1,-3,54,NA,54,1,0,1,1,1
1.6756444576584,1.68984441574929,85,1.58820553385895,100,100,99,2584,401457,99,99,1,-1,-3,-1,-1,-1,5,-1,1,1,-1,-1,-1,-1,-1,-3,25,NA,25,1,0,1,1,1
1.07864978960418,1.12996414017101,70,1.11232966196577,60,30,5,661,301605,5,5,-1,-1,-3,-1,2,-1,5,-1,1,1,2,1,2,-3,-3,-3,39,NA,39,1,1,0,1,1
0.402091154093623,0.378641762983046,85,0.381656306067067,60,60,5,3956,404947,5,5,-1,-1,-3,3,-1,-1,1,-1,1,1,-1,-1,-1,-1,-1,-3,51,NA,47,1,0,1,1,1
1.23238255897912,1.18979842778373,100,1.92590510287959,100,70,2,4345,405933,6,6,-1,-1,-3,-1,-1,-1,5,-1,1,1,-1,-1,-1,-1,-1,-3,4,NA,4,1,0,1,1,1
NA,NA,100,0.896110835165956,100,NA,7,809,301953,NA,6,-1,-1,-3,3,2,NA,1,-1,NA,1,2,1,2,-3,-3,-3,40,NA,40,2,2,0,2,NA
0.804226701011232,0.857869929882836,0,1.03130129533529,0,0,3,4685,406794,3,3,-1,-1,-3,1,-1,-1,1,-1,1,1,-1,-1,-1,-1,-1,-3,39,NA,39,2,0,2,2,2
0.367123979819178,0.354292956064549,89,0.806502475167798,70,100,5,2433,401094,5,4,1,-1,-3,-1,-1,-1,5,-1,1,5,-1,-1,-1,-1,-1,-3,15,NA,26,2,0,2,2,2
0.220098564269954,0.229220155669179,85,0.345316142118051,100,100,6,3075,402726,7,7,-1,-1,-3,3,-1,-1,1,-1,1,1,-1,-1,-1,-1,-1,-3,48,NA,48,2,0,2,2,2
0.689973685914391,0.703029378098549,1,0.777917035631142,0,0,3,2615,401539,4,2,-1,-1,-3,1,-1,-1,1,-1,1,1,-1,-1,-1,-1,-1,-3,25,NA,25,1,0,1,1,1
0.354301525970106,0.326384037578259,0,0.413376151217377,0,0,4,3449,403670,3,4,3,-1,-3,-1,-1,-1,5,-1,3,3,-1,-1,-1,-1,-1,-3,13,NA,13,2,0,2,2,2
0.183841079378515,0.211064547803341,0,0.284427592543382,0,0,3,4799,407078,2,2,-1,-1,-3,1,-1,-1,1,-1,1,1,-1,-1,-1,-1,-1,-3,45,NA,45,2,0,2,2,2
0.45383150711326,0.471465063199376,30,0.347445921458322,40,15,4,3613,404060,99,3,-1,-1,-3,-1,-1,-1,5,-1,1,1,-1,-1,-1,-1,-1,-3,53,NA,53,2,0,2,2,2
NA,NA,50,0.928716664160295,0,NA,2,3347,403407,NA,2,-1,-1,-3,-1,-1,NA,5,-1,NA,6,-1,-1,-1,-1,-1,-3,42,NA,42,1,0,1,1,NA
NA,NA,72,0.810107864008074,40,NA,3,3557,403940,NA,99,3,-1,-3,-1,-1,NA,5,-1,NA,1,-1,-1,-1,-1,-1,-3,42,NA,42,2,0,2,2,NA
0.438153767424402,0.413528262100634,15,0.426373686333804,0,0,2,2918,402321,1,99,3,-1,-3,-1,-1,-1,5,-1,1,1,-1,-1,-1,-1,-1,-3,6,NA,6,1,0,1,1,1
0.563249727091016,0.555546519160574,85,0.778779806713915,85,80,6,1128,302757,6,7,-1,-1,-3,3,2,-1,1,-1,1,1,2,2,2,-3,-3,-3,16,NA,16,2,2,0,2,2
0.782403242366558,0.799001055859019,90,0.631484665638505,100,85,6,3400,403527,6,6,-1,-1,-3,3,-1,-1,1,-1,1,1,-1,-1,-1,-1,-1,-3,18,NA,18,1,0,1,1,1
NA,NA,0,1.20462457226387,0,NA,2,1046,302545,NA,6,-1,-1,-3,1,2,NA,1,-1,NA,1,2,1,2,-3,-3,-3,42,NA,42,1,1,0,1,NA
0.78620288203449,0.701187653493149,85,0.617842848388051,85,85,7,3507,403821,99,6,-1,-1,-3,3,-1,-1,1,-1,1,1,-1,-1,-1,-1,-1,-3,24,NA,24,1,0,1,1,1
NA,NA,99,1.31954796113891,100,NA,5,4456,406234,NA,6,-1,-1,-3,-1,-1,NA,5,-1,NA,1,-1,-1,-1,-1,-1,-3,25,NA,25,2,0,2,2,NA
0.208718385851521,NA,60,0.326196587326002,50,-6,6,676,301636,6,5,-1,-1,-3,-1,2,-1,5,-1,-9,5,2,1,2,-3,-3,-3,20,NA,20,1,1,0,1,1
2.09036314728359,2.07928389149616,0,2.74786194197649,0,0,4,23,300047,99,99,1,-1,-3,-1,2,-1,5,-1,1,1,2,1,2,-3,-3,-3,42,NA,42,2,2,0,2,2
NA,NA,85,0.559661962150083,100,NA,6,3422,403593,NA,-9,2,-1,-3,-1,-1,NA,5,-5,NA,1,-1,-1,-1,-1,-1,-3,36,NA,36,1,0,1,1,NA
0.786162547394057,0.777130875553192,90,0.601837774867943,85,100,6,3908,404841,5,5,-1,-1,-3,3,-1,-1,1,-1,4,4,-1,-1,-1,-1,-1,-3,6,NA,6,1,0,1,1,1
NA,NA,70,1.06309917922454,30,NA,4,3730,404376,NA,4,3,-1,-3,-1,-1,NA,5,-1,NA,1,-1,-1,-1,-1,-1,-3,17,NA,17,2,0,2,2,NA
0.404199520230229,0.407308809804178,71,0.432147507663862,85,100,6,3245,403152,5,5,-1,-1,-3,3,-1,-1,1,-1,1,1,-1,-1,-1,-1,-1,-3,39,NA,39,2,0,2,2,2
0.308375746830806,0.314359674235713,85,0.404636369058447,50,85,3,2574,401436,3,3,-1,-1,-3,1,-1,-1,1,-1,1,1,-1,-1,-1,-1,-1,-3,17,NA,17,2,0,2,2,2
0.740369231464261,0.698718272016495,70,0.495259449499186,100,100,4,2937,402368,4,99,2,-1,-3,1,-1,-1,1,-1,3,3,-1,-1,-1,-1,-1,-3,25,NA,25,2,0,2,2,2
0.672570045041458,0.643213853616766,30,1.24302621605365,0,30,4,649,301572,4,3,-1,-1,-3,1,2,-1,1,-1,2,2,2,1,2,-3,-3,-3,37,NA,37,1,1,0,1,1
1.41854503179344,1.34869909815799,100,1.97264881685419,100,100,6,2835,402116,6,6,-1,-1,-3,3,-1,-1,1,-1,1,5,-1,-1,-1,-1,-1,-3,36,NA,36,2,0,2,2,2
2.61101745103907,3.07151554520201,0,1.9776726091504,0,0,99,2923,402331,2,99,3,-1,-3,1,-1,-1,1,-1,2,2,-1,-1,-1,-1,-1,-3,42,NA,42,1,0,1,1,1
NA,NA,70,0.550673884805178,100,NA,6,4301,405801,NA,6,-1,-1,-3,3,-1,NA,1,-1,NA,1,-1,-1,-1,-1,-1,-3,4,NA,4,1,0,1,1,NA
1.01887010852957,0.926069324346667,85,1.23152960018553,100,85,6,2147,400379,6,6,-1,-1,-3,3,-1,-1,1,-1,1,-9,-1,-1,-1,-1,-1,-3,12,NA,12,1,0,1,1,1
0.559976196257322,0.545185688365303,15,0.84242892101,16,15,99,520,301293,99,4,1,-1,-3,-1,2,-1,5,-1,3,3,2,1,2,-3,-3,-3,8,NA,8,1,1,0,1,1
NA,NA,0,2.5212231590071,-6,NA,1,4091,405271,NA,6,-1,-6,-3,1,-1,NA,1,-6,NA,3,-1,-1,-1,-1,-1,-3,1,NA,1,1,0,1,1,NA
NA,NA,95,0.328283072285287,60,NA,99,3732,404379,NA,99,2,-1,-3,3,-1,NA,1,-1,NA,1,-1,-1,-1,-1,-1,-3,26,NA,26,1,0,1,1,NA
2.37165245479468,2.62912575533843,70,3.98299604601904,85,70,5,3915,404856,4,4,2,-1,-3,-1,-1,-1,5,-1,2,2,-1,-1,-1,-1,-1,-3,51,NA,51,2,0,2,2,2
1.27925163263241,1.12036709866111,24,0.93681312456655,23,30,4,3966,404971,4,4,1,-1,-3,-1,-1,-1,5,-1,1,1,-1,-1,-1,-1,-1,-3,47,NA,47,1,0,1,1,1
0.818826098945428,0.810240076527105,0,1.2521491581818,0,0,2,2789,401982,2,2,-1,-1,-3,1,-1,-1,1,-1,1,1,-1,-1,-1,-1,-1,-3,41,NA,41,2,0,2,2,2
2.32924494584669,2.64413081597374,70,1.91196213303788,100,85,6,875,302106,-9,6,-1,-1,-3,-1,2,-1,5,-1,1,1,2,1,2,-3,-3,-3,55,NA,55,1,1,0,1,1
0.656062626570118,0.641600333273544,0,0.735183966898151,0,0,3,3483,403750,3,3,-1,-1,-3,1,-1,-1,1,-1,1,1,-1,-1,-1,-1,-1,-3,4,NA,6,2,0,2,2,2
4.8774978929978,5.00000000943276,5,3.77395433678726,0,0,99,3380,403482,99,4,3,-1,-3,-1,-1,-1,5,-1,3,3,-1,-1,-1,-1,-1,-3,6,NA,6,2,0,2,2,2
0.856729948732286,0.776492530324021,1,0.516851167979472,0,0,2,3884,404783,99,2,-1,-1,-3,1,-1,-1,1,-1,2,2,-1,-1,-1,-1,-1,-3,42,NA,42,1,0,1,1,1
1.32055909355343,1.49394562502513,84,1.31216652801782,90,75,6,4094,405281,6,6,-1,-1,-3,3,-1,-1,1,-1,1,1,-1,-1,-1,-1,-1,-3,29,NA,29,1,0,1,1,1
NA,NA,100,0.899554618780174,100,NA,6,954,302312,NA,6,-1,-1,-3,3,2,NA,1,-1,NA,1,2,1,2,-3,-3,-3,13,NA,13,1,1,0,1,NA
0.440282111568596,0.441794333394807,85,0.759473027266778,100,85,6,2013,400035,6,6,-1,-1,-3,3,-1,-1,1,-1,1,1,-1,-1,-1,-1,-1,-3,24,NA,24,1,0,1,1,1
0.401912443321471,0.370890077667033,17,0.556650877916098,0,0,2,3188,402990,2,2,-1,-1,-3,-1,-1,-1,5,-1,1,1,-1,-1,-1,-1,-1,-3,4,NA,4,2,0,2,2,2
0.942097428019297,NA,1,0.493532567880489,0,-6,6,3567,403957,6,3,-1,-1,-3,1,-1,-1,1,-1,1,1,-1,-1,-1,-1,-1,-3,33,NA,33,1,0,1,1,1
0.737152983091711,0.694644071107529,16,0.75545359897674,0,0,5,4532,406404,4,6,-1,-1,-3,3,-1,-1,1,-1,1,1,-1,-1,-1,-1,-1,-3,39,NA,39,2,0,2,2,2
0.466689179010632,0.481832090006619,100,0.648359725037058,85,100,7,2610,401525,6,6,-1,-1,-3,3,-1,-1,1,-1,1,1,-1,-1,-1,-1,-1,-3,4,NA,4,1,0,1,1,1
0.441120849713635,0.437276738375568,90,0.403025416252833,0,0,5,4859,407215,5,4,2,-1,-3,-1,-1,-1,5,-1,1,1,-1,-1,-1,-1,-1,-3,4,NA,4,1,0,1,1,1
NA,NA,40,0.683224895576758,30,NA,3,2654,401618,NA,3,-1,-1,-3,-1,-1,NA,5,-1,NA,1,-1,-1,-1,-1,-1,-3,36,NA,36,2,0,2,2,NA
NA,NA,60,0.575571488323419,85,NA,4,564,301376,NA,4,1,-1,-3,-1,2,NA,5,-1,NA,1,2,1,2,-3,-3,-3,22,NA,22,2,2,0,2,NA
0.121446520832603,0.113213897370784,40,0.269026721067705,0,15,4,2620,401554,99,4,3,-1,-3,1,-1,-1,1,-1,1,1,-1,-1,-1,-1,-1,-3,27,NA,27,2,0,2,2,2
0.759031312654616,0.799717234295076,42,1.04824985694303,60,85,99,3339,403392,3,4,3,-1,-3,1,-1,-1,1,-1,1,1,-1,-1,-1,-1,-1,-3,17,NA,17,2,0,2,2,2
0.80756892086055,0.77206295123749,0,1.17765991196676,0,0,2,4132,405370,2,2,-1,-1,-3,-1,-1,-1,5,-1,2,2,-1,-1,-1,-1,-1,-3,37,NA,37,2,0,2,2,2
0.600668584466588,0.64395944585404,1,0.885409597051634,0,0,6,3357,403423,4,99,3,-1,-3,-1,-1,-1,5,-1,2,2,-1,-1,-1,-1,-1,-3,34,NA,34,1,0,1,1,1
0.30212749361052,0.280105982077134,15,0.456151020624889,0,90,4,4026,405097,5,5,-1,-1,-3,-1,-1,-1,5,-1,1,1,-1,-1,-1,-1,-1,-3,33,NA,33,1,0,1,1,1
0.195261306564041,0.177560496085759,0,0.283942542799148,0,0,1,2538,401354,2,2,-1,-1,-3,-1,-1,-1,5,-1,1,5,-1,-1,-1,-1,-1,-3,25,NA,25,2,0,2,2,2
NA,NA,61,0.788150021344665,-6,NA,4,2569,401427,NA,4,3,-6,-3,-1,-1,NA,5,-6,NA,1,-1,-1,-1,-1,-1,-3,48,NA,48,1,0,1,1,NA
4.99999998289759,5.00000000943276,0,2.95584496133318,15,10,4,3375,403474,5,4,1,1,-3,-1,-1,-1,5,-1,3,3,-1,-1,-1,-1,-1,-3,36,NA,36,2,0,2,2,2
0.543386344094553,0.528143443267352,15,0.595441378314648,0,0,2,2709,401780,2,2,-1,-1,-3,1,-1,-1,1,-1,1,1,-1,-1,-1,-1,-1,-3,26,NA,26,2,0,2,2,2
2.73544945646793,2.51690490667474,100,1.08826078723778,100,100,6,273,300687,6,6,-1,-1,-3,3,1,-1,1,-1,1,1,2,1,2,-3,-3,-3,5,NA,5,1,1,0,1,1
NA,NA,0,1.475680443977,-6,NA,3,3260,403182,NA,4,3,-6,-3,-1,-1,NA,5,-6,NA,4,-1,-1,-1,-1,-1,-3,51,NA,51,2,0,2,2,NA
NA,NA,100,1.04499471231611,100,NA,3,3954,404939,NA,4,2,-1,-3,3,-1,NA,1,-1,NA,1,-1,-1,-1,-1,-1,-3,37,NA,37,1,0,1,1,NA
NA,NA,50,1.97994343839702,-6,NA,99,586,301429,NA,4,2,-6,-3,-1,2,NA,5,-6,NA,6,2,2,1,-3,-3,-3,37,NA,37,2,2,0,2,NA
0.258069127113438,0.258567239957478,63,0.546307757548178,80,70,6,2912,402312,6,6,-1,-1,-3,-1,-1,-1,5,-1,1,1,-1,-1,-1,-1,-1,-3,45,NA,45,2,0,2,2,2
0.330999360422765,0.34029542884447,60,0.858171625326112,-9,50,5,897,302154,99,5,-1,-1,-3,-1,2,-1,5,-1,1,1,2,1,2,-3,-3,-3,42,NA,42,2,2,0,2,2
1.73414438880152,1.7695339435357,85,1.75364221148691,100,85,6,250,300628,6,6,-1,-1,-3,3,1,-1,1,-1,1,1,2,2,2,-3,-3,-3,17,NA,17,1,1,0,1,1
0.213290989129657,0.204343116218492,0,0.369853499328506,0,0,2,3407,403546,1,2,-1,-1,-3,1,-1,-1,1,-1,1,1,-1,-1,-1,-1,-1,-3,47,NA,47,2,0,2,2,2
NA,NA,60,1.64151669953413,85,NA,7,4556,406480,NA,6,-1,-1,-3,3,-1,NA,1,-1,NA,1,-1,-1,-1,-1,-1,-3,22,NA,22,2,0,2,2,NA
NA,NA,60,1.30466224323045,100,NA,99,2540,401359,NA,3,-1,-1,-3,-1,-1,NA,5,-1,NA,1,-1,-1,-1,-1,-1,-3,12,NA,12,1,0,1,1,NA
1.51480900019199,1.50653925379594,100,1.84828790845109,100,70,7,3631,404106,6,5,-1,-1,-3,3,-1,-1,1,-1,1,1,-1,-1,-1,-1,-1,-3,21,NA,21,2,0,2,2,2
0.715508785237306,0.711953755519623,68,0.899439431154877,90,100,6,2067,400183,6,4,3,-1,-3,-1,-1,-1,5,-5,1,1,-1,-1,-1,-1,-1,-3,36,NA,36,1,0,1,1,1
0.954414951327408,0.89409281484268,0,1.37640072233092,0,0,99,4004,405049,3,4,2,-1,-3,-1,-1,-1,5,-1,2,2,-1,-1,-1,-1,-1,-3,20,NA,29,1,0,1,1,1
0.976923175846361,1.01469265591281,0,0.922026895158323,0,0,2,3384,403498,2,4,3,-1,-3,1,-1,-1,1,-1,2,6,-1,-1,-1,-1,-1,-3,37,NA,37,2,0,2,2,2
NA,NA,0,0.343708826925573,-6,NA,2,4849,407198,NA,2,-1,-6,-3,1,-1,NA,1,-6,NA,1,-1,-1,-1,-1,-1,-3,37,NA,37,2,0,2,2,NA
0.356125851845053,0.38109022596011,0,0.389922877310087,0,0,2,4512,406360,1,2,-1,-1,-3,1,-1,-1,1,-1,1,1,-1,-1,-1,-1,-1,-3,9,NA,9,2,0,2,2,2
1.55577555023782,1.64709424014465,85,1.14240487220993,85,85,6,2575,401437,6,6,-1,-1,-3,3,-1,-1,1,-1,1,1,-1,-1,-1,-1,-1,-3,29,NA,29,1,0,1,1,1
1.04914412781717,1.11228715881495,15,0.431662999021628,0,0,4,4022,405089,3,2,-1,-1,-3,1,-1,-1,1,-1,1,1,-1,-1,-1,-1,-1,-3,21,NA,21,1,0,1,1,1
1.46254859944382,1.37445737438115,83,1.27768029557399,70,75,4,3978,404991,4,5,-1,-1,-3,-1,-1,-1,5,-1,1,1,-1,-1,-1,-1,-1,-3,51,NA,51,1,0,1,1,1
0.362378057371496,0.345899529274184,43,0.499503261432829,0,0,4,3358,403424,4,4,3,-1,-3,-1,-1,-1,5,-1,1,1,-1,-1,-1,-1,-1,-3,29,NA,29,2,0,2,2,2
NA,NA,61,0.532017077442817,50,NA,6,3447,403661,NA,6,-1,-1,-3,3,-1,NA,1,-1,NA,1,-1,-1,-1,-1,-1,-3,33,NA,33,1,0,1,1,NA
NA,NA,34,0.279241183157559,0,NA,2,4581,406550,NA,2,-1,-1,-3,1,-1,NA,1,-1,NA,1,-1,-1,-1,-1,-1,-3,6,NA,6,2,0,2,2,NA
0.218942592885824,0.209709707629006,12,0.345407521237577,0,0,2,3960,404959,2,3,-1,-1,-3,-1,-1,-1,5,-1,1,1,-1,-1,-1,-1,-1,-3,25,NA,1,1,0,1,1,1
0.651326424157463,0.633695903308227,15,1.62215942963934,40,30,99,773,301873,5,4,1,-1,-3,-1,1,-1,5,-1,3,3,1,2,2,-3,-3,-3,48,NA,48,2,2,0,2,2
0.345308976380599,0.315245068152161,0,0.448787923602705,0,0,2,514,301280,2,2,-1,-1,-3,1,1,-1,1,-1,1,1,2,2,2,-3,-3,-3,17,NA,17,1,1,0,1,1
0.6379908365635,0.637943832574429,0,0.94843801052088506,2,0,4,655,301594,5,5,-1,-1,-3,3,2,-1,1,-1,1,1,2,1,2,-3,-3,-3,4,NA,4,2,2,0,2,2
NA,NA,30,1.15551839462648,-6,NA,4,236,300597,NA,4,2,-6,-3,-1,2,NA,5,-6,NA,1,2,1,2,-3,-3,-3,47,NA,47,1,1,0,1,NA
NA,NA,0,0.382476427019961,0,NA,1,3551,403930,NA,2,-1,-1,-3,1,-1,NA,1,-1,NA,1,-1,-1,-1,-1,-1,-3,39,NA,39,2,0,2,2,NA
0.80569007818756,0.850527138154143,51,1.10738258268318,100,100,99,3760,404459,4,4,2,-1,-3,-1,-1,-1,-9,-1,1,3,-1,-1,-1,-1,-1,-3,21,NA,21,1,0,1,1,1
2.04074160895047,NA,70,1.58053221841989,85,-7,6,2075,400198,6,6,-1,-1,-3,-1,-1,-1,5,-1,1,1,-1,-1,-1,-1,-1,-3,1,NA,1,2,0,2,2,2
0.16665313906662,0.158278662960433,86,0.288393316618038,85,100,6,4969,407529,6,5,-1,-1,-3,3,-1,-1,1,-1,1,1,-1,-1,-1,-1,-1,-3,44,NA,44,1,0,1,1,1
NA,NA,85,0.471495303194331,100,NA,4,4680,406784,NA,99,3,-1,-3,3,-1,NA,1,-1,NA,1,-1,-1,-1,-1,-1,-3,34,NA,34,2,0,2,2,NA
0.977503395272334,1.0136476487789,70,0.710715180044935,85,85,6,2737,401852,6,5,-1,-1,-3,-1,-1,-1,5,-1,1,1,-1,-1,-1,-1,-1,-3,48,NA,48,2,0,2,2,2
0.647105998408028,0.718304549182986,0,0.444187254450171,0,0,4,4279,405751,3,4,3,-1,-3,1,-1,-1,1,-1,2,2,-1,-1,-1,-1,-1,-3,24,NA,24,1,0,1,1,1
0.37477559261454,0.384758582198481,3,0.688595737679891,15,3,3,3239,403135,2,3,-1,-1,-3,1,-1,-1,1,-1,2,2,-1,-1,-1,-1,-1,-3,39,NA,39,1,0,1,1,1
NA,NA,100,2.57604244865026,-6,NA,99,3019,402590,NA,99,3,-6,-3,-1,-1,NA,5,-6,NA,1,-1,-1,-1,-1,-1,-3,6,NA,6,2,0,2,2,NA
2.26247583101814,2.00506183357501,0,1.44498863900066,0,0,99,454,301143,99,99,2,-1,-3,-1,2,-1,5,-1,3,3,2,1,2,-3,-3,-3,42,NA,42,1,1,0,1,1
NA,NA,11,0.990693547522756,0,NA,3,3934,404896,NA,1,-1,-1,-3,-1,-1,NA,5,-1,NA,3,-1,-1,-1,-1,-1,-3,48,NA,48,2,0,2,2,NA
0.647349867058206,0.687146777863048,0,0.650810339991085,0,0,2,4412,406119,1,2,-1,-1,-3,1,-1,-1,1,-1,1,1,-1,-1,-1,-1,-1,-3,6,NA,6,1,0,1,1,1
1.50293635436276,1.55206256829888,0,0.918507694037054,0,0,4,3661,404200,2,2,-1,-1,-3,1,-1,-1,1,-1,2,2,-1,-1,-1,-1,-1,-3,6,NA,6,2,0,2,2,2
NA,NA,67,0.73301472208887,7,NA,6,3298,403296,NA,6,-1,-1,-3,3,-1,NA,1,-1,NA,1,-1,-1,-1,-1,-1,-3,12,NA,12,2,0,2,2,NA
4.32526101076371,3.92224378454617,60,3.24306671812201,70,9,99,3605,404045,99,4,1,-1,-3,-1,-1,-1,5,-1,1,1,-1,-1,-1,-1,-1,-3,39,NA,39,1,0,1,1,1
NA,NA,50,0.617307730328945,0,NA,4,269,300676,NA,99,-8,-1,-3,-1,2,NA,5,-1,NA,2,2,1,2,-3,-3,-3,20,NA,20,2,2,0,2,NA
0.142521798918679,0.139513106506497,15,0.299847431952263,0,15,6,82,300180,6,6,-1,-1,-3,1,2,-1,1,-1,3,3,1,2,2,-3,-3,-3,6,NA,6,1,1,0,1,1
NA,NA,30,1.60193685736769,0,NA,1,3687,404275,NA,-9,1,-1,-3,-1,-1,NA,5,-1,NA,1,-1,-1,-1,-1,-1,-3,48,NA,48,1,0,1,1,NA
0.696615963705052,0.773680487649623,60,1.382770894268,60,85,99,3990,405016,6,4,3,-1,-3,-1,-1,-1,5,-1,1,1,-1,-1,-1,-1,-1,-3,12,NA,12,2,0,2,2,2
0.422150925282538,0.425356754186389,30,0.686973391001694,40,0,99,323,300796,2,3,-1,-1,-3,1,2,-1,1,-1,1,1,1,2,2,-3,-3,-3,24,NA,24,2,2,0,2,2
0.636199962263812,0.663950492594777,0,0.79124050525874,0,10,2,2512,401281,2,2,-1,-1,-3,1,-1,-1,1,-1,1,1,-1,-1,-1,-1,-1,-3,11,NA,11,1,0,1,1,1
0.389606375989303,0.378151816984542,70,0.620667938556792,80,95,7,1039,302531,7,7,-1,-1,-3,3,2,-1,1,-1,1,1,2,1,2,-3,-3,-3,47,NA,47,1,1,0,1,1
0.294436647673145,0.310533585070507,15,0.788576953941724,40,0,4,2108,400282,6,6,-1,-1,-3,-1,-1,-1,5,-1,1,1,-1,-1,-1,-1,-1,-3,6,NA,6,2,0,2,2,2
0.323421061039172,0.317650369700218,30,0.515079239710464,0,0,3,775,301876,2,3,-1,-1,-3,1,2,-1,1,-1,1,1,1,2,2,-3,-3,-3,6,NA,6,2,2,0,2,2
0.918293518336054,0.952839966129093,100,0.843691110913789,100,100,6,4737,406926,6,6,-1,-1,-3,3,-1,-1,1,-1,1,1,-1,-1,-1,-1,-1,-3,12,NA,12,2,0,2,2,2
2.49243291478066,2.44976255360377,60,2.20410943081915,85,100,4,30,300059,6,6,-1,-1,-3,-1,2,-1,5,-1,1,1,2,1,2,-3,-3,-3,20,NA,20,2,2,0,2,2
NA,NA,70,0.35435789458288,70,NA,4,99,300215,NA,4,2,-1,-3,-1,2,NA,5,-1,NA,1,2,1,2,-3,-3,-3,18,NA,18,2,2,0,2,NA
1.89568764783526,1.64989117530321,50,3.01467685975317,50,60,5,3393,403511,99,99,3,-1,-3,7,-1,-1,1,-1,3,3,-1,-1,-1,-1,-1,-3,48,NA,48,1,0,1,1,1
0.314279468520921,0.296862427953907,15,0.466491316828116,50,50,3,2272,400693,5,99,1,-1,-3,-1,-1,-1,5,-1,3,3,-1,-1,-1,-1,-1,-3,48,NA,48,1,0,1,1,1
NA,NA,0,0.579346828329177,0,NA,99,4659,406739,NA,99,1,-1,-3,1,-1,NA,1,-1,NA,2,-1,-1,-1,-1,-1,-3,34,NA,34,1,0,1,1,NA
0.200337726935419,0.201386355985949,15,0.351440421279776,0,2,2,1127,302755,2,2,-1,-1,-3,-1,2,-1,5,-1,1,1,2,1,2,-3,-3,-3,16,NA,16,2,2,0,2,2
NA,NA,30,0.498414634032793,30,NA,4,169,300389,NA,5,-1,-1,-3,-1,2,NA,5,-1,NA,1,1,2,2,-3,-3,-3,6,NA,6,2,2,0,2,NA
NA,NA,60,2.26305005187387,60,NA,6,2458,401152,NA,5,-1,-1,-3,-1,-1,NA,5,-1,NA,3,-1,-1,-1,-1,-1,-3,12,NA,12,2,0,2,2,NA
0.373132786295382,0.36669804436906,100,0.63463517680747,-9,100,7,4025,405095,6,6,-1,-1,-3,3,-1,-1,1,-1,1,1,-1,-1,-1,-1,-1,-3,12,NA,12,1,0,1,1,1
0.148560949612264,0.151191561788465,0,0.282744387277495,0,0,2,4609,406624,2,2,-1,-1,-3,1,-1,-1,1,-1,1,1,-1,-1,-1,-1,-1,-3,41,NA,41,2,0,2,2,2
0.891239564806394,0.875394622469652,0,1.15542746386042,0,0,3,325,300799,3,3,-1,-1,-3,-1,1,-1,5,-1,1,1,2,1,2,-3,-3,-3,27,NA,27,2,2,0,2,2
0.666935929447807,0.628449002106299,61,0.635504767657628,70,60,4,2755,401902,5,5,-1,-1,-3,7,-1,-1,1,-1,1,1,-1,-1,-1,-1,-1,-3,26,NA,26,2,0,2,2,2
0.740911286747985,0.756754475957537,35,0.807042844883523,40,70,99,4767,406986,99,4,3,-1,-3,-1,-1,-1,5,-1,1,1,-1,-1,-1,-1,-1,-3,6,NA,6,2,0,2,2,2
2.35820334118633,2.41543350824447,63,2.0572360976603,-9,60,99,4334,405902,99,99,2,-1,-3,-1,-1,-1,5,-5,1,1,-1,-1,-1,-1,-1,-3,21,NA,21,2,0,2,2,2
NA,NA,15,1.40495567257733,-7,NA,1,4915,407377,NA,4,3,-7,-3,-1,-1,NA,5,-7,NA,2,-1,-1,-1,-1,-1,-3,4,NA,34,1,0,1,1,NA
1.10990645741279,0.959570097221597,70,0.549705761266858,60,80,4,687,301661,6,4,2,-1,-3,3,2,-1,1,-1,6,6,2,1,2,-3,-3,-3,48,NA,48,1,1,0,1,1
0.98609699928889,1.13687738922075,40,0.847977544228288,50,50,6,356,300890,5,6,-1,-1,-3,3,2,-1,1,-1,1,1,2,1,2,-3,-3,-3,55,NA,55,1,1,0,1,1
0.322314866533732,0.353332088025826,30,0.605449748464813,0,30,3,2321,400820,5,4,3,-1,-3,-1,-1,-1,5,-1,1,1,-1,-1,-1,-1,-1,-3,6,NA,6,2,0,2,2,2
NA,NA,77,1.71750223147479,50,NA,5,5065,407732,NA,5,-1,-1,-3,3,-1,NA,1,-1,NA,1,-1,-1,-1,-1,-1,-3,17,NA,17,2,0,2,2,NA
0.448589050714885,0.489163127935686,2,0.639541289323877,0,0,2,2198,400514,2,2,-1,-1,-3,1,-1,-1,1,-1,1,1,-1,-1,-1,-1,-1,-3,42,NA,42,2,0,2,2,2
0.30619105200943,0.324245106399041,70,0.380287235384786,70,75,5,4548,406458,99,5,-1,-1,-3,3,-1,-1,1,-1,1,1,-1,-1,-1,-1,-1,-3,29,NA,29,2,0,2,2,2
0.905872244457332,0.821374269742486,60,0.697141368728477,0,0,99,3527,403874,2,99,1,-1,-3,-1,-1,-1,5,-1,1,1,-1,-1,-1,-1,-1,-3,18,NA,18,2,0,2,2,2
4.99999998289759,5.00000000943276,0,2.58066467804103,15,0,99,3216,403076,99,99,2,-1,-3,-1,-1,-1,5,-1,6,6,-1,-1,-1,-1,-1,-3,4,NA,4,2,0,2,2,2
3.29924570690076,3.18346597461999,4,2.50002166049474,0,60,4,2927,402342,99,99,3,-1,-3,-1,-1,-1,5,-1,1,1,-1,-1,-1,-1,-1,-3,5,NA,5,2,0,2,2,2
2.18676489475847,2.03893421108088,85,1.41417998477451,85,85,4,4002,405042,4,3,-1,-1,-3,7,-1,-1,1,-1,1,1,-1,-1,-1,-1,-1,-3,42,NA,42,2,0,2,2,2
1.25097237228156,1.30650258796495,0,1.54584725948954,0,0,2,3093,402768,1,2,-1,-1,-3,1,-1,-1,1,-1,1,1,-1,-1,-1,-1,-1,-3,41,NA,41,2,0,2,2,2
0.924573884329642,0.987674684185229,0,0.513363062177934,0,30,4,4305,405816,2,2,-1,-1,-3,1,-1,-1,1,-1,4,4,-1,-1,-1,-1,-1,-3,48,NA,48,2,0,2,2,2
0.283112162636968,0.281925054106407,70,0.555899634053945,0,0,4,3223,403098,3,5,-1,-1,-3,-1,-1,-1,5,-1,1,1,-1,-1,-1,-1,-1,-3,51,NA,51,2,0,2,2,2
0.374615235778891,0.36605573322522,100,0.513882951814645,100,100,99,756,301838,6,4,2,-1,-3,3,2,-1,1,-1,1,1,2,1,2,-3,-3,-3,12,NA,12,2,2,0,2,2
0.476536695324344,0.442508254080099,0,0.894237626695842,0,0,4,423,301070,4,3,-1,-1,-3,1,2,-1,1,-1,1,1,2,1,2,-3,-3,-3,9,NA,9,2,2,0,2,2
0.60783414589524,0.605125246174144,60,0.657541821372228,0,0,4,1077,302627,4,4,1,-1,-3,1,1,-1,1,-1,1,1,2,1,2,-3,-3,-3,26,NA,26,1,1,0,1,1
0.39966103007827,0.373184677223701,50,0.477653032347249,30,10,4,1135,302774,4,5,-1,-1,-3,1,2,-1,1,-1,2,2,2,1,2,-3,-3,-3,13,NA,13,1,1,0,1,1
1.2675535214426,1.30280104843967,8,0.658035826059641,70,90,7,2398,401019,5,99,2,-1,-3,3,-1,-1,1,-1,1,5,-1,-1,-1,-1,-1,-3,51,NA,51,1,0,1,1,1
0.965749890090032,1.01326754344791,70,0.480236850439272,85,85,6,2750,401883,6,6,-1,-1,-3,3,-1,-1,1,-1,1,1,-1,-1,-1,-1,-1,-3,51,NA,51,1,0,1,1,1
0.938277005009661,0.913228294732851,2,0.84936350104485,0,0,2,4290,405782,2,2,-1,-1,-3,1,-1,-1,1,-1,1,1,-1,-1,-1,-1,-1,-3,36,NA,36,2,0,2,2,2
0.474272758394717,0.500131747922602,40,0.607501367796224,30,0,4,798,301926,99,4,3,-1,-3,-1,2,-1,5,-1,1,1,1,2,2,-3,-3,-3,6,NA,6,2,2,0,2,2
0.255883006201268,0.253321328028666,10,0.378590459868061,10,30,2,4090,405260,2,4,1,-1,-3,-1,-1,-1,5,-1,1,1,-1,-1,-1,-1,-1,-3,31,NA,31,2,0,2,2,2
NA,NA,0,0.324087857469414,-6,NA,3,2116,400305,NA,2,-1,-6,-3,1,-1,NA,1,-6,NA,4,-1,-1,-1,-1,-1,-3,6,NA,6,1,0,1,1,NA
0.402866290071513,0.412340121616229,85,0.721847732406846,15,50,3,241,300609,99,4,2,-1,-3,3,2,-1,1,-1,1,6,2,1,2,-3,-3,-3,33,NA,33,1,1,0,1,1
1.94593224683306,2.20945122224115,38,1.84427912155678,13,72,2,2600,401501,3,3,-1,-1,-3,-1,-1,-1,5,-1,1,1,-1,-1,-1,-1,-1,-3,32,NA,27,1,0,1,1,1
NA,NA,50,1.67945059652658,-6,NA,99,1027,302494,NA,99,1,-6,-3,-1,2,NA,5,-6,NA,3,2,1,2,-3,-3,-3,35,NA,35,2,2,0,2,NA
1.16303658388607,1.0929853613105,0,0.79531872663263,30,40,4,3267,403213,4,5,-1,-1,-3,7,-1,-1,1,-1,1,1,-1,-1,-1,-1,-1,-3,24,NA,24,1,0,1,1,1
0.429008557747511,0.45222073572469,100,0.727027102945894,100,100,7,4762,406973,7,7,-1,-1,-3,3,-1,-1,1,-1,1,1,-1,-1,-1,-1,-1,-3,6,NA,6,1,0,1,1,1
2.33090073783618,2.18388941702528,50,1.94114579387177,100,100,4,68,300153,5,3,-1,-1,-3,-1,2,-1,5,-1,1,1,2,1,2,-3,-3,-3,47,NA,47,1,1,0,1,1
0.877409975852694,0.899277616253883,85,0.760701601474979,100,100,6,2078,400208,6,5,-1,-1,-3,3,-1,-1,1,-1,1,1,-1,-1,-1,-1,-1,-3,4,NA,4,2,0,2,2,2
0.363051471155904,0.399630291090668,0,0.403391544717621,0,0,2,3926,404880,2,2,-1,-1,-3,1,-1,-1,1,-1,1,1,-1,-1,-1,-1,-1,-3,36,NA,36,2,0,2,2,2
2.08904557944096,2.38527907095538,0,1.78820347390205,0,0,5,831,301993,1,3,-1,-1,-3,1,1,-1,1,-1,1,1,2,1,2,-3,-3,-3,12,NA,12,1,1,0,1,1
0.585659249531173,0.538466166721563,1,0.758060251775822,0,0,4,3212,403059,5,5,-1,-1,-3,-1,-1,-1,5,-1,1,1,-1,-1,-1,-1,-1,-3,55,NA,55,1,0,1,1,1
NA,NA,0,1.48823220683115,-6,NA,3,4277,405746,NA,5,-1,-6,-3,-1,-1,NA,5,-6,NA,3,-1,-1,-1,-1,-1,-3,6,NA,6,2,0,2,2,NA
2.23795501991574,2.39042152420779,0,1.03702413010042,0,0,99,4892,407305,99,2,-1,-1,-3,1,-1,-1,1,-1,3,3,-1,-1,-1,-1,-1,-3,12,NA,12,1,0,1,1,1
NA,NA,30,0.607320749522694,0,NA,2,3232,403120,NA,5,-1,-1,-3,-1,-1,NA,5,-1,NA,1,-1,-1,-1,-1,-1,-3,4,NA,4,2,0,2,2,NA
NA,NA,0,0.998977187950281,-6,NA,99,4528,406389,NA,4,3,-6,-3,-1,-1,NA,5,-6,NA,2,-1,-1,-1,-1,-1,-3,24,NA,24,1,0,1,1,NA
1.572904442831,1.63863265128442,60,1.17246398502116,50,50,4,2431,401089,3,99,3,-1,-3,-1,-1,-1,5,-1,3,1,-1,-1,-1,-1,-1,-3,6,NA,6,1,0,1,1,1
0.807042702893959,0.889478885233519,86,1.66273278747523,85,-9,6,2014,400039,6,6,-1,-1,-3,3,-1,-1,1,-1,1,1,-1,-1,-1,-1,-1,-3,48,NA,48,1,0,1,1,1
0.452254374531707,0.453943765092204,40,0.399473031222126,30,0,6,4119,405339,6,6,-1,-1,-3,3,-1,-1,1,-1,1,1,-1,-1,-1,-1,-1,-3,6,NA,6,1,0,1,1,1
NA,NA,71,0.402406259667101,100,NA,7,2497,401247,NA,6,-1,-1,-3,3,-1,NA,1,-1,NA,1,-1,-1,-1,-1,-1,-3,39,NA,39,1,0,1,1,NA
0.264999319561933,0.268839602854389,0,0.509490311297805,0,0,1,641,301556,1,1,-1,-1,-3,1,2,-1,1,-1,1,1,2,1,2,-3,-3,-3,53,NA,53,1,1,0,1,1
NA,NA,47,0.856845092235555,40,NA,4,3675,404241,NA,99,3,-1,-3,-1,-1,NA,5,-1,NA,1,-1,-1,-1,-1,-1,-3,12,NA,12,1,0,1,1,NA
NA,NA,30,0.603609631178559,0,NA,2,298,300739,NA,3,-1,-1,-3,-1,2,NA,5,-1,NA,1,2,2,1,-3,-3,-3,17,NA,17,1,1,0,1,NA
NA,NA,0,0.699319756500901,0,NA,2,3722,404358,NA,1,-1,-1,-3,1,-1,NA,1,-1,NA,1,-1,-1,-1,-1,-1,-3,24,NA,24,2,0,2,2,NA
0.296924222103627,0.291289471933308,15,0.551546824731001,70,85,5,4139,405392,6,6,-1,-1,-3,-1,-1,-1,5,-1,1,1,-1,-1,-1,-1,-1,-3,48,NA,40,2,0,2,2,2
1.44444394971235,1.51823223916513,0,0.959767561124027,0,15,2,2768,401922,2,2,-1,-1,-3,1,-1,-1,1,-1,1,1,-1,-1,-1,-1,-1,-3,8,NA,8,2,0,2,2,2
4.99999998289759,5.00000000943276,50,5.79111594247423,0,0,99,7,300008,99,99,2,-1,-3,1,1,-1,1,-1,2,2,2,1,2,-3,-3,-3,36,NA,36,1,1,0,1,1
1.70630817615916,1.59000470968931,15,2.50505921013878,30,0,99,779,301881,99,4,-8,-1,-3,-1,2,-1,5,-1,1,1,2,1,2,-3,-3,-3,42,NA,42,1,1,0,1,1
0.547412243686185,0.536596454583561,60,1.0959204476009,85,85,6,614,301489,6,6,-1,-1,-3,3,1,-1,1,-1,1,1,2,1,2,-3,-3,-3,37,NA,37,2,2,0,2,2
0.726025544872616,0.689016150888446,0,0.856597072493694,0,0,4,3043,402647,1,2,-1,-1,-3,-1,-1,-1,5,-1,1,1,-1,-1,-1,-1,-1,-3,6,NA,6,1,0,1,1,1
0.622950926183377,0.643711271112603,85,0.838561504988357,100,100,5,2562,401412,99,6,-1,-1,-3,3,-1,-1,1,-1,1,1,-1,-1,-1,-1,-1,-3,13,NA,13,2,0,2,2,2
NA,NA,85,0.595508521033795,85,NA,4,1081,302639,NA,4,3,-1,-3,-1,2,NA,5,-1,NA,1,2,1,2,-3,-3,-3,29,NA,20,1,1,0,1,NA
NA,NA,60,0.336425292156599,15,NA,99,27,300053,NA,2,-1,-1,-3,-1,2,NA,5,-1,NA,1,1,2,2,-3,-3,-3,12,NA,12,2,2,0,2,NA
1.05636816331102,1.09683136732178,16,0.821725280570123,0,0,2,3929,404886,2,2,-1,-1,-3,-1,-1,-1,5,-1,1,1,-1,-1,-1,-1,-1,-3,21,NA,21,2,0,2,2,2
0.18611073401545,0.183238073364205,80,0.40930381587091,85,85,7,2121,400317,6,6,-1,-1,-3,3,-1,-1,1,-1,1,1,-1,-1,-1,-1,-1,-3,26,NA,26,1,0,1,1,1
0.365704983425697,NA,0,0.347445921458322,0,-6,2,2089,400243,3,2,-1,-1,-3,1,-1,-1,1,-1,1,1,-1,-1,-1,-1,-1,-3,6,NA,6,1,0,1,1,1
0.614034514829569,0.742184750043386,85,0.739125161059816,100,85,7,3618,404075,6,99,2,-1,-3,3,-1,-1,1,-1,1,1,-1,-1,-1,-1,-1,-3,18,NA,48,1,0,1,1,1
NA,NA,15,0.35389575025767,85,NA,4,3419,403578,NA,4,3,-1,-3,1,-1,NA,1,-1,NA,1,-1,-1,-1,-1,-1,-3,42,NA,42,2,0,2,2,NA
0.295743878866822,0.291586117263005,42,0.412227572702305,50,0,5,3437,403630,4,4,3,-1,-3,-1,-1,-1,5,-1,1,1,-1,-1,-1,-1,-1,-3,21,NA,4,2,0,2,2,2
0.66722162835214,0.694951316005601,40,0.597478424229198,66,65,3,78,300175,3,3,-1,-1,-3,-1,2,-1,5,-1,1,1,2,2,1,-3,-3,-3,18,NA,18,2,2,0,2,2
NA,NA,0,2.67914543549128,9,NA,2,739,301789,NA,5,-1,-1,-3,1,2,NA,1,-1,NA,6,2,1,2,-3,-3,-3,53,NA,53,1,1,0,1,NA
0.663258371803391,0.580817610911261,15,0.824580169418564,0,0,4,5,300006,4,4,3,-1,-3,1,1,-1,1,-1,1,1,2,1,2,-3,-3,-3,39,NA,39,2,2,0,2,2
0.856612914463446,0.847235970111439,60,0.795984967535153,85,70,7,4555,406479,7,6,-1,-1,-3,3,-1,-1,1,-1,1,1,-1,-1,-1,-1,-1,-3,42,NA,42,1,0,1,1,1
0.446091797799438,0.462467994102672,40,0.615831693306746,85,90,6,3156,402906,6,5,-1,-1,-3,3,-1,-1,1,-1,1,1,-1,-1,-1,-1,-1,-3,6,NA,6,2,0,2,2,2
0.144958923081784,0.146918458258091,85,0.360026790539604,85,85,6,1003,302443,6,5,-1,-1,-3,3,2,-1,1,-1,1,1,2,1,2,-3,-3,-3,20,NA,20,1,1,0,1,1
0.588208921956622,0.56942910938884,96,0.760678888772311,100,100,7,4125,405352,6,6,-1,-1,-3,3,-1,-1,1,-1,1,1,-1,-1,-1,-1,-1,-3,18,NA,18,2,0,2,2,2
0.968357139511635,1.03009345332658,25,1.14667138244604,0,0,2,2684,401705,2,3,-1,-1,-3,-1,-1,-1,5,-1,1,1,-1,-1,-1,-1,-1,-3,17,NA,17,1,0,1,1,1
NA,NA,15,0.646654965265431,15,NA,2,3313,403331,NA,2,-1,-1,-3,-1,-1,NA,5,-1,NA,2,-1,-1,-1,-1,-1,-3,4,NA,4,1,0,1,1,NA
0.398060255996002,0.36501083279714,0,0.258531625084663,0,0,99,4683,406792,4,4,1,-1,-3,-1,-1,-1,5,-1,2,2,-1,-1,-1,-1,-1,-3,48,NA,17,2,0,2,2,2
1.24263085616978,1.29280118028685,80,0.73898981888579,90,90,7,5080,407771,6,6,-1,-1,-3,3,-1,-1,1,-1,1,1,-1,-1,-1,-1,-1,-3,1,NA,1,1,0,1,1,1
NA,NA,71,0.703186432319727,-6,NA,6,2775,401940,NA,6,-1,-6,-3,3,-1,NA,1,-6,NA,1,-1,-1,-1,-1,-1,-3,48,NA,48,2,0,2,2,NA
0.641564491453053,0.655236800529603,15,0.534233955375483,0,0,3,101,300222,2,2,-1,-1,-3,1,2,-1,1,-1,1,1,2,2,2,-3,-3,-3,48,NA,48,1,1,0,1,1
0.228360890611126,0.226570662906909,40,0.336679223703669,40,55,5,3078,402732,6,5,-1,-1,-3,-1,-1,-1,5,-1,1,1,-1,-1,-1,-1,-1,-3,13,NA,13,2,0,2,2,2
0.833327042425574,0.827297481426499,80,0.856396758942358,65,66,6,3877,404774,6,6,-1,-1,-3,-1,-1,-1,5,-1,1,1,-1,-1,-1,-1,-1,-3,48,NA,48,2,0,2,2,2
1.09185704361478,1.11350398404232,59,1.40100940971629,15,100,99,3476,403738,4,4,3,-1,-3,-1,-1,-1,5,-1,1,1,-1,-1,-1,-1,-1,-3,53,NA,53,2,0,2,2,2
1.81743199987606,1.59184909526294,0,1.09239674191302,0,15,2,4855,407209,3,2,-1,-1,-3,1,-1,-1,1,-1,2,2,-1,-1,-1,-1,-1,-3,12,NA,12,1,0,1,1,1
0.187753928868182,0.173031430093691,0,0.339743264054556,-9,0,4,4507,406348,2,4,3,-1,-3,-1,-1,-1,5,-1,1,3,-1,-1,-1,-1,-1,-3,55,NA,55,2,0,2,2,2
3.31228849504863,3.22193947220826,15,5.24345800972381,50,15,6,297,300736,6,4,2,-1,-3,-1,2,-1,5,-1,3,5,2,1,2,-3,-3,-3,18,NA,18,2,2,0,2,2
0.34718574717669,0.361653787323445,0,0.327743432529771,0,40,4,3949,404928,4,99,3,-1,-3,-1,-1,-1,5,-1,1,1,-1,-1,-1,-1,-1,-3,26,NA,26,2,0,2,2,2
0.883239445510566,0.86568494721777,30,0.64716396162805,15,0,3,2668,401662,2,4,1,-1,-3,-1,-1,-1,5,-1,1,1,-1,-1,-1,-1,-1,-3,26,NA,26,2,0,2,2,2
NA,NA,60,0.546175456987106,85,NA,6,5043,407692,NA,4,2,-1,-3,-1,-1,NA,5,-1,NA,1,-1,-1,-1,-1,-1,-3,37,NA,37,2,0,2,2,NA
1.75551150805208,2.00256824941076,1,1.66538678321591,50,-9,99,4325,405881,99,99,-9,-1,-3,-1,-1,-1,5,-1,1,1,-1,-1,-1,-1,-1,-3,13,NA,13,1,0,1,1,1
0.870393007105078,0.799604802032577,100,0.639398189395392,100,100,7,4149,405419,6,6,-1,-1,-3,-1,-1,-1,5,-1,1,1,-1,-1,-1,-1,-1,-3,9,NA,9,1,0,1,1,1
0.495097588514765,0.472627411808738,40,0.843078717445063,70,30,99,3279,403237,99,6,-1,-1,-3,1,-1,-1,1,-1,1,1,-1,-1,-1,-1,-1,-3,42,NA,42,1,0,1,1,1
1.09771255767755,1.35636165664904,30,0.847069308908843,40,55,99,3468,403710,4,4,1,-1,-3,3,-1,-1,1,-1,2,2,-1,-1,-1,-1,-1,-3,26,NA,26,2,0,2,2,2
1.36297202428235,1.31992629096278,60,1.23974676847643,70,40,4,3872,404757,4,4,3,-1,-3,-1,-1,-1,5,-1,1,1,-1,-1,-1,-1,-1,-3,34,NA,34,1,0,1,1,1
0.651981728127186,0.611279283633432,60,0.910833129271737,60,90,5,3622,404082,6,4,3,-1,-3,3,-1,-1,1,-1,1,1,-1,-1,-1,-1,-1,-3,34,NA,34,2,0,2,2,2
0.278068399108296,0.267706003809814,0,0.649171800815555,0,0,2,2149,400382,1,1,-1,-1,-3,1,-1,-1,1,-1,1,1,-1,-1,-1,-1,-1,-3,50,NA,42,2,0,2,2,2
0.35440065220982,0.374564444031977,7,0.781959292410918,0,50,3,2235,400598,4,3,-1,-1,-3,1,-1,-1,1,-1,1,1,-1,-1,-1,-1,-1,-3,21,NA,21,2,0,2,2,2
0.305128147682696,0.286626431360002,30,0.381604993972484,15,0,4,3254,403173,4,4,3,-1,-3,1,-1,-1,1,-1,1,1,-1,-1,-1,-1,-1,-3,26,NA,26,1,0,1,1,1
2.87927033866769,2.99335264769392,85,2.95153303797469,100,100,7,217,300552,7,6,-1,-1,-3,3,2,-1,1,-1,1,1,2,1,2,-3,-3,-3,55,NA,55,1,1,0,1,1
0.266133430275363,0.254358755982708,16,0.31824907436212,10,15,3,3980,404993,3,3,-1,-1,-3,1,-1,-1,1,-1,1,1,-1,-1,-1,-1,-1,-3,12,NA,12,1,0,1,1,1
0.384515507176622,0.360440453093175,0,0.821639264511726,0,0,2,3142,402875,3,2,-1,-1,-3,1,-1,-1,1,-1,3,3,-1,-1,-1,-1,-1,-3,17,NA,17,1,0,1,1,1
0.406876938046691,0.385243609106457,1,0.532235204506105,0,0,4,4186,405510,4,4,3,-1,-3,-1,-1,-1,5,-1,1,1,-1,-1,-1,-1,-1,-3,39,NA,39,2,0,2,2,2
0.335782296401106,0.374940338745953,0,0.718230973857313,0,30,2,5033,407667,2,2,-1,-1,-3,1,-1,-1,1,-1,1,1,-1,-1,-1,-1,-1,-3,55,NA,55,1,0,1,1,1
0.669440547506962,0.673386952110085,85,0.571909847981596,60,85,6,3290,403278,6,6,-1,-1,-3,-1,-1,-1,5,-1,6,6,-1,-1,-1,-1,-1,-3,24,NA,24,2,0,2,2,2
0.784012778150903,0.76732255537594,75,0.708571367623838,90,70,5,4594,406592,5,5,-1,-1,-3,-1,-1,-1,5,-1,1,1,-1,-1,-1,-1,-1,-3,12,NA,12,2,0,2,2,2
0.682285854965724,0.646095515990966,15,0.812429363183129,40,75,6,4521,406377,6,4,3,-1,-3,-1,-1,-1,5,-1,1,1,-1,-1,-1,-1,-1,-3,6,NA,6,1,0,1,1,1
0.373946109019021,0.364850490432172,2,0.732655370676033,0,0,4,4247,405662,4,3,-1,-1,-3,1,-1,-1,1,-1,1,1,-1,-1,-1,-1,-1,-3,53,NA,53,2,0,2,2,2
2.56646686859875,2.46534098880015,65,2.33595586441745,65,65,5,963,302341,5,5,-1,-1,-3,3,2,-1,1,-1,1,1,2,1,2,-3,-3,-3,34,NA,34,1,1,0,1,1
1.56590488765,1.51420046555876,70,0.703593151148722,90,85,5,3083,402742,6,5,-1,-1,-3,3,-1,-1,1,-1,6,1,-1,-1,-1,-1,-1,-3,4,NA,4,2,0,2,2,2
0.580054145874753,0.55396134854841,40,0.895649573455477,0,15,3,733,301778,4,4,1,-1,-3,7,2,-1,1,-1,1,1,2,1,2,-3,-3,-3,20,NA,20,2,2,0,2,2
0.509966133084201,0.491510129374958,0,0.679930525193758,0,0,2,3993,405023,2,2,-1,-1,-3,1,-1,-1,1,-1,1,1,-1,-1,-1,-1,-1,-3,24,NA,24,1,0,1,1,1
NA,NA,30,0.97622323470136,1,NA,6,849,302047,NA,99,2,-1,-3,1,2,NA,1,-1,NA,3,1,2,2,-3,-3,-3,24,NA,24,2,2,0,2,NA
NA,NA,2,1.42788048189274,0,NA,99,3373,403470,NA,4,3,-1,-3,1,-1,NA,1,-1,NA,1,-1,-1,-1,-1,-1,-3,41,NA,41,2,0,2,2,NA
1.23296305949456,1.23200088271632,86,1.09113681145592,100,90,7,3771,404495,6,7,-1,-1,-3,3,-1,-1,1,-1,1,1,-1,-1,-1,-1,-1,-3,31,NA,31,1,0,1,1,1
NA,NA,60,0.621552479557815,-6,NA,99,63,300146,NA,99,3,-6,-3,-1,2,NA,5,-6,NA,1,2,1,2,-3,-3,-3,42,NA,42,1,1,0,1,NA
0.56729677028427,0.539830056340747,2,0.680276527267525,0,0,4,3132,402859,4,5,-1,-1,-3,-1,-1,-1,5,-1,1,1,-1,-1,-1,-1,-1,-3,53,NA,53,1,0,1,1,1
0.672546188365957,0.72712297047499,0,0.590901927085647,0,0,6,3087,402751,4,3,-1,-1,-3,1,-1,-1,1,-1,1,1,-1,-1,-1,-1,-1,-3,4,NA,4,1,0,1,1,1
1.36630493886409,1.35719367882139,60,1.56208311629429,70,100,7,4626,406658,7,7,-1,-1,-3,3,-1,-1,1,-1,1,1,-1,-1,-1,-1,-1,-3,18,NA,18,2,0,2,2,2
1.12652029237058,1.22757935836419,60,0.758371275321698,70,67,99,2891,402257,99,99,2,-1,-3,3,-1,-1,1,-1,1,1,-1,-1,-1,-1,-1,-3,26,NA,26,1,0,1,1,1
NA,NA,60,0.323632788732731,100,NA,99,3190,403001,NA,99,3,-1,-3,-1,-1,NA,5,-1,NA,1,-1,-1,-1,-1,-1,-3,26,NA,26,1,0,1,1,NA
0.450149516286642,0.447417134900669,60,0.548060006595017,85,100,6,4787,407037,6,5,-1,-1,-3,3,-1,-1,1,-1,1,1,-1,-1,-1,-1,-1,-3,13,NA,13,1,0,1,1,1
0.987858306874603,0.926187651325857,0,1.08947494045402,0,0,4,2532,401348,3,4,3,-1,-3,1,-1,-1,1,-5,1,1,-1,-1,-1,-1,-1,-3,36,NA,36,2,0,2,2,2
0.661729105924279,0.699883661391444,85,0.918829917807263,100,85,6,4733,406914,6,6,-1,-1,-3,3,-1,-1,1,-1,1,1,-1,-1,-1,-1,-1,-3,48,NA,48,2,0,2,2,2
NA,NA,50,2.6959055779701,0,NA,99,786,301896,NA,4,3,-1,-3,-1,2,NA,5,-1,NA,1,2,2,2,-3,-3,-3,17,NA,17,1,1,0,1,NA
0.415116358318882,0.388596625523232,51,0.393781242162825,75,50,99,2452,401142,99,4,3,-1,-3,-1,-1,-1,5,-1,6,6,-1,-1,-1,-1,-1,-3,37,NA,37,2,0,2,2,2
NA,NA,60,2.50549833063039,-6,NA,99,926,302231,NA,99,1,-6,-3,1,2,NA,1,-6,NA,1,2,1,2,-3,-3,-3,9,NA,9,2,2,0,2,NA
0.43673371342923,0.43289704257543,0,0.48240351657849,0,0,2,2335,400866,5,4,3,-1,-3,1,-1,-1,1,-1,1,1,-1,-1,-1,-1,-1,-3,42,NA,42,2,0,2,2,2
2.09458653109097,2.09924259919265,70,1.38586799427771,85,85,5,3987,405012,6,99,3,-1,-3,-1,-1,-1,5,-1,1,1,-1,-1,-1,-1,-1,-3,37,NA,37,2,0,2,2,2
0.362375213892241,0.334960988949112,30,0.772326722365025,60,30,6,3627,404097,6,4,3,-1,-3,-1,-1,-1,5,-1,1,1,-1,-1,-1,-1,-1,-3,36,NA,36,1,0,1,1,1
0.405426079925158,0.395219095739759,0,0.49978978708819,0,0,2,2871,402204,2,1,-1,-1,-3,1,-1,-1,1,-1,1,1,-1,-1,-1,-1,-1,-3,33,NA,33,2,0,2,2,2
0.305860015701375,0.292615394104613,0,0.315831497495188,0,0,1,4386,406044,2,1,-1,-1,-3,-1,-1,-1,5,-1,1,1,-1,-1,-1,-1,-1,-3,18,NA,55,2,0,2,2,2
0.36881205108144,0.327175040967849,30,0.632871350483802,15,15,5,3431,403617,5,5,-1,-1,-3,-1,-1,-1,5,-1,1,1,-1,-1,-1,-1,-1,-3,36,NA,36,1,0,1,1,1
NA,NA,15,0.60496483743116,15,NA,3,3985,405007,NA,3,-1,-1,-3,-1,-1,NA,5,-1,NA,1,-1,-1,-1,-1,-1,-3,27,NA,27,1,0,1,1,NA
NA,NA,0,0.527091180872849,-9,NA,99,3589,404007,NA,5,-1,-1,-3,-1,-1,NA,5,-1,NA,2,-1,-1,-1,-1,-1,-3,47,NA,47,1,0,1,1,NA
NA,NA,0,0.946623998463629,0,NA,4,4540,406423,NA,4,3,-1,-3,7,-1,NA,1,-1,NA,1,-1,-1,-1,-1,-1,-3,6,NA,32,1,0,1,1,NA
0.84342877011375,0.948987105281868,85,1.24772106925472,85,85,6,2488,401230,6,6,-1,-1,-3,3,-1,-1,1,-1,1,1,-1,-1,-1,-1,-1,-3,18,NA,18,2,0,2,2,2
NA,NA,50,0.316838193909505,-6,NA,99,3330,403380,NA,99,-9,-6,-3,1,-1,NA,1,-6,NA,2,-1,-1,-1,-1,-1,-3,26,NA,26,2,0,2,2,NA
0.273139020175868,0.224216567084186,0,0.39228928929078,0,0,2,4124,405350,99,2,-1,-1,-3,1,-1,-1,1,-1,2,2,-1,-1,-1,-1,-1,-3,25,NA,25,2,0,2,2,2
0.543503359751708,0.541418501985171,73,0.391198866085733,90,100,6,3655,404176,5,2,-1,2,-3,-1,-1,-1,5,-1,1,1,-1,-1,-1,-1,-1,-3,37,NA,37,2,0,2,2,2
0.710905054867942,0.716284492872728,70,1.06448735990577,85,85,7,3073,402724,6,6,-1,-1,-3,7,-1,-1,1,-1,1,1,-1,-1,-1,-1,-1,-3,36,NA,36,2,0,2,2,2
NA,NA,15,0.981181846952144,15,NA,3,3793,404555,NA,4,1,-1,-3,1,-1,NA,1,-1,NA,2,-1,-1,-1,-1,-1,-3,48,NA,48,1,0,1,1,NA
0.417573997994998,0.397693647065935,0,0.763208618243671,0,0,2,4232,405634,1,2,-1,-1,-3,1,-1,-1,1,-1,1,1,-1,-1,-1,-1,-1,-3,34,NA,34,2,0,2,2,2
0.589853328966041,0.583818835722169,50,1.1408043960433,72,85,4,2208,400536,5,5,-1,-1,-3,-1,-1,-1,5,-1,1,1,-1,-1,-1,-1,-1,-3,24,NA,24,2,0,2,2,2
0.433552904103019,0.414006466263687,0,0.68862359742179,10,0,4,5027,407657,4,4,3,-1,-3,3,-1,-1,1,-1,1,1,-1,-1,-1,-1,-1,-3,53,NA,53,1,0,1,1,1
0.174838286360354,0.169804455101902,1,0.318556657350366,0,0,4,3876,404773,3,4,3,-1,-3,-1,-1,-1,5,-1,1,1,-1,-1,-1,-1,-1,-3,4,NA,4,1,0,1,1,1
NA,NA,0,0.652439838372256,0,NA,3,5040,407685,NA,4,2,-1,-3,-1,-1,NA,5,-1,NA,1,-1,-1,-1,-1,-1,-3,50,NA,50,1,0,1,1,NA
0.644160250020895,0.711712069481189,100,0.459361998097139,100,90,6,2473,401188,6,6,-1,-1,-3,3,-1,-1,1,-1,1,1,-1,-1,-1,-1,-1,-3,12,NA,12,2,0,2,2,2
2.01725110443985,3.21968198692991,40,1.6256144789038,50,50,4,110,300238,99,5,-1,-1,-3,-1,1,-1,5,-1,3,3,1,2,2,-3,-3,-3,48,NA,48,2,2,0,2,2
0.409017018205137,0.456346445358871,40,0.647558912266622,100,85,4,984,302393,4,99,1,-1,-3,1,2,-1,1,-1,-9,5,2,1,2,-3,-3,-3,4,NA,4,1,1,0,1,1
NA,NA,24,0.490765608334887,5,NA,3,2721,401811,NA,4,3,-1,-3,-1,-1,NA,5,-1,NA,1,-1,-1,-1,-1,-1,-3,27,NA,27,1,0,1,1,NA
0.813625321838786,0.721052308364523,0,0.520940634303464,0,50,4,3780,404524,4,99,3,-1,-3,-1,-1,-1,5,-1,3,3,-1,-1,-1,-1,-1,-3,6,NA,6,2,0,2,2,2
0.227022997765007,NA,85,0.337408689438233,-9,-6,6,4806,407101,99,6,-1,-1,-3,-1,-1,-1,5,-1,1,1,-1,-1,-1,-1,-1,-3,27,NA,27,1,0,1,1,1
0.502814749537897,0.453771067109791,30,0.532773581033968,15,30,4,317,300784,2,4,2,-1,-3,-1,2,-1,5,-1,1,1,2,1,2,-3,-3,-3,20,NA,20,1,1,0,1,1
NA,NA,0,1.04789068234396,-6,NA,99,3059,402688,NA,4,3,-6,-3,-1,-1,NA,5,-6,NA,4,-1,-1,-1,-1,-1,-3,6,NA,6,2,0,2,2,NA
NA,NA,60,1.03735851918412,85,NA,6,2813,402046,NA,5,-1,-1,-3,3,-1,NA,1,-1,NA,1,-1,-1,-1,-1,-1,-3,6,NA,6,2,0,2,2,NA
0.944752674558847,0.988311930825482,85,0.792117878333646,85,70,7,371,300925,5,6,-1,-1,-3,3,1,-1,1,-1,1,1,2,1,2,-3,-3,-3,37,NA,37,2,2,0,2,2
NA,NA,15,0.330399669761874,-6,NA,3,2810,402040,NA,3,-1,-6,-3,7,-1,NA,1,-6,NA,6,-1,-1,-1,-1,-1,-3,39,NA,39,2,0,2,2,NA
0.335700342693025,0.301495212469124,0,0.343941163721205,0,15,3,2634,401583,1,1,-1,-1,-3,1,-1,-1,1,-1,1,1,-1,-1,-1,-1,-1,-3,12,NA,12,1,0,1,1,1
1.30155309871757,1.25550303071123,72,1.436442457561,85,85,6,2944,402387,4,6,-1,-1,-3,3,-1,-1,1,-1,1,1,-1,-1,-1,-1,-1,-3,42,NA,42,1,0,1,1,1
1.34449113454969,1.41096596410013,70,1.18319256437038,70,60,6,3945,404921,7,6,-1,-1,-3,3,-1,-1,1,-1,1,1,-1,-1,-1,-1,-1,-3,17,NA,17,1,0,1,1,1
0.441002626589492,0.464801639856475,1,0.370322906202326,0,0,4,2349,400912,3,4,3,-1,-3,-1,-1,-1,5,-1,1,1,-1,-1,-1,-1,-1,-3,8,NA,8,2,0,2,2,2
0.838297849044137,0.847753299114654,60,1.02287596923594,0,0,5,847,302040,5,5,-1,-1,-3,-1,2,-1,5,-1,1,1,2,1,2,-3,-3,-3,45,NA,9,2,2,0,2,2
0.238622137567327,0.223753880316767,50,0.442484518858714,85,85,6,2215,400553,6,5,-1,-1,-3,3,-1,-1,1,-1,1,1,-1,-1,-1,-1,-1,-3,35,NA,35,1,0,1,1,1
0.96228378571906,1.00860461569817,0,0.716864668775304,0,0,2,4552,406467,2,2,-1,-1,-3,1,-1,-1,1,-1,1,1,-1,-1,-1,-1,-1,-3,8,NA,12,1,0,1,1,1
NA,NA,70,0.739971185641289,40,NA,5,4586,406559,NA,5,-1,-1,-3,3,-1,NA,1,-1,NA,1,-1,-1,-1,-1,-1,-3,6,NA,6,1,0,1,1,NA
0.785857226057943,0.748345375480017,60,0.702311913689108,60,70,6,4840,407178,5,4,3,-1,-3,7,-1,-1,1,-1,1,1,-1,-1,-1,-1,-1,-3,8,NA,8,2,0,2,2,2
0.814675427981621,0.77573535588582,1,0.967691578802249,0,0,99,4523,406382,4,4,3,-1,-3,-1,-1,-1,5,-1,1,1,-1,-1,-1,-1,-1,-3,42,NA,42,2,0,2,2,2
NA,NA,41,0.520042150260169,0,NA,5,2260,400668,NA,4,3,-1,-3,-1,-1,NA,5,-1,NA,1,-1,-1,-1,-1,-1,-3,6,NA,6,2,0,2,2,NA
NA,NA,60,1.89809646730569,-6,NA,5,479,301190,NA,6,-1,-6,-3,3,2,NA,1,-6,NA,1,2,2,2,-3,-3,-3,17,NA,17,1,1,0,1,NA
0.940503423568206,1.05605452804572,85,1.1189910138115,100,100,5,8,300012,5,4,2,-1,-3,3,2,-1,1,-1,1,1,2,1,2,-3,-3,-3,34,NA,34,2,2,0,2,2
2.28742197520749,2.1977872277196,16,3.15602096917607,20,30,3,3704,404319,4,5,-1,-1,-3,-1,-1,-1,5,-1,1,1,-1,-1,-1,-1,-1,-3,39,NA,39,1,0,1,1,1
NA,NA,40,0.937008179056379,50,NA,3,636,301544,NA,99,1,-1,-3,-1,2,NA,5,-1,NA,3,1,2,2,-3,-3,-3,6,NA,6,1,1,0,1,NA
1.48194162012072,1.67194943160214,70,1.26669277128667,100,-9,6,4269,405708,6,7,-1,-1,-3,3,-1,-1,1,-1,1,1,-1,-1,-1,-1,-1,-3,18,NA,18,2,0,2,2,2
2.01667378456506,2.04935688300723,0,1.29667002312249,0,0,4,4483,406285,3,2,-1,-1,-3,-1,-1,-1,5,-1,4,4,-1,-1,-1,-1,-1,-3,6,NA,6,1,0,1,1,1
NA,NA,0,0.305623173177443,0,NA,99,3579,403987,NA,99,2,-1,-3,-1,-1,NA,5,-1,NA,6,-1,-1,-1,-1,-1,-3,39,NA,39,1,0,1,1,NA
1.826108508561,1.88846825812349,15,1.88981208649701,0,0,6,208,300534,4,6,-1,-1,-3,-1,2,-1,5,-1,1,1,2,1,2,-3,-3,-3,40,NA,40,2,2,0,2,2
0.44574184249081,0.402107862653729,0,0.971101446182605,0,0,3,903,302169,3,3,-1,-1,-3,1,2,-1,1,-1,1,1,2,1,2,-3,-3,-3,25,NA,25,1,1,0,1,1
0.352146283129261,0.371743392472223,0,0.576164241684336,0,0,2,3669,404230,2,2,-1,-1,-3,1,-1,-1,1,-1,1,1,-1,-1,-1,-1,-1,-3,48,NA,48,2,0,2,2,2
NA,NA,0,0.641972102121984,0,NA,3,2824,402068,NA,99,3,-1,-3,1,-1,NA,1,-1,NA,3,-1,-1,-1,-1,-1,-3,48,NA,27,2,0,2,2,NA
2.41817451864708,NA,51,1.53151598919042,70,-6,99,2690,401728,4,99,3,-1,-3,-1,-1,-1,5,-1,1,1,-1,-1,-1,-1,-1,-3,12,NA,12,2,0,2,2,2
3.24753297481514,3.45494057992847,100,1.61108170572562,100,100,7,4550,406465,7,7,-1,-1,-3,-1,-1,-1,5,-1,1,1,-1,-1,-1,-1,-1,-3,1,NA,1,1,0,1,1,1
0.770533136296313,0.792774625771605,0,0.548843189848229,0,0,4,812,301958,1,2,-1,-1,-3,1,2,-1,1,-1,1,1,2,1,2,-3,-3,-3,20,NA,20,2,2,0,2,2
0.499128974862979,NA,2,0.604437986207493,0,-6,4,2448,401132,4,4,3,-1,-3,1,-1,-1,1,-1,1,1,-1,-1,-1,-1,-1,-3,24,NA,24,2,0,2,2,2
0.532351385783666,0.565596928547477,30,0.755201495304905,0,0,99,295,300734,4,4,1,-1,-3,-1,1,-1,5,-1,1,1,2,1,2,-3,-3,-3,26,NA,26,1,1,0,1,1
1.98289726954684,2.00968024305321,29,2.80875186413701,60,70,4,3632,404108,5,3,-1,-1,-3,1,-1,-1,1,-1,3,3,-1,-1,-1,-1,-1,-3,30,NA,53,2,0,2,2,2
NA,NA,15,0.609938183565143,0,NA,2,1112,302722,NA,2,-1,-1,-3,1,2,NA,1,-1,NA,1,2,2,1,-3,-3,-3,24,NA,24,2,2,0,2,NA
0.621236737254302,0.575775018976253,15,0.531084740740743,0,0,4,663,301608,5,4,1,-1,-3,1,1,-1,1,-1,2,2,2,1,2,-3,-3,-3,17,NA,17,2,2,0,2,2
2.11443811910996,2.02577525237684,0,1.29783708479888,0,0,1,218,300554,2,1,-1,-1,-3,1,1,-1,1,-1,4,4,2,1,2,-3,-3,-3,36,NA,36,2,2,0,2,2
1.66601158900121,1.65265406782559,42,1.03225338071581,30,50,99,4797,407075,99,99,3,-1,-3,-1,-1,-1,5,-1,4,5,-1,-1,-1,-1,-1,-3,17,NA,17,1,0,1,1,1
0.299067290999667,0.326423210309972,85,0.240663527043368,100,100,99,144,300322,99,99,-8,-1,-3,-1,1,-1,5,-1,1,1,2,1,2,-3,-3,-3,27,NA,27,2,2,0,2,2
NA,NA,3,0.931539839592388,-6,NA,99,4160,405440,NA,99,-9,-6,-3,-1,-1,NA,5,-6,NA,3,-1,-1,-1,-1,-1,-3,48,NA,48,2,0,2,2,NA
NA,NA,100,1.320902857058,100,NA,7,4071,405208,NA,6,-1,-1,-3,-1,-1,NA,5,-1,NA,1,-1,-1,-1,-1,-1,-3,54,NA,54,2,0,2,2,NA
0.273818919011752,0.282427413528527,70,0.412816318052369,0,0,99,2233,400594,99,4,-9,-1,-3,-1,-1,-1,5,-1,1,1,-1,-1,-1,-1,-1,-3,39,NA,39,2,0,2,2,2
NA,NA,30,1.05561429496694,0,NA,3,722,301748,NA,4,1,-1,-3,-1,2,NA,5,-1,NA,1,2,1,2,-3,-3,-3,25,NA,25,3,3,0,3,NA
NA,NA,0,0.733280786391386,0,NA,3,3226,403105,NA,2,-1,-1,-3,1,-1,NA,1,-1,NA,1,-1,-1,-1,-1,-1,-3,6,NA,6,1,0,1,1,NA
0.396108094574589,0.389846366195367,3,0.502131137343857,0,15,2,2210,400543,3,2,-1,-1,-3,1,-1,-1,1,-1,1,1,-1,-1,-1,-1,-1,-3,4,NA,4,1,0,1,1,1
0.487756950010683,0.441093444390087,15,1.00397679550638,20,1,3,711,301710,3,4,1,-1,-3,1,2,-1,1,-1,1,1,2,1,2,-3,-3,-3,4,NA,4,1,1,0,1,1
0.840203508485733,0.830926025736128,45,0.7875317758658,65,70,7,3000,402549,6,6,-1,-1,-3,-1,-1,-1,5,-1,1,1,-1,-1,-1,-1,-1,-3,1,NA,47,1,0,1,1,1
NA,NA,70,0.613989868226532,100,NA,99,638,301551,NA,99,3,-1,-3,-1,2,NA,5,-1,NA,1,2,1,2,-3,-3,-3,39,NA,39,1,1,0,1,NA
0.387370180620789,0.362627304223485,1,0.585269192317775,0,0,3,2404,401030,2,3,-1,-1,-3,1,-1,-1,1,-1,1,1,-1,-1,-1,-1,-1,-3,42,NA,42,2,0,2,2,2
0.963988182639787,1.16142623332817,51,0.31195235229111,30,60,3,2299,400756,4,4,3,-1,-3,-1,-1,-1,5,-1,3,3,-1,-1,-1,-1,-1,-3,12,NA,12,2,0,2,2,2
1.71285222511244,1.78623563192309,0,0.540239107874305,0,0,1,3418,403577,2,4,3,-1,-3,-1,-1,-1,5,-1,6,5,-1,-1,-1,-1,-1,-3,34,NA,34,1,0,1,1,1
0.842591482632792,0.808066400121967,0,0.79726862366169,0,0,6,319,300789,4,5,-1,-1,-3,1,2,-1,1,-1,1,1,1,2,2,-3,-3,-3,12,NA,12,2,2,0,2,2
0.613903407367525,0.634367205253168,100,0.624276133001847,100,100,7,4185,405508,6,6,-1,-1,-3,3,-1,-1,1,-1,1,1,-1,-1,-1,-1,-1,-3,42,NA,42,2,0,2,2,2
NA,NA,15,0.724032683180959,50,NA,2,376,300931,NA,6,-1,-1,-3,1,1,NA,1,-1,NA,3,1,2,2,-3,-3,-3,6,NA,6,2,2,0,2,NA
1.30473242568161,NA,51,0.732281098201388,50,-6,6,2503,401261,6,6,-1,-1,-3,-1,-1,-1,5,-1,4,4,-1,-1,-1,-1,-1,-3,17,NA,17,1,0,1,1,1
NA,NA,100,3.03871548952843,100,NA,99,1165,302851,NA,99,2,-1,-3,-1,2,NA,5,-1,NA,1,2,2,2,-3,-3,-3,39,NA,39,2,2,0,2,NA
0.354149038763729,0.363216248443889,85,0.534435116848798,100,100,6,2830,402099,6,6,-1,-1,-3,3,-1,-1,1,-1,1,1,-1,-1,-1,-1,-1,-3,12,NA,12,1,0,1,1,1
NA,NA,100,3.06897774136195,85,NA,6,3006,402562,NA,6,-1,-1,-3,3,-1,NA,1,-1,NA,1,-1,-1,-1,-1,-1,-3,13,NA,13,2,0,2,2,NA
1.36755742991677,1.30179493998358,82,0.733929372248753,85,95,6,3602,404039,6,5,-1,-1,-3,3,-1,-1,1,-1,1,1,-1,-1,-1,-1,-1,-3,45,NA,45,1,0,1,1,1
0.85123426219008,0.808290451046151,0,0.679458474199385,0,0,3,4819,407130,2,2,-1,-1,-3,1,-1,-1,1,-1,1,1,-1,-1,-1,-1,-1,-3,26,NA,26,2,0,2,2,2
0.809383074848015,0.778014383711123,0,0.73305430655836,0,0,2,4327,405885,2,2,-1,-1,-3,7,-1,-1,1,-1,1,1,-1,-1,-1,-1,-1,-3,33,NA,33,1,0,1,1,1
0.726688470101104,0.710236625065706,15,0.900187350673712,0,40,5,4839,407177,4,99,3,-1,-3,-1,-1,-1,5,-1,3,3,-1,-1,-1,-1,-1,-3,48,NA,48,1,0,1,1,1
NA,NA,0,0.755695915084172,0,NA,99,3417,403573,NA,99,1,-1,-3,-1,-1,NA,5,-1,NA,2,-1,-1,-1,-1,-1,-3,6,NA,6,1,0,1,1,NA
0.234804612256723,0.228493008568878,85,0.732811119073567,100,90,4,2950,402404,7,7,-1,-1,-3,3,-1,-1,1,-1,1,1,-1,-1,-1,-1,-1,-3,42,NA,42,2,0,2,2,2
0.516710109828747,0.517429466610504,0,0.479429467017563,0,0,99,4047,405158,3,99,-9,-1,-3,1,-1,-1,1,-1,2,2,-1,-1,-1,-1,-1,-3,9,NA,9,2,0,2,2,2
NA,NA,70,1.55610832733203,-6,NA,7,660,301603,NA,7,-1,-6,-3,-1,2,NA,5,-6,NA,1,2,1,2,-3,-3,-3,16,NA,16,2,2,0,2,NA
1.49606603500761,1.30845742923586,63,0.588531944672513,60,60,5,2483,401215,5,4,3,-1,-3,-1,-1,-1,5,-1,6,5,-1,-1,-1,-1,-1,-3,16,NA,16,1,0,1,1,1
NA,NA,60,0.608567471951091,0,NA,7,57,300136,NA,5,-1,-1,-3,-1,2,NA,5,-1,NA,3,2,2,2,-3,-3,-3,48,NA,48,1,1,0,1,NA
0.487159279747989,0.469855928193146,86,0.76570943558752,85,100,5,4860,407216,6,4,3,-1,-3,-1,-1,-1,5,-1,1,1,-1,-1,-1,-1,-1,-3,30,NA,30,2,0,2,2,2
0.849726727417722,0.837722845444263,70,1.00944832297604,85,70,6,524,301302,6,6,-1,-1,-3,3,1,-1,1,-1,1,1,2,1,2,-3,-3,-3,5,NA,5,1,1,0,1,1
1.33343757652517,1.13385334155976,2,0.57385242263635206,0,0,3,4665,406750,2,3,-1,-1,-3,1,-1,-1,1,-1,4,4,-1,-1,-1,-1,-1,-3,55,NA,55,2,0,2,2,2
0.67948064903439,0.760947619407071,60,0.964765517757245,0,0,2,5001,407594,2,2,-1,-1,-3,-1,-1,-1,5,-1,1,1,-1,-1,-1,-1,-1,-3,48,NA,48,2,0,2,2,2
0.31917914127213,0.298152248748389,30,0.368727594861023,0,20,4,4972,407536,4,4,3,-1,-3,1,-1,-1,1,-1,1,1,-1,-1,-1,-1,-1,-3,18,NA,18,2,0,2,2,2
0.257237009187943,NA,0,0.331826933207328,0,-6,2,2173,400444,2,3,-1,-1,-3,1,-1,-1,1,-1,1,1,-1,-1,-1,-1,-1,-3,18,NA,18,2,0,2,2,2
NA,NA,0,1.10576091920893,-6,NA,2,2582,401448,NA,4,3,-6,-3,-1,-1,NA,5,-6,NA,6,-1,-1,-1,-1,-1,-3,48,NA,48,2,0,2,2,NA
1.50392507337661,1.35361999789187,15,1.41204531998041,0,50,99,5050,407705,4,4,3,-1,-3,-1,-1,-1,5,-1,3,3,-1,-1,-1,-1,-1,-3,12,NA,12,1,0,1,1,1
1.30695639721943,1.30803774497484,70,1.72997115012462,90,95,99,2910,402309,6,5,-1,-1,-3,-1,-1,-1,5,-1,1,1,-1,-1,-1,-1,-1,-3,42,NA,42,1,0,1,1,1
NA,NA,0,2.66487005537689,-6,NA,99,4355,405961,NA,99,3,-6,-3,-1,-1,NA,5,-6,NA,2,-1,-1,-1,-1,-1,-3,36,NA,36,1,0,1,1,NA
0.206843237176876,0.200364130127682,70,0.495797210762399,85,85,4,207,300526,4,4,1,-1,-3,-1,2,-1,5,-1,1,1,2,1,2,-3,-3,-3,47,NA,47,1,1,0,1,1
0.129780882326095,0.140046494302354,0,0.469214212745751,0,-9,99,149,300334,99,5,-1,-1,-3,1,2,-1,1,-1,2,2,2,2,1,-3,-3,-3,45,NA,45,2,2,0,2,2
NA,NA,85,0.69873818686154,-7,NA,99,2217,400560,NA,5,-1,-7,-3,3,-1,NA,1,-7,NA,1,-1,-1,-1,-1,-1,-3,5,NA,5,2,0,2,2,NA
NA,NA,60,1.04895980526411,-6,NA,6,928,302234,NA,5,-1,-6,-3,-1,2,NA,5,-6,NA,1,1,2,2,-3,-3,-3,6,NA,6,2,2,0,2,NA
0.669003536863077,0.682661256784385,85,0.868899329636933,60,70,6,2364,400941,6,7,-1,-1,-3,3,-1,-1,1,-1,1,1,-1,-1,-1,-1,-1,-3,1,NA,1,1,0,1,1,1
NA,NA,0,0.523196088614366,0,NA,4,4577,406542,NA,2,-1,-1,-3,-1,-1,NA,5,-1,NA,1,-1,-1,-1,-1,-1,-3,16,NA,16,2,0,2,2,NA
0.915738343520261,0.841755305226363,17,1.3465443539215,50,70,3,4359,405970,4,3,-1,-1,-3,-1,-1,-1,5,-1,2,6,-1,-1,-1,-1,-1,-3,36,NA,36,2,0,2,2,2
0.929939500083383,0.976035280128519,85,1.11805920189932,85,100,6,2848,402150,6,6,-1,-1,-3,-1,-1,-1,5,-1,1,1,-1,-1,-1,-1,-1,-3,20,NA,20,2,0,2,2,2
0.891738935031367,0.838633411716041,0,1.22201805606703,-5,50,99,2723,401815,3,3,-1,-1,-3,-1,-1,-1,5,-5,2,2,-1,-1,-1,-1,-1,-3,12,NA,12,1,0,1,1,1
NA,NA,70,0.66270218185603,70,NA,6,2821,402063,NA,5,-1,-1,-3,-1,-1,NA,5,-1,NA,1,-1,-1,-1,-1,-1,-3,51,NA,51,1,0,1,1,NA
1.57334059165124,1.36576082924233,60,1.38891870506266,100,60,5,3477,403740,6,99,2,-1,-3,1,-1,-1,1,-1,3,3,-1,-1,-1,-1,-1,-3,48,NA,48,2,0,2,2,2
NA,NA,70,1.07919848488683,100,NA,7,4766,406985,NA,4,3,-1,-3,-1,-1,NA,5,-5,NA,1,-1,-1,-1,-1,-1,-3,37,NA,37,1,0,1,1,NA
0.734882403851921,0.779299667542453,1,0.745832003726918,0,0,4,4672,406765,4,4,3,-1,-3,-1,-1,-1,5,-1,1,1,-1,-1,-1,-1,-1,-3,48,NA,48,1,0,1,1,1
0.699625202144656,0.766595768279084,40,0.684102938810898,50,55,4,4141,405395,4,4,2,-1,-3,1,-1,-1,1,-1,1,1,-1,-1,-1,-1,-1,-3,39,NA,39,1,0,1,1,1
0.449608726090443,0.44900450288056,100,0.651475468592185,100,100,7,2675,401685,7,6,-1,-1,-3,3,-1,-1,1,-1,1,1,-1,-1,-1,-1,-1,-3,16,NA,16,1,0,1,1,1
0.769076811684742,0.739344462063657,0,0.611141597495616,0,0,2,2703,401759,1,1,-1,-1,-3,1,-1,-1,1,-1,1,1,-1,-1,-1,-1,-1,-3,51,NA,51,1,0,1,1,1
3.63152922429702,3.2937576862306,15,1.62132058923272,60,60,99,3225,403101,6,99,2,-1,-3,-1,-1,-1,5,-1,1,1,-1,-1,-1,-1,-1,-3,23,NA,23,1,0,1,1,1
0.373293815054484,0.414070881042254,70,0.641584599259063,80,85,6,3952,404934,6,4,3,-1,-3,3,-1,-1,1,-1,1,1,-1,-1,-1,-1,-1,-3,20,NA,20,2,0,2,2,2
0.196447635014917,0.181605475831538,1,0.400788548525324,0,0,5,4120,405340,4,5,-1,-1,-3,-1,-1,-1,5,-1,1,1,-1,-1,-1,-1,-1,-3,16,NA,16,2,0,2,2,2
0.827587868943838,0.818268537197407,55,0.999032785977048,10,0,5,3549,403928,4,4,2,-1,-3,-1,-1,-1,5,-1,1,1,-1,-1,-1,-1,-1,-3,53,NA,53,2,0,2,2,2
NA,NA,40,0.665147607120636,0,NA,99,1011,302459,NA,4,1,-1,-3,1,1,NA,1,-1,NA,2,2,1,2,-3,-3,-3,11,NA,11,2,2,0,2,NA
0.366270582584483,0.378363635289953,70,0.936490999305796,95,85,6,648,301570,6,6,-1,-1,-3,3,2,-1,1,-1,1,1,2,1,2,-3,-3,-3,24,NA,24,1,1,0,1,1
NA,NA,85,0.433788693099052,60,NA,1,777,301879,NA,1,-1,-1,-3,1,2,NA,1,-1,NA,1,1,2,2,-3,-3,-3,6,NA,6,1,1,0,1,NA
1.27310243209739,1.28298329834115,60,1.48172103792676,0,0,99,4481,406280,4,99,2,1,-3,-1,-1,-1,5,-1,1,1,-1,-1,-1,-1,-1,-3,42,NA,42,2,0,2,2,2
0.326840863188298,0.313666415931923,100,0.394814632225332,60,80,4,2842,402140,5,2,-1,-1,-3,-1,-1,-1,5,-1,1,6,-1,-1,-1,-1,-1,-3,25,NA,25,2,0,2,2,2
NA,NA,100,1.08410752114833,85,NA,6,3092,402767,NA,99,3,-1,-3,-1,-1,NA,5,-1,NA,1,-1,-1,-1,-1,-1,-3,48,NA,48,1,0,1,1,NA
0.983729752426469,0.982016494306621,86,0.785292738774449,100,100,7,3639,404127,6,6,-1,-1,-3,3,-1,-1,1,-1,1,1,-1,-1,-1,-1,-1,-3,55,NA,55,1,0,1,1,1
0.49042387441476,0.45475762630441,60,0.552273487874899,85,85,7,2530,401343,6,6,-1,-1,-3,3,-1,-1,1,-1,1,1,-1,-1,-1,-1,-1,-3,49,NA,49,1,0,1,1,1
1.97368990427922,2.28092777911613,0,2.85296476240919,0,0,4,4511,406358,99,99,1,-1,-3,-1,-1,-1,5,-1,3,3,-1,-1,-1,-1,-1,-3,6,NA,6,2,0,2,2,2
NA,NA,100,0.710046763866435,100,NA,6,3739,404402,NA,6,-1,-1,-3,-1,-1,NA,5,-1,NA,1,-1,-1,-1,-1,-1,-3,12,NA,12,2,0,2,2,NA
0.361257925156164,NA,85,0.925602273070242,85,-6,6,225,300569,6,6,-1,-1,-3,-1,2,-1,5,-1,1,5,1,2,2,-3,-3,-3,12,NA,12,2,2,0,2,2
0.931007304384055,0.881025917921435,0,0.569987211682378,50,50,99,4454,406226,99,99,2,-1,-3,-1,-1,-1,5,-1,1,1,-1,-1,-1,-1,-1,-3,39,NA,39,2,0,2,2,2
0.291182452612896,0.311348545892943,33,0.437366750387487,0,0,2,3965,404966,2,4,1,-1,-3,1,-1,-1,1,-1,1,1,-1,-1,-1,-1,-1,-3,26,NA,26,2,0,2,2,2
0.594118017079173,0.607026989268738,0,0.612905309827041,0,0,99,2555,401392,99,99,3,-1,-3,-1,-1,-1,5,-1,2,2,-1,-1,-1,-1,-1,-3,20,NA,20,2,0,2,2,2
1.04242111705186,1.08497546299713,30,0.616377943381423,60,100,99,4765,406979,99,99,1,-1,-3,-1,-1,-1,5,-1,4,4,-1,-1,-1,-1,-1,-3,12,NA,12,1,0,1,1,1
NA,NA,50,0.693746596497437,0,NA,99,4460,406239,NA,99,-9,-1,-3,-1,-1,NA,5,-1,NA,2,-1,-1,-1,-1,-1,-3,6,NA,6,1,0,1,1,NA
NA,NA,71,0.572598430290548,40,NA,4,2635,401584,NA,5,-1,-1,-3,-1,-1,NA,5,-1,NA,1,-1,-1,-1,-1,-1,-3,49,NA,49,2,0,2,2,NA
4.43096207139378,4.36046439026494,50,2.84355542364624,85,85,6,3285,403265,6,5,-1,-1,-3,-1,-1,-1,5,-1,2,2,-1,-1,-1,-1,-1,-3,48,NA,48,1,0,1,1,1
0.305110343315192,0.291994156783638,51,0.547911883235825,0,0,4,2141,400367,4,4,3,-1,-3,-1,-1,-1,5,-1,1,1,-1,-1,-1,-1,-1,-3,33,NA,33,1,0,1,1,1
0.81248744276501,0.815575119000578,0,0.887842494655799,0,2,2,527,301306,2,3,-1,-1,-3,1,2,-1,1,-1,1,6,2,2,2,-3,-3,-3,17,NA,17,1,1,0,1,1
0.278496533729785,NA,70,0.382042182171566,40,-6,5,391,300983,5,5,-1,-1,-3,-1,2,-1,5,-1,4,4,2,1,2,-3,-3,-3,34,NA,34,1,1,0,1,1
2.05731674374001,1.96226632330179,0,2.18394825816776,0,0,2,3276,403228,4,2,-1,-1,-3,1,-1,-1,1,-1,1,1,-1,-1,-1,-1,-1,-3,53,NA,53,2,0,2,2,2
1.25588664382041,1.19227348437015,52,1.19962218691596,0,15,99,4060,405187,99,4,2,-1,-3,-1,-1,-1,5,-1,1,1,-1,-1,-1,-1,-1,-3,36,NA,36,1,0,1,1,1
0.419021321160812,0.424425431379997,85,0.633143866615201,70,60,5,2554,401391,5,5,-1,-1,-3,3,-1,-1,1,-1,1,1,-1,-1,-1,-1,-1,-3,13,NA,13,1,0,1,1,1
0.715494911549619,0.658641412745265,15,1.27951572511559,0,0,5,390,300982,3,5,-1,-1,-3,-1,2,-1,5,-1,1,1,2,1,2,-3,-3,-3,8,NA,8,1,1,0,1,1
NA,NA,0,2.04865774884014,0,NA,99,5014,407626,NA,5,-1,-1,-3,-1,-1,NA,5,-1,NA,3,-1,-1,-1,-1,-1,-3,6,NA,6,2,0,2,2,NA
NA,NA,30,1.2267278285331,30,NA,4,2403,401029,NA,3,-1,-1,-3,1,-1,NA,1,-1,NA,1,-1,-1,-1,-1,-1,-3,39,NA,39,1,0,1,1,NA
1.97455001093788,2.24083511542023,0,1.65063824663426,0,35,3,3720,404353,5,3,-1,-1,-3,-1,-1,-1,5,-1,1,1,-1,-1,-1,-1,-1,-3,40,NA,40,1,0,1,1,1
0.807768802605114,0.828171236022037,3,0.71820474652261,0,0,4,2626,401571,4,4,3,-1,-3,-1,-1,-1,5,-1,1,1,-1,-1,-1,-1,-1,-3,13,NA,13,1,0,1,1,1
NA,NA,100,0.997820097258285,-6,NA,7,33,300070,NA,6,-1,-6,-3,3,2,NA,1,-6,NA,1,2,1,2,-3,-3,-3,35,NA,35,2,2,0,2,NA
1.32070273919973,1.40017562561802,60,0.650372145198002,85,85,4,4591,406585,5,4,3,-1,-3,3,-1,-1,1,-1,6,6,-1,-1,-1,-1,-1,-3,24,NA,24,1,0,1,1,1
1.46591086425789,1.52446062770994,60,0.745963785791946,100,100,7,2113,400296,7,7,-1,-1,-3,3,-1,-1,1,-1,1,1,-1,-1,-1,-1,-1,-3,54,NA,54,2,0,2,2,2
0.535619915173941,0.551562707913825,10,0.734863436318923,0,10,3,3263,403192,3,4,3,-1,-3,-1,-1,-1,5,-1,1,1,-1,-1,-1,-1,-1,-3,19,NA,48,2,0,2,2,2
0.932098306081402,0.875592527943523,0,1.20764098594186,0,0,2,2914,402315,2,2,-1,-1,-3,1,-1,-1,1,-1,1,1,-1,-1,-1,-1,-1,-3,41,NA,41,1,0,1,1,1
3.47846146668057,3.22278379582431,60,1.8481904870478,100,100,6,3842,404694,7,4,2,-1,-3,3,-1,-1,1,-1,1,1,-1,-1,-1,-1,-1,-3,4,NA,4,2,0,2,2,2
0.904551410640521,0.899835220098044,0,1.31133404392992,0,0,3,2222,400566,4,3,-1,-1,-3,-1,-1,-1,5,-1,1,1,-1,-1,-1,-1,-1,-3,48,NA,35,2,0,2,2,2
1.12908732931778,NA,0,1.0562407159474,100,-6,99,415,301052,-9,99,2,-1,-3,1,2,-1,1,-1,1,1,2,1,2,-3,-3,-3,20,NA,20,2,2,0,2,2
NA,NA,65,2.59086679787362,85,NA,5,3071,402722,NA,4,2,-1,-3,-1,-1,NA,5,-1,NA,1,-1,-1,-1,-1,-1,-3,21,NA,21,2,0,2,2,NA
1.3397713204696,1.22442736578331,0,0.963662709851641,0,0,3,263,300657,1,2,-1,-1,-3,-1,2,-1,5,-1,6,6,2,1,2,-3,-3,-3,47,NA,47,1,1,0,1,1
1.58702932753212,1.48246603826358,71,0.894738944734688,70,85,5,4960,407503,6,5,-1,-1,-3,3,-1,-1,1,-1,3,3,-1,-1,-1,-1,-1,-3,4,NA,4,1,0,1,1,1
0.776312593244945,0.758554271560671,85,0.958030794337847,85,85,6,405,301024,6,6,-1,-1,-3,3,1,-1,1,-1,1,1,2,1,2,-3,-3,-3,47,NA,47,2,2,0,2,2
NA,NA,86,1.52584010446478,100,NA,6,4833,407164,NA,99,3,-1,-3,3,-1,NA,1,-1,NA,1,-1,-1,-1,-1,-1,-3,30,NA,30,2,0,2,2,NA
1.69503942471663,1.49668583481261,0,0.619929125759692,0,0,4,2009,400018,4,99,3,-1,-3,1,-1,-1,1,-1,3,3,-1,-1,-1,-1,-1,-3,8,NA,8,2,0,2,2,2
0.622873940202988,0.623099226215807,84,0.668641337385293,90,90,6,3977,404990,6,6,-1,-1,-3,3,-1,-1,1,-1,1,1,-1,-1,-1,-1,-1,-3,42,NA,42,2,0,2,2,2
0.319019413271709,0.312317339701462,49,0.546324012009849,40,40,5,3089,402756,6,5,-1,-1,-3,-1,-1,-1,5,-1,1,1,-1,-1,-1,-1,-1,-3,12,NA,12,2,0,2,2,2
NA,NA,60,0.641975321133947,-6,NA,7,741,301795,NA,6,-1,-6,-3,-1,2,NA,5,-6,NA,1,2,2,1,-3,-3,-3,37,NA,45,2,2,0,2,NA
0.322621690844481,0.282673171926736,60,0.614769090119663,70,85,99,716,301724,99,5,-1,-1,-3,3,2,-1,1,-1,3,3,1,2,2,-3,-3,-3,6,NA,6,1,1,0,1,1
0.487030893665337,0.455938016949965,100,0.38994274035566,100,100,6,3371,403463,6,6,-1,-1,-3,3,-1,-1,1,-1,1,1,-1,-1,-1,-1,-1,-3,13,NA,13,1,0,1,1,1
2.13117190114371,1.96911045007392,15,1.02170126391703,40,55,4,166,300383,4,5,-1,-1,-3,3,2,-1,1,-1,5,5,2,1,2,-3,-3,-3,40,NA,40,2,2,0,2,2
2.36319605010647,2.34068538742326,85,3.15827543896946,0,100,3,2374,400963,7,7,-1,-1,-3,3,-1,-1,1,-5,1,1,-1,-1,-1,-1,-1,-3,48,NA,48,1,0,1,1,1
0.72420267212759,0.633472893395112,86,0.744185399064387,100,100,4,4223,405606,4,6,-1,-1,-3,3,-1,-1,1,-1,2,2,-1,-1,-1,-1,-1,-3,39,NA,39,2,0,2,2,2
NA,NA,0,3.67952342641578,-6,NA,99,3173,402957,NA,99,1,-6,-3,1,-1,NA,1,-6,NA,2,-1,-1,-1,-1,-1,-3,5,NA,5,1,0,1,1,NA
0.80590470831807,0.864078270254475,0,0.910484903674315,0,0,1,3743,404423,1,1,-1,-1,-3,-1,-1,-1,5,-1,1,1,-1,-1,-1,-1,-1,-3,48,NA,48,1,0,1,1,1
0.534641443005569,0.516226620615005,40,0.288404091146202,0,0,2,5074,407763,3,4,3,-1,-3,-1,-1,-1,5,-1,4,4,-1,-1,-1,-1,-1,-3,4,NA,4,1,0,1,1,1
0.236805650441712,0.24172963929264699,100,0.556383717637832,100,100,7,4869,407240,6,7,-1,-1,-3,3,-1,-1,1,-1,1,1,-1,-1,-1,-1,-1,-3,19,NA,19,2,0,2,2,2
0.209028897096311,0.219631142731687,60,0.317321334665469,50,70,4,867,302093,99,99,-8,-1,-3,-1,2,-1,5,-1,1,1,2,1,2,-3,-3,-3,20,NA,20,1,1,0,1,1
0.414620485515688,0.402012086248757,60,0.350520552281784,100,90,4,1145,302795,4,99,2,-1,-3,-1,2,-1,5,-1,1,1,2,1,2,-3,-3,-3,47,NA,47,1,1,0,1,1
0.345485356699762,0.332761543288561,20,0.380803518653742,5,0,3,4420,406137,2,2,-1,-1,-3,-1,-1,-1,5,-1,1,1,-1,-1,-1,-1,-1,-3,6,NA,6,1,0,1,1,1
0.988615386645693,0.951803243866984,0,0.679273717595486,0,0,3,4827,407148,2,4,1,-1,-3,1,-1,-1,1,-1,1,1,-1,-1,-1,-1,-1,-3,55,NA,55,2,0,2,2,2
NA,NA,0,1.00039321256912,0,NA,3,2894,402262,NA,3,-1,-1,-3,-1,-1,NA,5,-1,NA,1,-1,-1,-1,-1,-1,-3,38,NA,38,2,0,2,2,NA
NA,NA,15,0.35164473808527,15,NA,5,47,300109,NA,4,2,-1,-3,-1,2,NA,5,-1,NA,3,2,2,2,-3,-3,-3,48,NA,48,1,1,0,1,NA
0.336506579734525,0.312086842082956,0,0.591817969635306,0,0,2,4922,407388,2,2,-1,-1,-3,1,-1,-1,1,-1,1,1,-1,-1,-1,-1,-1,-3,13,NA,25,2,0,2,2,2
0.266746598409754,0.273199328222539,85,0.431304914085519,86,85,6,3217,403078,6,3,-1,-1,-3,3,-1,-1,1,-1,1,1,-1,-1,-1,-1,-1,-3,48,NA,48,2,0,2,2,2
1.99564801274792,2.02261671153074,15,1.46157338128783,85,40,99,4415,406131,4,99,2,-1,-3,-1,-1,-1,5,-1,1,1,-1,-1,-1,-1,-1,-3,13,NA,13,1,0,1,1,1
2.83985101807845,2.80736613813031,0,1.85337121230805,15,15,3,4422,406141,4,4,3,-1,-3,1,-1,-1,1,-1,1,1,-1,-1,-1,-1,-1,-3,36,NA,36,1,0,1,1,1
0.350318927807834,0.349740476870646,100,0.842699073690797,100,100,7,2232,400592,6,7,-1,-1,-3,3,-1,-1,1,-1,1,1,-1,-1,-1,-1,-1,-3,45,NA,26,2,0,2,2,2
0.469712424034026,0.452823330773961,30,0.637702819183597,20,10,4,2462,401161,4,5,-1,-1,-3,-1,-1,-1,5,-1,1,1,-1,-1,-1,-1,-1,-3,6,NA,6,1,0,1,1,1
0.164206217696294,0.158115525851421,70,0.331623090402034,80,100,5,1123,302746,6,5,-1,-1,-3,3,2,-1,1,-1,1,1,2,1,2,-3,-3,-3,35,NA,35,2,2,0,2,2
0.665029897509961,0.694806811292953,0,0.513679200654567,100,85,3,3014,402577,4,2,-1,-1,-3,1,-1,-1,1,-1,4,4,-1,-1,-1,-1,-1,-3,25,NA,25,1,0,1,1,1
NA,NA,50,0.645919318058793,0,NA,99,2249,400637,NA,99,2,-1,-3,-1,-1,NA,5,-1,NA,1,-1,-1,-1,-1,-1,-3,26,NA,26,1,0,1,1,NA
1.48964150736714,1.54851514669897,100,2.75350609803605,100,100,6,302,300747,4,5,-1,-1,-3,3,2,-1,1,-1,1,1,2,1,2,-3,-3,-3,25,NA,25,2,2,0,2,2
0.781330308712507,0.809173046552842,60,0.741509587877511,60,60,5,2498,401248,5,5,-1,-1,-3,-1,-1,-1,5,-1,1,1,-1,-1,-1,-1,-1,-3,27,NA,27,2,0,2,2,2
0.788881640397108,0.834114767642765,100,1.58449088293016,100,100,6,905,302172,6,6,-1,-1,-3,3,2,-1,1,-1,1,1,2,1,2,-3,-3,-3,25,NA,25,3,3,0,3,3
1.46514691607635,1.4218127479007,0,1.47685753819827,0,0,4,2050,400132,4,3,-1,-1,-3,-1,-1,-1,5,-1,2,2,-1,-1,-1,-1,-1,-3,24,NA,24,2,0,2,2,2
2.41461126622318,2.35481096971711,73,1.19819958087914,55,50,3,3335,403386,4,5,-1,-1,-3,1,-1,-1,1,-1,4,1,-1,-1,-1,-1,-1,-3,6,NA,6,2,0,2,2,2
1.86616366643998,1.75370788457066,0,1.00768915474088,0,-9,3,627,301519,2,99,1,-1,-3,1,1,-1,1,-1,1,1,2,1,2,-3,-3,-3,12,NA,12,1,1,0,1,1
0.483355303516914,0.473090840591903,25,0.695651752453954,70,70,5,3259,403181,5,3,-1,-1,-3,-1,-1,-1,5,-1,3,3,-1,-1,-1,-1,-1,-3,26,NA,26,1,0,1,1,1
NA,NA,0,0.711269455904054,0,NA,3,4270,405711,NA,4,1,-1,-3,1,-1,NA,1,-1,NA,1,-1,-1,-1,-1,-1,-3,5,NA,5,1,0,1,1,NA
0.35363321487404,0.344119581223048,50,0.72542919980256,50,50,4,3284,403260,4,99,-9,-1,-3,-1,-1,-1,-9,-1,1,1,-1,-1,-1,-1,-1,-3,36,NA,36,2,0,2,2,2
3.09354898058166,3.23975805106615,-9,1.34143285993383,90,95,6,2278,400705,6,5,-1,-1,-3,3,-1,-1,1,-1,1,1,-1,-1,-1,-1,-1,-3,48,NA,48,1,0,1,1,1
0.85024679956238,0.862727380044354,100,0.58648527128971,100,100,6,3249,403160,5,5,-1,-1,-3,3,-1,-1,1,-1,1,1,-1,-1,-1,-1,-1,-3,9,NA,9,2,0,2,2,2
0.865925072826686,0.857054882963156,73,0.716614309107794,60,40,5,2435,401100,5,99,2,-1,-3,-1,-1,-1,5,-1,1,1,-1,-1,-1,-1,-1,-3,29,NA,29,2,0,2,2,2
NA,NA,60,0.779764507249088,70,NA,6,4863,407223,NA,4,3,1,-3,-1,-1,NA,5,-1,NA,1,-1,-1,-1,-1,-1,-3,24,NA,24,1,0,1,1,NA
NA,NA,2,1.2949188488441,0,NA,2,4913,407368,NA,99,2,-1,-3,1,-1,NA,1,-1,NA,2,-1,-1,-1,-1,-1,-3,17,NA,17,2,0,2,2,NA
0.28989537285138,0.2679341017995,1,0.566333561600531,0,0,2,2946,402391,1,2,-1,-1,-3,1,-1,-1,1,-1,1,1,-1,-1,-1,-1,-1,-3,36,NA,36,1,0,1,1,1
0.806750447039281,NA,60,1.4716440882786,70,-7,6,1018,302470,6,5,-1,-1,-3,-1,2,-1,5,-1,1,1,2,1,2,-3,-3,-3,6,NA,6,2,2,0,2,2
NA,NA,86,1.18964657865964,60,NA,6,4533,406405,NA,6,-1,-1,-3,3,-1,NA,1,-1,NA,1,-1,-1,-1,-1,-1,-3,21,NA,21,1,0,1,1,NA
NA,NA,70,0.379070271307386,50,NA,99,4388,406052,NA,99,2,-1,-3,-1,-1,NA,5,-1,NA,1,-1,-1,-1,-1,-1,-3,51,NA,51,2,0,2,2,NA
0.479549519244698,0.473143599586683,70,0.649860643380703,100,100,6,4134,405381,6,6,-1,-1,-3,3,-1,-1,1,-1,1,1,-1,-1,-1,-1,-1,-3,22,NA,22,1,0,1,1,1
0.750999533073184,0.711404070810259,70,0.780627157264728,95,85,5,629,301527,6,5,-1,-1,-3,7,2,-1,1,-1,-9,5,2,1,2,-3,-3,-3,40,NA,40,2,2,0,2,2
0.745131980007399,0.668326956655854,53,0.770073652077287,15,50,5,3443,403650,4,5,-1,-1,-3,-1,-1,-1,5,-1,3,3,-1,-1,-1,-1,-1,-3,36,NA,36,2,0,2,2,2
3.35998541399714,3.48429840093837,85,1.18930465112772,100,85,5,2061,400172,99,4,1,-1,-3,-1,-1,-1,5,-1,1,1,-1,-1,-1,-1,-1,-3,47,NA,47,2,0,2,2,2
NA,NA,1,1.33376420638702,0,NA,4,4053,405174,NA,2,-1,-1,-3,1,-1,NA,1,-1,NA,1,-1,-1,-1,-1,-1,-3,12,NA,12,2,0,2,2,NA
NA,NA,100,0.589938365913132,100,NA,7,4500,406335,NA,99,3,-1,-3,-1,-1,NA,5,-1,NA,1,-1,-1,-1,-1,-1,-3,47,NA,47,1,0,1,1,NA
0.388311965243043,0.37377753186059,15,0.620701359434311,0,0,4,2409,401041,3,4,3,-1,-3,3,-1,-1,1,-1,1,1,-1,-1,-1,-1,-1,-3,12,NA,47,1,0,1,1,1
0.520821356649791,0.543529140243802,0,1.38131694492277,0,0,99,4603,406613,99,99,2,-1,-3,1,-1,-1,1,-1,2,2,-1,-1,-1,-1,-1,-3,37,NA,37,1,0,1,1,1
0.827956299713667,0.800431768448326,0,0.61470430633094,0,0,1,3756,404451,2,2,-1,-1,-3,1,-1,-1,1,-1,1,1,-1,-1,-1,-1,-1,-3,42,NA,42,1,0,1,1,1
0.375662938030574,0.352712813283754,0,0.545228638019244,0,0,2,87,300186,2,2,-1,-1,-3,-1,2,-1,5,-1,1,1,2,1,2,-3,-3,-3,17,NA,17,1,1,0,1,1
0.694101226776381,0.657564531553369,85,1.1398805082081,100,90,6,1115,302726,6,6,-1,-1,-3,7,2,-1,1,-1,-9,1,2,2,2,-3,-3,-3,16,NA,16,2,2,0,2,2
0.353821727780086,0.330484002861682,83,0.421840653881767,100,95,7,2405,401034,7,6,-1,-1,-3,-1,-1,-1,5,-1,1,6,-1,-1,-1,-1,-1,-3,8,NA,8,2,0,2,2,2
0.383781297516143,0.372764430431049,0,0.7575495239806,30,0,5,2988,402521,4,2,-1,-1,-3,-1,-1,-1,5,-1,1,1,-1,-1,-1,-1,-1,-3,34,NA,34,1,0,1,1,1
0.957288857833217,0.910758431421367,70,1.75982068888997,100,100,5,728,301767,6,5,-1,-1,-3,-1,2,-1,5,-1,1,1,2,1,2,-3,-3,-3,34,NA,34,2,2,0,2,2
0.361712733169227,0.33775760463609,71,0.570006343555947,90,70,5,4192,405531,5,4,3,-1,-3,-1,-1,-1,5,-1,1,1,-1,-1,-1,-1,-1,-3,18,NA,18,1,0,1,1,1
2.37208743939087,2.31259428194229,0,2.67447528051154,0,60,4,2414,401051,4,99,3,-1,-3,-1,-1,-1,5,-1,3,3,-1,-1,-1,-1,-1,-3,48,NA,48,1,0,1,1,1
0.57653289163913,0.564210323771453,0,0.734478260306345,0,0,1,4565,406507,1,2,-1,-1,-3,1,-1,-1,1,-1,1,6,-1,-1,-1,-1,-1,-3,6,NA,6,1,0,1,1,1
4.29779877657514,4.29333258527977,50,6.14682699422826,50,85,99,4975,407541,4,4,3,-1,-3,1,-1,-1,1,-1,3,3,-1,-1,-1,-1,-1,-3,36,NA,36,1,0,1,1,1
0.897433244871495,0.852158747011306,65,0.778490737032311,60,65,5,4916,407378,4,5,-1,-1,-3,3,-1,-1,1,-1,1,1,-1,-1,-1,-1,-1,-3,19,NA,19,2,0,2,2,2
NA,NA,2,0.912028110219057,0,NA,3,4784,407024,NA,3,-1,-1,-3,1,-1,NA,1,-1,NA,1,-1,-1,-1,-1,-1,-3,6,NA,6,2,0,2,2,NA
0.934552906165821,0.941391055124107,70,1.34314432173403,85,60,4,2295,400745,4,4,2,-1,-3,-1,-1,-1,5,-1,1,-9,-1,-1,-1,-1,-1,-3,12,NA,12,1,0,1,1,1
0.538658074503221,0.536336101574958,86,0.334373912513886,100,85,6,4647,406711,6,6,-1,-1,-3,3,-1,-1,1,-1,1,1,-1,-1,-1,-1,-1,-3,6,NA,6,1,0,1,1,1
0.226897788868649,0.224756666175309,100,0.555462491270893,100,100,7,2090,400244,6,6,-1,-1,-3,3,-1,-1,1,-1,1,1,-1,-1,-1,-1,-1,-3,25,NA,25,2,0,2,2,2
3.56573420052514,3.9492681238397,0,1.56250308970582,15,70,3,3851,404721,99,4,3,-1,-3,-1,-1,-1,5,-1,1,1,-1,-1,-1,-1,-1,-3,17,NA,17,1,0,1,1,1
0.32731755524744,0.289388897674784,0,0.417023360136057,0,0,4,281,300704,3,4,1,-1,-3,-1,1,-1,5,-1,3,3,2,1,2,-3,-3,-3,11,NA,11,2,2,0,2,2
0.636950260864574,0.698611383459889,30,0.351183400658435,0,50,1,4785,407027,1,1,-1,-1,-3,1,-1,-1,1,-1,-9,1,-1,-1,-1,-1,-1,-3,12,NA,12,1,0,1,1,1
NA,NA,70,0.923983219708003,85,NA,6,4155,405429,NA,6,-1,-1,-3,3,-1,NA,1,-1,NA,1,-1,-1,-1,-1,-1,-3,6,NA,6,1,0,1,1,NA
1.42210898396734,NA,0,1.68999766961395,0,-6,2,1160,302840,2,1,-1,-1,-3,1,2,-1,1,-1,1,1,2,2,1,-3,-3,-3,6,NA,6,1,1,0,1,1
NA,NA,60,1.24935032672924,-9,NA,5,2545,401373,NA,5,-1,-1,-3,-1,-1,NA,5,-1,NA,1,-1,-1,-1,-1,-1,-3,42,NA,42,1,0,1,1,NA
1.57735419667751,1.60584412663217,85,0.541258672508453,100,15,4,2209,400542,4,5,-1,-1,-3,-1,-1,-1,5,-1,4,4,-1,-1,-1,-1,-1,-3,36,NA,36,2,0,2,2,2
0.36353487317309,0.345943416101453,2,0.765725541871057,0,0,1,4899,407324,1,2,-1,-1,-3,1,-1,-1,1,-1,1,1,-1,-1,-1,-1,-1,-3,36,NA,37,2,0,2,2,2
1.31330159701293,1.27726838547829,30,1.8898244569749,0,0,4,3434,403624,1,5,-1,-1,-3,3,-1,-1,1,-1,1,1,-1,-1,-1,-1,-1,-3,42,NA,24,2,0,2,2,2
0.66881200560459,0.65022241258978,1,0.812650336976406,0,0,3,4250,405672,2,3,-1,-1,-3,-1,-1,-1,5,-1,1,1,-1,-1,-1,-1,-1,-3,53,NA,41,2,0,2,2,2
4.63892637352244,4.1813849092931,1,1.54944974866588,0,40,99,3220,403090,99,99,3,-1,-3,1,-1,-1,1,-1,2,2,-1,-1,-1,-1,-1,-3,34,NA,34,2,0,2,2,2
1.12142729084846,1.14263248691091,15,1.11358430420672,30,7,5,4649,406716,6,3,-1,-1,-3,-1,-1,-1,5,-1,1,1,-1,-1,-1,-1,-1,-3,26,NA,26,2,0,2,2,2
0.576935243224084,0.578939450818216,15,0.741979498421837,0,0,2,1006,302447,2,3,-1,-1,-3,1,1,-1,1,-1,1,1,2,1,2,-3,-3,-3,37,NA,37,2,2,0,2,2
0.951672308057028,0.911274348202835,15,0.917730961822746,0,0,4,548,301347,3,4,1,-1,-3,-1,1,-1,5,-1,1,1,2,1,2,-3,-3,-3,26,NA,26,1,1,0,1,1
0.677680286606688,0.642853163998459,50,0.459958017687328,0,0,99,3701,404304,4,4,3,-1,-3,-1,-1,-1,5,-1,2,2,-1,-1,-1,-1,-1,-3,6,NA,6,2,0,2,2,2
NA,NA,100,0.820382442338479,85,NA,99,2708,401774,NA,4,2,-1,-3,3,-1,NA,1,-1,NA,1,-1,-1,-1,-1,-1,-3,47,NA,47,2,0,2,2,NA
0.586770908271007,0.556664879982222,15,0.520712638984001,15,15,99,2645,401601,4,3,-1,-1,-3,-1,-1,-1,5,-1,1,1,-1,-1,-1,-1,-1,-3,45,NA,45,1,0,1,1,1
0.37599625209146,0.370031345974366,0,0.595110862464561,0,0,2,1164,302850,2,2,-1,-1,-3,1,2,-1,1,-1,1,1,2,1,2,-3,-3,-3,24,NA,24,1,1,0,1,1
0.230607479164628,0.216339749895051,40,0.363238104658863,0,15,4,408,301030,4,3,-1,-1,-3,1,1,-1,1,-1,3,3,2,1,2,-3,-3,-3,47,NA,47,1,1,0,1,1
3.34108816563935,3.81258074487943,70,1.64745029766587,100,85,6,3761,404460,6,5,-1,-1,-3,-1,-1,-1,5,-1,4,4,-1,-1,-1,-1,-1,-3,17,NA,17,2,0,2,2,2
0.70729469749136,0.661347724443779,100,0.670176459632176,100,100,3,4346,405935,6,6,-1,-1,-3,-1,-1,-1,-9,-1,1,1,-1,-1,-1,-1,-1,-3,21,NA,21,1,0,1,1,1
0.517066709217438,0.489516559682447,32,0.73302069082272,0,0,3,2437,401103,3,5,-1,-1,-3,-1,-1,-1,5,-1,1,1,-1,-1,-1,-1,-1,-3,29,NA,29,1,0,1,1,1
0.272766155507869,0.250301711657549,0,0.549802424290923,0,0,1,3048,402659,1,1,-1,-1,-3,1,-1,-1,1,-1,1,1,-1,-1,-1,-1,-1,-3,25,NA,25,1,0,1,1,1
2.85149745576391,2.90141201004371,60,2.30402371259613,85,90,6,4050,405164,6,7,-1,-1,-3,3,-1,-1,1,-1,1,1,-1,-1,-1,-1,-1,-3,24,NA,24,2,0,2,2,2
1.2049770406381899,1.20235101525867,0,0.689667122321882,0,0,4,2744,401862,99,99,3,-1,-3,-1,-1,-1,5,-1,1,1,-1,-1,-1,-1,-1,-3,48,NA,48,2,0,2,2,2
0.551830694539078,NA,70,0.565479552026442,60,-6,6,3976,404989,6,6,-1,-1,-3,-1,-1,-1,5,-1,1,1,-1,-1,-1,-1,-1,-3,39,NA,39,1,0,1,1,1
0.565612942903477,0.523372198489078,40,0.693718578054642,0,0,4,703,301695,3,4,1,-1,-3,-1,1,-1,5,-1,1,1,2,1,2,-3,-3,-3,51,NA,51,1,1,0,1,1
0.383569365170991,0.372204083412949,15,0.631592786429052,0,15,3,4780,407012,3,3,-1,-1,-3,-1,-1,-1,5,-1,1,1,-1,-1,-1,-1,-1,-3,26,NA,26,2,0,2,2,2
0.719847478893822,NA,50,0.633260412387659,0,-6,5,2032,400093,3,3,-1,-1,-3,1,-1,-1,1,-1,2,2,-1,-1,-1,-1,-1,-3,37,NA,42,1,0,1,1,1
1.38332619975574,1.3663559513349,2,1.43184637427007,0,0,2,4569,406519,2,2,-1,-1,-3,-1,-1,-1,5,-1,1,1,-1,-1,-1,-1,-1,-3,21,NA,21,1,0,1,1,1
0.849015083581482,0.852693134982776,15,0.696948065152166,0,0,4,701,301692,4,3,-1,-1,-3,-1,2,-1,5,-1,1,1,2,1,2,-3,-3,-3,16,NA,16,2,2,0,2,2
NA,NA,70,0.522268951729231,100,NA,7,4432,406160,NA,6,-1,-1,-3,3,-1,NA,1,-1,NA,1,-1,-1,-1,-1,-1,-3,20,NA,20,2,0,2,2,NA
3.77024312289942,3.9166592906539,16,1.36249192379889,85,100,99,4580,406547,2,99,1,-1,-3,-1,-1,-1,5,-1,1,1,-1,-1,-1,-1,-1,-3,53,NA,53,1,0,1,1,1
0.492510722020346,0.555657654628072,2,0.711799070978874,0,60,4,4910,407364,4,4,3,-1,-3,1,-1,-1,1,-1,3,3,-1,-1,-1,-1,-1,-3,36,NA,36,2,0,2,2,2
1.23366141774393,1.20118453672522,100,1.3565486111508,100,85,99,692,301670,4,3,-1,-1,-3,3,2,-1,1,-1,1,1,2,1,2,-3,-3,-3,34,NA,34,2,2,0,2,2
1.83161110470207,1.84699231025851,91,2.25674715615067,85,85,4,4650,406723,4,4,3,-1,-3,3,-1,-1,1,-1,1,1,-1,-1,-1,-1,-1,-3,6,NA,6,1,0,1,1,1
3.64855111087559,3.86837693473554,40,1.99538152753794,0,0,99,3094,402769,6,5,-1,-1,-3,1,-1,-1,1,-1,3,3,-1,-1,-1,-1,-1,-3,48,NA,48,1,0,1,1,1
2.18080221303331,2.20559348325334,3,2.15685790649275,0,0,1,3923,404874,1,1,-1,-1,-3,1,-1,-1,1,-1,1,1,-1,-1,-1,-1,-1,-3,26,NA,26,2,0,2,2,2
NA,NA,80,2.4508737015996,100,NA,99,1102,302684,NA,5,-1,-1,-3,-1,2,NA,5,-1,NA,1,2,1,2,-3,-3,-3,22,NA,22,2,2,0,2,NA
0.467119530445597,0.441721753920909,0,0.515677406199859,0,0,3,3242,403143,3,3,-1,-1,-3,1,-1,-1,1,-1,1,1,-1,-1,-1,-1,-1,-3,32,NA,32,1,0,1,1,1
2.77526087588802,2.67340575183352,60,2.35673408865196,0,0,99,4324,405877,3,5,-1,-1,-3,-1,-1,-1,5,-1,1,1,-1,-1,-1,-1,-1,-3,34,NA,34,1,0,1,1,1
1.49760842812632,1.58510571197699,51,1.33118100621564,70,85,4,2357,400927,6,4,3,-1,-3,-1,-1,-1,5,-1,1,1,-1,-1,-1,-1,-1,-3,12,NA,12,1,0,1,1,1
1.15054314505376,1.07272574170273,30,1.50559739064946,0,0,2,402,301019,2,3,-1,-1,-3,1,1,-1,1,-1,3,3,1,2,2,-3,-3,-3,8,NA,8,2,2,0,2,2
NA,NA,85,0.67437498822492,95,NA,6,1022,302480,NA,6,-1,-1,-3,3,1,NA,1,-1,NA,1,2,1,2,-3,-3,-3,5,NA,5,1,1,0,1,NA
0.685329572725939,0.681272173021091,0,0.892606602527829,0,0,2,4101,405293,2,2,-1,-1,-3,1,-1,-1,1,-1,1,1,-1,-1,-1,-1,-1,-3,36,NA,36,1,0,1,1,1
2.37390845874988,2.37841402537752,15,1.38683946596179,10,0,99,330,300816,2,3,-1,-1,-3,1,2,-1,1,-1,2,2,2,1,2,-3,-3,-3,39,NA,39,1,1,0,1,1
0.31396168442983,0.306372812198329,15,0.60480033694572,0,0,5,3484,403751,4,6,-1,-1,-3,3,-1,-1,1,-1,1,1,-1,-1,-1,-1,-1,-3,27,NA,27,1,0,1,1,1
0.694494023273656,0.716904701700236,77,0.664763875099963,90,85,6,4262,405691,6,6,-1,-1,-3,3,-1,-1,1,-1,1,1,-1,-1,-1,-1,-1,-3,39,NA,39,1,0,1,1,1
1.25528712206064,NA,60,0.480157495136421,50,-6,6,2119,400312,5,6,-1,-1,-3,3,-1,-1,1,-1,3,3,-1,-1,-1,-1,-1,-3,6,NA,6,2,0,2,2,2
0.383668593643317,0.446545697133081,100,0.374489975609106,100,100,2,3294,403286,4,3,-1,-1,-3,-1,-1,-1,5,-1,1,1,-1,-1,-1,-1,-1,-3,17,NA,17,2,0,2,2,2
0.328818952849586,0.282404336936062,30,0.459199673261705,15,40,5,2193,400501,4,4,3,-1,-3,-1,-1,-1,5,-1,1,1,-1,-1,-1,-1,-1,-3,18,NA,18,1,0,1,1,1
NA,NA,1,0.492810798682895,0,NA,4,4107,405305,NA,5,-1,4,-3,-1,-1,NA,5,-1,NA,1,-1,-1,-1,-1,-1,-3,16,NA,16,1,0,1,1,NA
0.595077767458643,0.59266594974169,14,0.700477251313734,5,0,2,3289,403277,2,3,-1,-1,-3,-1,-1,-1,5,-1,1,5,-1,-1,-1,-1,-1,-3,25,NA,25,1,0,1,1,1
0.902817022849741,0.784368349959359,0,0.935808372775746,0,70,3,3523,403866,1,2,-1,-1,-3,-1,-1,-1,5,-1,2,2,-1,-1,-1,-1,-1,-3,13,NA,13,2,0,2,2,2
NA,NA,70,1.52251789390618,85,NA,99,2853,402163,NA,99,3,-1,-3,-1,-1,NA,5,-1,NA,1,-1,-1,-1,-1,-1,-3,29,NA,29,1,0,1,1,NA
0.435419847237806,0.413686832222688,99,0.657293303006968,100,98,6,2237,400603,7,6,-1,-1,-3,3,-1,-1,1,-1,1,1,-1,-1,-1,-1,-1,-3,39,NA,39,1,0,1,1,1
0.277388056576735,0.251443595635006,60,0.467727605808506,30,30,4,670,301624,4,4,3,-1,-3,-1,2,-1,5,-1,1,1,2,1,2,-3,-3,-3,12,NA,12,2,2,0,2,2
NA,NA,85,0.894460728288389,-6,NA,6,4801,407086,NA,6,-1,-6,-3,3,-1,NA,1,-6,NA,1,-1,-1,-1,-1,-1,-3,12,NA,36,2,0,2,2,NA
0.947328984130895,1.08143856095708,50,1.2038498275164,0,-9,99,4702,406839,7,99,3,-1,-3,-1,-1,-1,5,-1,3,2,-1,-1,-1,-1,-1,-3,10,NA,10,1,0,1,1,1
0.87883546503124,0.927627927313533,0,0.990617448747517,50,0,4,3084,402744,3,99,3,-1,-3,-1,-1,-1,5,-1,2,5,-1,-1,-1,-1,-1,-3,31,NA,31,2,0,2,2,2
0.165015952098366,0.154438213240652,42,0.346649826656937,40,70,3,3823,404636,3,3,-1,-1,-3,-1,-1,-1,5,-1,1,1,-1,-1,-1,-1,-1,-3,18,NA,18,2,0,2,2,2
0.361788741874205,0.340549915773466,0,0.367480291197761,0,0,2,901,302166,2,2,-1,-1,-3,-1,2,-1,5,-1,1,1,2,1,2,-3,-3,-3,55,NA,55,1,1,0,1,1
1.14426114390547,1.30648788610005,100,1.14141850895914,0,-9,99,4098,405289,3,4,2,-1,-3,1,-1,-1,1,-1,2,2,-1,-1,-1,-1,-1,-3,13,NA,13,1,0,1,1,1
NA,NA,40,2.52223257377055,30,NA,99,543,301338,NA,99,2,-1,-3,1,2,NA,1,-1,NA,6,2,1,2,-3,-3,-3,28,NA,28,1,1,0,1,NA
NA,NA,16,0.488917996889339,0,NA,3,3640,404129,NA,3,-1,-1,-3,1,-1,NA,1,-1,NA,1,-1,-1,-1,-1,-1,-3,24,NA,24,1,0,1,1,NA
NA,NA,0,0.629222649204969,-9,NA,99,3227,403108,NA,3,-1,-1,-3,1,-1,NA,1,-1,NA,2,-1,-1,-1,-1,-1,-3,39,NA,39,2,0,2,2,NA
0.571277713057987,0.562912006049559,60,0.799059888578929,60,85,5,4102,405294,4,99,3,-1,-3,-1,-1,-1,5,-1,1,1,-1,-1,-1,-1,-1,-3,18,NA,18,2,0,2,2,2
2.79938316648117,2.71961543230164,0,1.47295410135485,0,0,3,4073,405210,3,2,-1,-1,-3,1,-1,-1,1,-1,6,6,-1,-1,-1,-1,-1,-3,41,NA,41,2,0,2,2,2
NA,NA,100,0.40582598925635,100,NA,6,3846,404712,NA,5,-1,-1,-3,3,-1,NA,1,-1,NA,1,-1,-1,-1,-1,-1,-3,34,NA,34,2,0,2,2,NA
1.44823629078583,1.39643093185397,70,0.508220247669344,0,0,4,158,300360,4,4,1,-1,-3,1,2,-1,1,-1,6,6,1,2,2,-3,-3,-3,6,NA,6,2,2,0,2,2
NA,NA,71,1.12377390862595,60,NA,6,4734,406917,NA,7,-1,-1,-3,-1,-1,NA,5,-1,NA,1,-1,-1,-1,-1,-1,-3,48,NA,48,1,0,1,1,NA
0.329962297787227,0.32995134209239,70,0.5795480642232,60,70,5,4015,405079,4,4,3,-1,-3,-1,-1,-1,5,-1,1,1,-1,-1,-1,-1,-1,-3,12,NA,12,1,0,1,1,1
0.33228829951933,0.323145242286012,0,0.405001195607293,0,0,2,3111,402816,2,2,-1,-1,-3,1,-1,-1,1,-1,1,1,-1,-1,-1,-1,-1,-3,53,NA,53,2,0,2,2,2
0.88227377068194,0.859652905768633,75,0.837597283688518,90,80,6,2019,400052,6,6,-1,-1,-3,-1,-1,-1,5,-1,1,1,-1,-1,-1,-1,-1,-3,6,NA,6,2,0,2,2,2
0.454601301988247,0.481356323051618,15,0.602166856852399,0,0,3,950,302291,3,3,-1,-1,-3,1,1,-1,1,-1,1,1,2,1,2,-3,-3,-3,17,NA,17,2,2,0,2,2
NA,NA,15,0.863320569816867,9,NA,4,3970,404978,NA,99,2,-1,-3,-1,-1,NA,5,-1,NA,2,-1,-1,-1,-1,-1,-3,28,NA,28,2,0,2,2,NA
NA,NA,15,0.596622027712676,0,NA,2,690,301666,NA,2,-1,-1,-3,-1,2,NA,5,-1,NA,3,2,1,2,-3,-3,-3,25,NA,25,3,3,0,3,NA
3.1472066469435,3.43557594537201,9,1.87257856060073,0,65,4,3728,404369,5,4,1,-1,-3,1,-1,-1,1,-1,3,3,-1,-1,-1,-1,-1,-3,48,NA,48,1,0,1,1,1
0.583027338754243,0.577957087716419,30,0.792799533503588,0,0,5,4862,407222,4,4,2,-1,-3,-1,-1,-1,5,-1,1,1,-1,-1,-1,-1,-1,-3,37,NA,37,2,0,2,2,2
1.00540997727697,1.04107909789693,50,0.977973096395362,0,0,2,4809,407106,4,3,-1,-1,-3,-1,-1,-1,5,-1,1,1,-1,-1,-1,-1,-1,-3,36,NA,36,2,0,2,2,2
0.885697981194783,0.861831724354546,85,1.33467992881293,90,90,6,206,300522,6,6,-1,-1,-3,3,2,-1,1,-1,1,1,2,1,2,-3,-3,-3,53,NA,53,1,1,0,1,1
1.68169536078872,1.87853477872684,50,1.36930549170135,85,70,99,343,300859,99,99,1,-1,-3,-1,2,-1,5,-1,1,1,2,1,2,-3,-3,-3,40,NA,40,2,2,0,2,2
0.725250175443595,0.692874094080498,72,0.694413839493945,5,0,2,4546,406454,1,4,3,-1,-3,7,-1,-1,1,-1,1,1,-1,-1,-1,-1,-1,-3,1,NA,1,2,0,2,2,2
2.25044711883322,1.92533741738637,98,1.98805288551028,100,100,99,3498,403788,99,6,-1,-1,-3,-1,-1,-1,5,-1,1,1,-1,-1,-1,-1,-1,-3,13,NA,13,2,0,2,2,2
0.382588785766255,0.360832880364494,14,0.329182769949078,0,0,99,4175,405474,4,5,-1,-1,-3,3,-1,-1,1,-1,1,1,-1,-1,-1,-1,-1,-3,17,NA,17,2,0,2,2,2
0.78117027219482,0.811902805354568,60,1.62759222795029,85,85,7,25,300050,6,6,-1,-1,-3,-1,2,-1,5,-1,1,1,2,2,1,-3,-3,-3,22,NA,22,2,2,0,2,2
2.28667439767904,NA,5,2.8439991692205,0,-6,5,3452,403678,5,4,3,-1,-3,-1,-1,-1,5,-1,3,3,-1,-1,-1,-1,-1,-3,19,NA,19,2,0,2,2,2
0.247832766543976,0.244418703614351,0,0.308133295258712,0,0,-9,2101,400271,4,4,3,-1,-3,-1,-1,-1,5,-1,1,1,-1,-1,-1,-1,-1,-3,36,NA,36,1,0,1,1,1
NA,NA,0,2.0480011820216,0,NA,4,2049,400131,NA,4,3,-1,-3,-1,-1,NA,5,-1,NA,2,-1,-1,-1,-1,-1,-3,21,NA,21,1,0,1,1,NA
0.788228047174674,0.768381447088418,60,0.507147323392911,100,100,7,4018,405084,7,6,-1,-1,-3,3,-1,-1,1,-1,3,4,-1,-1,-1,-1,-1,-3,6,NA,42,2,0,2,2,2
0.860021289735953,0.992376316445613,60,0.575936193227547,85,75,5,3758,404455,5,99,3,-1,-3,-1,-1,-1,5,-1,6,6,-1,-1,-1,-1,-1,-3,39,NA,39,1,0,1,1,1
0.318002235399134,0.347444921725929,15,0.361485571781372,5,0,2,2007,400016,1,2,-1,-1,-3,1,-1,-1,1,-1,1,1,-1,-1,-1,-1,-1,-3,37,NA,37,2,0,2,2,2
2.69826045452697,2.78469862092841,0,1.06536904392046,0,40,99,4401,406096,5,3,-1,-1,-3,-1,-1,-1,5,-1,4,4,-1,-1,-1,-1,-1,-3,17,NA,17,2,0,2,2,2
0.564927670675595,0.532860033589873,30,0.957616940778106,55,60,4,3992,405022,3,3,-1,-1,-3,-1,-1,-1,5,-1,3,3,-1,-1,-1,-1,-1,-3,48,NA,48,2,0,2,2,2
0.214354771557831,0.201049718147367,0,0.361173438249543,0,0,1,2826,402074,2,2,-1,-1,-3,1,-1,-1,1,-1,1,1,-1,-1,-1,-1,-1,-3,35,NA,35,2,0,2,2,2
0.306304912444377,0.301198597131711,0,0.685194496528927,0,0,1,4592,406586,1,3,-1,-1,-3,1,-1,-1,1,-1,2,5,-1,-1,-1,-1,-1,-3,28,NA,28,2,0,2,2,2
0.633314245307395,0.658678099742048,0,0.640698101648406,0,0,2,2298,400755,2,3,-1,-1,-3,1,-1,-1,1,-1,1,1,-1,-1,-1,-1,-1,-3,8,NA,8,1,0,1,1,1
0.449279078464508,0.465101896363649,70,0.44279551830633,100,100,7,2563,401414,7,7,-1,-1,-3,3,-1,-1,1,-1,1,1,-1,-1,-1,-1,-1,-3,48,NA,48,2,0,2,2,2
0.456511834027594,NA,85,0.457985482895598,85,-6,6,54,300124,6,6,-1,-1,-3,3,2,-1,1,-1,1,1,2,1,2,-3,-3,-3,55,NA,55,1,1,0,1,1
0.405584478857814,0.405111752549906,70,0.643063306405811,85,70,6,4230,405631,6,6,-1,-1,-3,3,-1,-1,1,-1,1,1,-1,-1,-1,-1,-1,-3,12,NA,12,1,0,1,1,1
NA,NA,0,0.87635305282495,0,NA,6,1009,302452,NA,5,-1,-1,-3,1,2,NA,1,-1,NA,1,2,1,2,-3,-3,-3,20,NA,20,2,2,0,2,NA
NA,NA,0,0.709719170390561,-6,NA,2,3700,404301,NA,2,-1,-6,-3,1,-1,NA,1,-6,NA,3,-1,-1,-1,-1,-1,-3,25,NA,25,1,0,1,1,NA
0.312194066260146,0.289264344936146,60,0.474557205326452,100,85,5,940,302264,5,4,2,-1,-3,-1,2,-1,5,-1,3,-9,2,1,2,-3,-3,-3,55,NA,55,1,1,0,1,1
NA,NA,70,0.619348840480635,85,NA,7,2155,400399,NA,6,-1,-1,-3,7,-1,NA,1,-1,NA,3,-1,-1,-1,-1,-1,-3,13,NA,13,1,0,1,1,NA
1.62922046461109,1.65672206172972,0,0.363745045096884,0,0,1,4154,405428,1,2,-1,-1,-3,7,-1,-1,1,-1,1,1,-1,-1,-1,-1,-1,-3,6,NA,6,2,0,2,2,2
0.320647012350598,0.347681653933423,30,0.473335586049459,60,40,7,2622,401557,5,4,3,-1,-3,-1,-1,-1,5,-1,1,1,-1,-1,-1,-1,-1,-3,55,NA,55,1,0,1,1,1
0.246379075159066,0.248039464123604,60,0.633007100660839,70,85,6,517,301283,6,7,-1,-1,-3,3,2,-1,1,-1,1,1,1,2,2,-3,-3,-3,48,NA,48,1,1,0,1,1
1.95291476309519,1.88299940385088,60,1.0810344542666,-9,30,4,588,301434,4,3,-1,-1,-3,1,2,-1,1,-1,2,2,2,1,2,-3,-3,-3,51,NA,51,1,1,0,1,1
NA,NA,85,1.13406021178361,-6,NA,4,4881,407272,NA,6,-1,-6,-3,3,-1,NA,1,-6,NA,1,-1,-1,-1,-1,-1,-3,28,NA,28,2,0,2,2,NA
0.790243741556344,NA,40,0.695067882800736,15,-6,4,4472,406259,3,3,-1,-1,-3,-1,-1,-1,5,-1,1,1,-1,-1,-1,-1,-1,-3,17,NA,17,1,0,1,1,1
NA,NA,0,0.312602001264108,-6,NA,99,5046,407698,NA,99,3,-6,-3,1,-1,NA,1,-6,NA,1,-1,-1,-1,-1,-1,-3,26,NA,26,2,0,2,2,NA
0.830103324150207,1.00156240522873,15,0.897072667053608,0,0,2,4254,405677,4,3,-1,-1,-3,-1,-1,-1,5,-1,2,2,-1,-1,-1,-1,-1,-3,45,NA,45,1,0,1,1,1
0.649785908666452,0.622572983539693,85,0.733871505703262,90,90,6,2015,400041,6,6,-1,-1,-3,3,-1,-1,1,-1,1,1,-1,-1,-1,-1,-1,-3,5,NA,5,1,0,1,1,1
0.718230338473684,0.672906087574659,0,0.912503113396197,0,15,2,4768,406987,2,2,-1,-1,-3,1,-1,-1,1,-1,1,1,-1,-1,-1,-1,-1,-3,37,NA,41,1,0,1,1,1
NA,NA,60,1.57482841804819,-6,NA,6,866,302089,NA,6,-1,-6,-3,3,1,NA,1,-6,NA,1,2,1,2,-3,-3,-3,5,NA,5,1,1,0,1,NA
NA,NA,0,1.39159070800919,-7,NA,4,3777,404519,NA,99,1,-7,-3,-1,-1,NA,5,-7,NA,2,-1,-1,-1,-1,-1,-3,26,NA,26,1,0,1,1,NA
0.58528914965167,NA,60,2.01349410602983,0,-6,4,4828,407154,4,3,-1,-1,-3,1,-1,-1,1,-1,3,3,-1,-1,-1,-1,-1,-3,12,NA,12,2,0,2,2,2
NA,NA,0,0.353596822017538,-6,NA,2,242,300610,NA,2,-1,-6,-3,1,1,NA,1,-6,NA,3,1,2,2,-3,-3,-3,48,NA,48,2,2,0,2,NA
NA,NA,0,3.44704081716357,0,NA,2,3074,402725,NA,99,1,-1,-3,1,-1,NA,1,-1,NA,3,-1,-1,-1,-1,-1,-3,6,NA,6,1,0,1,1,NA
0.238998637292147,0.239400525730981,70,0.403653423824792,70,70,6,2661,401637,6,6,-1,-1,-3,3,-1,-1,1,-1,1,1,-1,-1,-1,-1,-1,-3,51,NA,51,1,0,1,1,1
0.223295060286406,0.229609514627965,85,0.404559562850864,70,85,6,668,301618,6,6,-1,-1,-3,3,2,-1,1,-1,1,1,2,1,2,-3,-3,-3,20,NA,20,2,2,0,2,2
0.914785121264326,0.938527223478234,60,1.28401040308818,85,85,6,2027,400076,6,6,-1,-1,-3,3,-1,-1,1,-1,1,1,-1,-1,-1,-1,-1,-3,37,NA,37,2,0,2,2,2
1.58523486654108,1.47436548955973,85,1.59807949251845,0,85,99,39,300093,99,4,1,-1,-3,-1,2,-1,5,-1,3,3,2,1,2,-3,-3,-3,25,NA,25,3,3,0,3,3
0.581582138446331,0.582522423036798,71,0.631832163800984,100,100,6,5044,407696,6,6,-1,-1,-3,-1,-1,-1,5,-1,1,1,-1,-1,-1,-1,-1,-3,17,NA,17,2,0,2,2,2
0.389839070924116,0.390709726958442,0,0.507378778162843,50,100,5,412,301045,7,99,3,-1,-3,-1,2,-1,5,-1,1,1,2,1,2,-3,-3,-3,8,NA,8,2,2,0,2,2
NA,NA,0,1.39418735082462,60,NA,4,1149,302806,NA,3,-1,-1,-3,-1,2,NA,5,-1,NA,1,2,1,2,-3,-3,-3,48,NA,48,1,1,0,1,NA
1.19623444492032,1.20191833224945,100,0.96533468652557,70,100,7,2091,400245,7,7,-1,-1,-3,3,-1,-1,1,-1,4,4,-1,-1,-1,-1,-1,-3,48,NA,48,1,0,1,1,1
1.83153499958952,2.11260133821342,90,1.27503746138439,70,70,6,3542,403911,6,6,-1,-1,-3,3,-1,-1,1,-1,1,1,-1,-1,-1,-1,-1,-3,1,NA,1,1,0,1,1,1
0.376063440011532,0.323477087405076,0,0.441451754248718,0,0,99,5048,407703,4,4,3,-1,-3,-1,-1,-1,5,-1,2,2,-1,-1,-1,-1,-1,-3,42,NA,42,1,0,1,1,1
2.35463314993597,2.45717570308138,0,1.49378862671267,0,0,5,4227,405612,3,3,-1,-1,-3,1,-1,-1,1,-1,6,6,-1,-1,-1,-1,-1,-3,34,NA,34,2,0,2,2,2
1.20772870501971,NA,40,2.50495361406022,60,-7,99,4282,405759,99,7,-1,-1,-3,7,-1,-1,1,-1,2,2,-1,-1,-1,-1,-1,-3,13,NA,13,1,0,1,1,1
NA,NA,85,0.695385655544951,15,NA,4,2682,401700,NA,4,3,-1,-3,-1,-1,NA,5,-1,NA,3,-1,-1,-1,-1,-1,-3,12,NA,12,2,0,2,2,NA
2.02449143761673,1.94842775158449,30,1.43122978754071,15,10,4,4878,407268,3,3,-1,-1,-3,1,-1,-1,1,-1,4,4,-1,-1,-1,-1,-1,-3,6,NA,6,2,0,2,2,2
0.77518361837451,0.788000968915851,60,0.697030696750613,40,40,5,3007,402565,5,5,-1,-1,-3,3,-1,-1,1,-1,4,4,-1,-1,-1,-1,-1,-3,36,NA,36,1,0,1,1,1
1.23055996283882,1.31430311987679,100,1.15500073121335,100,100,99,4932,407412,6,4,3,-1,-3,3,-1,-1,1,-1,1,1,-1,-1,-1,-1,-1,-3,29,NA,29,2,0,2,2,2
2.00776641366087,1.98573918613628,15,1.05679246199107,0,0,3,2040,400109,3,4,3,-1,-3,-1,-1,-1,5,-1,4,4,-1,-1,-1,-1,-1,-3,6,NA,6,1,0,1,1,1
1.06589027373938,NA,100,1.29605975739536,100,-7,7,2187,400494,7,7,-1,-1,-3,3,-1,-1,1,-1,1,1,-1,-1,-1,-1,-1,-3,12,NA,55,2,0,2,2,2
NA,NA,85,2.80339607958621,100,NA,7,972,302369,NA,99,-8,-1,-3,-1,2,NA,5,-1,NA,1,2,2,2,-3,-3,-3,39,NA,39,2,2,0,2,NA
0.905138155818712,0.869939981052331,40,0.589093518087913,40,30,6,3552,403931,5,5,-1,-1,-3,1,-1,-1,1,-1,3,3,-1,-1,-1,-1,-1,-3,4,NA,4,1,0,1,1,1
NA,NA,0,0.662347307072185,-6,NA,3,2429,401083,NA,3,-1,-6,-3,1,-1,NA,1,-6,NA,6,-1,-1,-1,-1,-1,-3,39,NA,39,1,0,1,1,NA
3.59956865097073,3.70499770168014,2,1.01801824725709,0,-9,4,4380,406030,3,3,-1,-1,-3,1,-1,-1,1,-1,3,1,-1,-1,-1,-1,-1,-3,6,NA,6,2,0,2,2,2
0.561823883292843,0.535083291268329,60,0.997754956446077,80,85,6,45,300106,4,5,-1,-1,-3,-1,2,-1,5,-1,1,6,2,1,2,-3,-3,-3,20,NA,20,2,2,0,2,2
0.753701586587053,0.725645757328933,90,0.949068756893721,100,100,6,4857,407211,6,6,-1,-1,-3,-1,-1,-1,5,-1,1,1,-1,-1,-1,-1,-1,-3,42,NA,42,1,0,1,1,1
1.92010401386809,2.00050028278651,30,0.970847940999765,5,19,3,1047,302557,4,4,1,-1,-3,1,2,-1,1,-1,2,2,1,2,2,-3,-3,-3,24,NA,24,2,2,0,2,2
0.809936137159381,0.792857538782747,85,0.644770557594274,100,100,6,4816,407123,7,6,-1,-1,-3,3,-1,-1,1,-1,1,1,-1,-1,-1,-1,-1,-3,39,NA,39,1,0,1,1,1
0.397057635053407,0.392168566879222,0,0.35730492867417,15,10,2,4294,405789,2,2,-1,-1,-3,1,-1,-1,1,-1,1,1,-1,-1,-1,-1,-1,-3,6,NA,6,1,0,1,1,1
0.826647736053607,0.853647924418318,85,0.515594807932905,100,100,6,484,301201,6,99,2,-1,-3,3,2,-1,1,-1,1,1,2,1,2,-3,-3,-3,47,NA,47,1,1,0,1,1
1.118983731146,1.00020163898941,40,1.48400297985448,40,40,99,685,301656,4,4,2,-1,-3,1,2,-1,1,-1,1,1,2,1,2,-3,-3,-3,42,NA,42,1,1,0,1,1
NA,NA,0,0.612854226949238,0,NA,3,571,301393,NA,2,-1,-1,-3,1,1,NA,1,-1,NA,2,2,1,2,-3,-3,-3,17,NA,17,2,2,0,2,NA
1.01575689829722,1.07410298197432,50,1.31070778838099,8,85,99,3352,403414,4,4,2,-1,-3,-1,-1,-1,5,-1,1,1,-1,-1,-1,-1,-1,-3,31,NA,31,2,0,2,2,2
0.788658101448475,0.79840537713039506,100,1.04008373446366,100,100,7,2629,401576,6,7,-1,-1,-3,-1,-1,-1,5,-1,1,6,-1,-1,-1,-1,-1,-3,12,NA,12,2,0,2,2,2
NA,NA,60,0.440829258386624,100,NA,1,4438,406181,NA,99,2,-1,-3,3,-1,NA,1,-1,NA,1,-1,-1,-1,-1,-1,-3,18,NA,18,1,0,1,1,NA
0.348751273858439,0.358524509890656,0,0.718785504722094,15,15,2,4181,405495,2,3,-1,-1,-3,-1,-1,-1,5,-1,1,1,-1,-1,-1,-1,-1,-3,45,NA,45,1,0,1,1,1
0.864196684373642,0.841014381130657,30,0.960773140616612,15,15,4,3210,403053,4,4,1,-1,-3,-1,-1,-1,5,-1,1,1,-1,-1,-1,-1,-1,-3,51,NA,51,1,0,1,1,1
NA,NA,0,0.60185682253128,0,NA,3,3150,402897,NA,3,-1,-1,-3,-1,-1,NA,5,-1,NA,1,-1,-1,-1,-1,-1,-3,27,NA,27,1,0,1,1,NA
0.500773935109191,0.474046987235793,61,0.984214811593405,85,85,99,4597,406600,99,4,3,2,-3,-1,-1,-1,5,-1,1,1,-1,-1,-1,-1,-1,-3,42,NA,42,2,0,2,2,2
0.692976431254006,0.683904934095957,70,1.34906849731376,-9,100,6,3813,404611,7,4,3,-1,-3,-1,-1,-1,5,-1,1,1,-1,-1,-1,-1,-1,-3,6,NA,6,1,0,1,1,1
0.60217045119615,0.576566083772753,0,0.398572377966123,0,0,2,3168,402947,2,2,-1,-1,-3,1,-1,-1,1,-1,1,1,-1,-1,-1,-1,-1,-3,25,NA,25,1,0,1,1,1
NA,NA,0,0.34714756053438,0,NA,1,2630,401579,NA,2,-1,-1,-3,-1,-1,NA,5,-1,NA,1,-1,-1,-1,-1,-1,-3,12,NA,12,1,0,1,1,NA
0.155310915174486,0.15299853298771,30,0.336483881642935,15,0,4,2073,400194,3,3,-1,-1,-3,1,-1,-1,1,-1,1,1,-1,-1,-1,-1,-1,-3,27,NA,27,2,0,2,2,2
NA,NA,70,0.62152539024044,85,NA,99,399,301011,NA,99,2,-1,-3,-1,2,NA,5,-1,NA,-9,2,1,2,-3,-3,-3,8,NA,8,2,2,0,2,NA
0.788119814451295,0.756362259415114,100,0.615720183772754,100,100,6,2247,400630,4,6,-1,-1,-3,-1,-1,-1,5,-1,1,1,-1,-1,-1,-1,-1,-3,48,NA,48,2,0,2,2,2
NA,NA,0,3.9300210013532,0,NA,99,3423,403599,NA,99,3,-1,-3,-1,-1,NA,5,-1,NA,2,-1,-1,-1,-1,-1,-3,13,NA,13,1,0,1,1,NA
0.243585045241698,0.252149591881804,72,0.380241132176093,85,100,7,2577,401439,6,6,-1,-1,-3,3,-1,-1,1,-1,1,1,-1,-1,-1,-1,-1,-3,41,NA,41,1,0,1,1,1
1.53190098152491,1.53957176460422,85,1.3541516466209,85,100,7,3711,404331,7,7,-1,-1,-3,3,-1,-1,1,-1,1,1,-1,-1,-1,-1,-1,-3,13,NA,13,1,0,1,1,1
1.36508618923086,1.63044723320044,40,0.631049478760078,85,60,6,366,300916,6,99,2,-1,-3,-1,2,-1,5,-1,1,1,2,1,2,-3,-3,-3,18,NA,18,2,2,0,2,2
1.41701742747848,1.421719192841,71,2.18022063809245,15,0,4,3677,404248,4,4,2,-1,-3,1,-1,-1,1,-1,1,1,-1,-1,-1,-1,-1,-3,42,NA,42,2,0,2,2,2
1.45826345449609,1.62211898781043,30,1.20562088195969,40,30,4,4487,406301,4,4,2,-1,-3,-1,-1,-1,5,-1,3,3,-1,-1,-1,-1,-1,-3,6,NA,6,1,0,1,1,1
0.650977742638454,0.644843313268319,61,1.48490566473673,60,85,6,2520,401306,6,5,-1,-1,-3,-1,-1,-1,5,-1,1,1,-1,-1,-1,-1,-1,-3,42,NA,42,2,0,2,2,2
0.531008015413924,0.543329689239469,4,0.474639929261926,0,0,4,4144,405404,3,99,2,-1,-3,-1,-1,-1,5,-1,1,1,-1,-1,-1,-1,-1,-3,54,NA,54,2,0,2,2,2
0.340207423464696,0.316248745054369,40,0.33285359108046,30,0,99,3792,404553,5,4,3,-1,-3,-1,-1,-1,5,-1,6,6,-1,-1,-1,-1,-1,-3,36,NA,36,1,0,1,1,1
0.328032873617449,0.322293469060909,69,0.547910979525083,60,55,6,4704,406841,5,6,-1,-1,-3,3,-1,-1,1,-1,1,1,-1,-1,-1,-1,-1,-3,24,NA,24,1,0,1,1,1
NA,NA,17,1.23001842623541,15,NA,6,3582,403991,NA,6,-1,-1,-3,-1,-1,NA,5,-1,NA,1,-1,-1,-1,-1,-1,-3,40,NA,40,1,0,1,1,NA
3.71152748007881,3.85954371771968,16,0.947409568168351,0,85,99,3528,403877,4,4,3,-1,-3,1,-1,-1,1,-1,2,2,-1,-1,-1,-1,-1,-3,12,NA,12,1,0,1,1,1
1.05013831188679,0.975621962915838,60,0.807329256125797,15,15,4,3681,404260,4,4,3,-1,-3,-1,-1,-1,5,-1,1,1,-1,-1,-1,-1,-1,-3,18,NA,18,2,0,2,2,2
1.70875041596496,1.68545567871676,61,1.02484322880417,70,30,6,3390,403505,5,6,-1,-1,-3,3,-1,-1,1,-1,1,1,-1,-1,-1,-1,-1,-3,51,NA,51,1,0,1,1,1
0.973822881184922,1.20011727125209,0,0.564147733428238,0,0,1,1136,302779,1,1,-1,-1,-3,1,2,-1,1,-1,3,3,2,1,2,-3,-3,-3,6,NA,6,1,1,0,1,1
0.593839621500794,NA,41,0.376125978131459,60,-6,7,2860,402174,4,2,-1,-1,-3,-1,-1,-1,5,-1,1,1,-1,-1,-1,-1,-1,-3,48,NA,48,2,0,2,2,2
NA,NA,50,0.723377558251669,80,NA,5,633,301536,NA,6,-1,-1,-3,3,1,NA,1,-1,NA,1,1,2,2,-3,-3,-3,9,NA,9,2,2,0,2,NA
1.42448718858348,1.44753777379122,85,3.18889666539239,0,85,99,187,300458,1,99,1,-1,-3,-1,2,-1,5,-1,2,2,1,2,2,-3,-3,-3,12,NA,12,2,2,0,2,2
NA,NA,100,2.28940946908361,-6,NA,4,2477,401200,NA,5,-1,-6,-3,7,-1,NA,1,-6,NA,1,-1,-1,-1,-1,-1,-3,48,NA,48,2,0,2,2,NA
0.181139489966742,0.180815580531514,85,0.445577647898632,85,100,6,2228,400583,6,6,-1,-1,-3,3,-1,-1,1,-1,1,1,-1,-1,-1,-1,-1,-3,12,NA,37,1,0,1,1,1
NA,NA,61,1.42657613413879,70,NA,6,3354,403418,NA,6,-1,-1,-3,-1,-1,NA,5,-1,NA,1,-1,-1,-1,-1,-1,-3,41,NA,41,2,0,2,2,NA
0.486501401455352,0.461984193899229,1,0.812650336976406,0,0,1,4525,406384,1,1,-1,-1,-3,7,-1,-1,1,-1,1,1,-1,-1,-1,-1,-1,-3,41,NA,41,2,0,2,2,2
0.451788420525587,0.422456326727028,50,0.766626078856976,65,80,4,3329,403379,5,4,3,-1,-3,-1,-1,-1,5,-1,1,1,-1,-1,-1,-1,-1,-3,9,NA,9,1,0,1,1,1
1.06797505678694,1.18502079546049,33,1.2259855613616,85,85,6,3327,403374,6,5,-1,-1,-3,-1,-1,-1,5,-1,1,1,-1,-1,-1,-1,-1,-3,26,NA,26,2,0,2,2,2
NA,NA,70,0.600229472847033,-7,NA,6,3166,402941,NA,6,-1,-7,-3,3,-1,NA,1,-7,NA,1,-1,-1,-1,-1,-1,-3,31,NA,31,1,0,1,1,NA
1.3974550384425,1.47922575872753,0,0.823788641978215,0,0,2,3055,402680,2,99,1,-1,-3,1,-1,-1,1,-1,1,1,-1,-1,-1,-1,-1,-3,8,NA,8,2,0,2,2,2
0.49570492002269,0.452116081712209,0,0.737925938156067,30,15,3,3689,404278,5,3,-1,-1,-3,-1,-1,-1,5,-1,1,1,-1,-1,-1,-1,-1,-3,8,NA,8,2,0,2,2,2
0.537900790113693,0.569808658299882,99,0.501230626849635,100,85,6,4179,405484,7,6,-1,-1,-3,3,-1,-1,1,-1,1,1,-1,-1,-1,-1,-1,-3,36,NA,36,2,0,2,2,2
0.928914719743451,0.929879137595913,15,0.574038800561552,0,30,3,2202,400530,4,3,-1,-1,-3,1,-1,-1,1,-1,1,1,-1,-1,-1,-1,-1,-3,17,NA,17,2,0,2,2,2
NA,NA,85,1.54226063372051,85,NA,6,2939,402373,NA,6,-1,-1,-3,3,-1,NA,1,-1,NA,1,-1,-1,-1,-1,-1,-3,4,NA,32,1,0,1,1,NA
NA,NA,1,0.273781556430358,0,NA,3,2780,401950,NA,2,-1,-1,-3,1,-1,NA,1,-1,NA,1,-1,-1,-1,-1,-1,-3,36,NA,36,2,0,2,2,NA
1.59021255926313,1.70129692922925,60,2.01743644993601,70,40,2,138,300303,3,99,2,-1,-3,3,2,-1,1,-1,1,1,2,1,2,-3,-3,-3,47,NA,47,1,1,0,1,1
0.45121015014755,0.426049856966911,40,0.578335141079056,85,100,3,3489,403762,3,3,-1,-1,-3,-1,-1,-1,5,-1,1,1,-1,-1,-1,-1,-1,-3,6,NA,6,2,0,2,2,2
1.62875809171178,1.71775100808513,85,0.921671914601274,85,100,6,1,300001,99,6,-1,-1,-3,-1,2,-1,5,-1,1,1,2,1,2,-3,-3,-3,22,NA,22,2,2,0,2,2
0.368333731567529,0.346096389536465,60,0.548988352593107,90,90,6,2506,401270,6,6,-1,-1,-3,3,-1,-1,1,-1,1,1,-1,-1,-1,-1,-1,-3,36,NA,36,2,0,2,2,2
1.06245827110663,1.07376588312893,60,0.852136856868921,75,66,6,5057,407716,6,6,-1,-1,-3,-1,-1,-1,5,-1,1,1,-1,-1,-1,-1,-1,-3,6,NA,6,2,0,2,2,2
0.276874205685184,NA,50,0.54853771661938,85,-6,7,2716,401798,6,6,-1,-1,-3,3,-1,-1,1,-1,1,1,-1,-1,-1,-1,-1,-3,38,NA,38,2,0,2,2,2
1.15887061801576,1.20810256096044,60,1.60772343028523,100,85,6,79,300176,6,99,2,-1,-3,-1,2,-1,5,-1,1,1,2,1,2,-3,-3,-3,20,NA,20,2,2,0,2,2
0.361979771631914,0.360260374752184,0,0.488673127872499,0,0,2,2484,401219,1,2,-1,-1,-3,1,-1,-1,1,-1,1,1,-1,-1,-1,-1,-1,-3,6,NA,6,1,0,1,1,1
0.555893075220855,0.601688439792839,0,0.846941823970188,0,0,1,4128,405360,1,1,-1,-1,-3,1,-1,-1,1,-1,1,1,-1,-1,-1,-1,-1,-3,36,NA,36,2,0,2,2,2
NA,NA,2,0.535825292561135,0,NA,99,2733,401839,NA,99,3,-1,-3,-1,-1,NA,5,-1,NA,2,-1,-1,-1,-1,-1,-3,13,NA,13,1,0,1,1,NA
0.781339693666174,0.783193751691719,3,0.629661787735021,0,0,2,2751,401887,3,2,-1,-1,-3,1,-1,-1,1,-1,1,1,-1,-1,-1,-1,-1,-3,8,NA,8,1,0,1,1,1
NA,NA,0,0.328902472291446,0,NA,2,2565,401417,NA,3,-1,-1,-3,1,-1,NA,1,-1,NA,1,-1,-1,-1,-1,-1,-3,37,NA,37,1,0,1,1,NA
0.351946873773649,0.349182165733737,100,0.366609097204925,100,100,7,4986,407562,7,6,-1,-1,-3,3,-1,-1,1,-1,1,1,-1,-1,-1,-1,-1,-3,25,NA,25,2,0,2,2,2
NA,NA,0,0.570488247395128,100,NA,99,3195,403016,NA,99,3,-1,-3,-1,-1,NA,5,-1,NA,2,-1,-1,-1,-1,-1,-3,39,NA,39,2,0,2,2,NA
NA,NA,85,0.413997188620798,100,NA,7,3295,403287,NA,7,-1,-1,-3,-1,-1,NA,5,-1,NA,1,-1,-1,-1,-1,-1,-3,28,NA,28,1,0,1,1,NA
0.325598733814497,NA,87,0.853280217085216,100,-6,7,3839,404680,6,6,-1,-1,-3,3,-1,-1,1,-1,1,1,-1,-1,-1,-1,-1,-3,37,NA,37,2,0,2,2,2
2.68752329582042,2.36288133275838,0,1.53452492785848,0,0,2,3385,403499,2,2,-1,-1,-3,1,-1,-1,1,-1,3,3,-1,-1,-1,-1,-1,-3,13,NA,13,1,0,1,1,1
0.28205506854086,0.276649410439092,85,0.327775209291946,85,100,6,77,300172,6,6,-1,-1,-3,-1,2,-1,5,-1,1,1,2,2,1,-3,-3,-3,45,NA,45,2,2,0,2,2
0.84417826338383,0.962731372375923,15,0.66567255975084,15,0,2,3151,402899,4,5,-1,-1,-3,1,-1,-1,1,-1,1,1,-1,-1,-1,-1,-1,-3,39,NA,39,1,0,1,1,1
NA,NA,70,1.48706419341762,-6,NA,4,2585,401461,NA,6,-1,-6,-3,-1,-1,NA,5,-6,NA,1,-1,-1,-1,-1,-1,-3,27,NA,27,1,0,1,1,NA
0.734217815797842,0.718648634462426,15,1.23025251240986,0,0,3,2529,401335,3,3,-1,-1,-3,1,-1,-1,1,-1,1,1,-1,-1,-1,-1,-1,-3,45,NA,45,1,0,1,1,1
0.317599228219943,0.29907447655595,99,0.357786186291362,70,100,4,3320,403353,6,6,-1,-1,-3,3,-1,-1,1,-1,1,1,-1,-1,-1,-1,-1,-3,17,NA,17,1,0,1,1,1
1.35511125561727,1.2881143933059,2,0.828750842023156,0,0,3,3107,402795,3,3,-1,-1,-3,-1,-1,-1,5,-1,1,5,-1,-1,-1,-1,-1,-3,36,NA,36,1,0,1,1,1
0.332392443087664,0.301653403283498,0,0.357061871032216,0,0,4,3902,404819,3,4,3,-1,-3,-1,-1,-1,5,-1,1,1,-1,-1,-1,-1,-1,-3,51,NA,11,1,0,1,1,1
NA,NA,2,0.381963431410539,0,NA,2,2546,401377,NA,2,-1,-1,-3,1,-1,NA,1,-1,NA,4,-1,-1,-1,-1,-1,-3,6,NA,34,1,0,1,1,NA
0.671291167895099,0.661395702340631,87,0.716029758486696,95,70,6,2952,402411,6,6,-1,-1,-3,3,-1,-1,1,-1,1,1,-1,-1,-1,-1,-1,-3,55,NA,55,1,0,1,1,1
0.876115530875971,0.847908414271476,72,0.816869085040757,60,40,6,4656,406732,4,6,-1,-1,-3,3,-1,-1,1,-1,1,1,-1,-1,-1,-1,-1,-3,15,NA,15,2,0,2,2,2
NA,NA,2,0.731772233707708,5,NA,2,3003,402553,NA,2,-1,-1,-3,-1,-1,NA,5,-1,NA,1,-1,-1,-1,-1,-1,-3,17,NA,17,1,0,1,1,NA
0.792973342001019,0.80365452079251,85,0.797519692147471,70,60,99,2838,402124,99,4,3,-1,-3,-1,-1,-1,5,-1,1,1,-1,-1,-1,-1,-1,-3,21,NA,21,2,0,2,2,2
0.293120177109189,0.279336396078791,50,0.658048044096711,30,70,99,3334,403385,3,4,3,-1,-3,-1,-1,-1,5,-1,1,3,-1,-1,-1,-1,-1,-3,32,NA,32,1,0,1,1,1
NA,NA,60,0.52364811349706,85,NA,99,3292,403283,NA,4,2,-1,-3,-1,-1,NA,5,-1,NA,1,-1,-1,-1,-1,-1,-3,12,NA,12,1,0,1,1,NA
NA,NA,60,0.954754478877913,0,NA,6,2686,401709,NA,5,-1,-1,-3,3,-1,NA,1,-1,NA,1,-1,-1,-1,-1,-1,-3,41,NA,41,1,0,1,1,NA
1.26932075711115,1.26393733773448,70,1.41600183479087,70,15,5,4974,407539,4,4,3,-1,-3,-1,-1,-1,5,-1,1,5,-1,-1,-1,-1,-1,-3,48,NA,48,1,0,1,1,1
0.219809095880996,0.200492115208712,65,0.322724283482728,15,80,3,2236,400600,4,5,-1,-1,-3,-1,-1,-1,5,-1,1,1,-1,-1,-1,-1,-1,-3,39,NA,39,2,0,2,2,2
0.259654243545157,0.277533546669038,0,0.412495446912668,0,0,2,3086,402746,2,2,-1,-1,-3,1,-1,-1,1,-1,1,1,-1,-1,-1,-1,-1,-3,6,NA,6,2,0,2,2,2
NA,NA,30,0.814329351066792,90,NA,6,753,301821,NA,3,-1,-1,-3,-1,1,NA,5,-1,NA,3,2,1,2,-3,-3,-3,12,NA,12,1,1,0,1,NA
0.191667574167237,0.197105965743042,0,0.394907559538047,0,0,2,4545,406448,2,2,-1,-1,-3,1,-1,-1,1,-1,3,3,-1,-1,-1,-1,-1,-3,48,NA,48,2,0,2,2,2
NA,NA,70,1.45205839125754,-6,NA,5,2071,400189,NA,6,-1,-6,-3,-1,-1,NA,5,-6,NA,3,-1,-1,-1,-1,-1,-3,21,NA,21,1,0,1,1,NA
0.302735106287231,0.33139539548196,2,0.326022389263807,0,0,3,3831,404662,4,3,-1,-1,-3,1,-1,-1,1,-1,1,1,-1,-1,-1,-1,-1,-3,26,NA,26,2,0,2,2,2
0.778707366543789,0.735487646235308,15,0.810560275145332,0,0,5,3988,405013,4,4,2,-1,-3,3,-1,-1,1,-1,1,1,-1,-1,-1,-1,-1,-3,51,NA,51,1,0,1,1,1
0.251380936267814,0.257463392964902,85,0.597303273958995,70,100,6,717,301727,6,6,-1,-1,-3,3,2,-1,1,-1,1,1,2,2,2,-3,-3,-3,48,NA,48,1,1,0,1,1
NA,NA,0,0.461047475554965,0,NA,99,4446,406204,NA,99,3,-1,-3,1,-1,NA,1,-1,NA,3,-1,-1,-1,-1,-1,-3,13,NA,13,2,0,2,2,NA
NA,NA,0,1.31027313556292,0,NA,2,3206,403035,NA,2,-1,-1,-3,1,-1,NA,1,-1,NA,1,-1,-1,-1,-1,-1,-3,42,NA,42,1,0,1,1,NA
NA,NA,6,2.9815570145404102,60,NA,5,4682,406788,NA,5,-1,-1,-3,-1,-1,NA,5,-1,NA,3,-1,-1,-1,-1,-1,-3,48,NA,48,2,0,2,2,NA
1.81132014908404,1.63324127885432,30,0.423769971466943,30,0,4,2428,401082,99,4,3,-1,-3,-1,-1,-1,5,-1,-9,1,-1,-1,-1,-1,-1,-3,8,NA,8,2,0,2,2,2
1.42929427570882,1.5384197993596,100,1.44620874970179,100,85,99,4572,406528,4,4,3,-1,-3,3,-1,-1,1,-1,1,1,-1,-1,-1,-1,-1,-3,42,NA,42,2,0,2,2,2
NA,NA,60,0.684946494519448,30,NA,4,2072,400191,NA,5,-1,-1,-3,-1,-1,NA,5,-1,NA,1,-1,-1,-1,-1,-1,-3,55,NA,55,1,0,1,1,NA
1.99266225797925,1.85536282518419,0,1.66955191770071,0,50,4,2872,402206,99,4,3,-1,-3,-1,-1,-1,5,-1,3,3,-1,-1,-1,-1,-1,-3,48,NA,48,2,0,2,2,2
1.05186172184746,NA,20,0.571754335724024,100,-6,6,4457,406235,5,5,-1,-1,-3,3,-1,-1,1,-1,3,1,-1,-1,-1,-1,-1,-3,37,NA,37,1,0,1,1,1
0.595354175013864,0.612042552287206,2,0.807893645527035,0,0,4,3130,402850,2,2,-1,-1,-3,1,-1,-1,1,-1,1,1,-1,-1,-1,-1,-1,-3,27,NA,27,2,0,2,2,2
0.218476612816519,0.208028738465741,0,0.418905330253356,0,0,4,4143,405400,2,2,-1,-1,-3,7,-1,-1,1,-1,1,1,-1,-1,-1,-1,-1,-3,41,NA,41,2,0,2,2,2
0.628963417181362,0.606489877327253,100,0.777915752556247,0,0,99,4946,407451,4,99,3,-1,-3,-1,-1,-1,5,-1,1,1,-1,-1,-1,-1,-1,-3,24,NA,24,1,0,1,1,1
0.315901221396445,0.310688400837019,60,0.558261475298431,60,85,6,5005,407609,6,6,-1,-1,-3,3,-1,-1,1,-1,1,1,-1,-1,-1,-1,-1,-3,39,NA,39,1,0,1,1,1
0.418244181462053,0.388362409081384,55,0.734761814223238,75,85,6,3809,404604,5,6,-1,-1,-3,3,-1,-1,1,-1,1,1,-1,-1,-1,-1,-1,-3,36,NA,36,2,0,2,2,2
NA,NA,85,0.450583207599777,100,NA,6,435,301101,NA,6,-1,-1,-3,3,2,NA,1,-1,NA,6,2,1,2,-3,-3,-3,35,NA,35,2,2,0,2,NA
NA,NA,0,1.27901325150743,0,NA,2,4516,406370,NA,2,-1,-1,-3,1,-1,NA,1,-1,NA,1,-1,-1,-1,-1,-1,-3,36,NA,36,2,0,2,2,NA
0.469484014128519,0.482763908675762,85,0.838228024494056,85,100,6,698,301686,6,6,-1,-1,-3,3,1,-1,1,-1,1,1,2,1,2,-3,-3,-3,27,NA,27,2,2,0,2,2
0.56227307796663,0.584522751747461,70,0.694538532550795,95,100,6,2188,400496,6,5,-1,-1,-3,3,-1,-1,1,-1,1,1,-1,-1,-1,-1,-1,-3,19,NA,31,2,0,2,2,2
0.338397888184403,0.3647944445093,0,0.360761739158076,0,0,99,4739,406930,99,99,3,-1,-3,-1,-1,-1,5,-1,1,1,-1,-1,-1,-1,-1,-3,42,NA,42,2,0,2,2,2
0.978387410078947,0.917718033505313,69,0.961607272378663,60,-9,99,2969,402457,4,4,1,-1,-3,-1,-1,-1,5,-1,1,1,-1,-1,-1,-1,-1,-3,36,NA,36,1,0,1,1,1
3.67941813082068,3.77412502547232,15,3.42183372274331,15,0,2,944,302269,2,2,-1,-1,-3,1,2,-1,1,-1,1,1,2,2,2,-3,-3,-3,36,NA,36,1,1,0,1,1
NA,NA,0,1.94524789497247,-6,NA,4,83,300181,NA,99,1,-6,-3,1,2,NA,1,-6,NA,1,2,2,1,-3,-3,-3,18,NA,18,2,2,0,2,NA
NA,NA,16,0.647659634897544,-7,NA,4,3738,404399,NA,4,3,-7,-3,-1,-1,NA,5,-7,NA,1,-1,-1,-1,-1,-1,-3,49,NA,6,1,0,1,1,NA
NA,NA,70,0.762724290361534,100,NA,6,2825,402069,NA,99,2,-1,-3,3,-1,NA,1,-1,NA,1,-1,-1,-1,-1,-1,-3,6,NA,6,1,0,1,1,NA
1.86762484536014,1.87229032367747,15,1.66237380901818,0,0,99,952,302299,4,99,1,-1,-3,-1,1,-1,5,-1,1,1,2,2,2,-3,-3,-3,17,NA,17,1,1,0,1,1
0.726909111731028,0.707807293911336,0,1.20394670416702,0,0,2,232,300583,2,2,-1,-1,-3,1,2,-1,1,-1,1,1,2,1,2,-3,-3,-3,16,NA,16,2,2,0,2,2
0.89382139102287,0.992280430845024,85,0.677049097448974,100,100,6,125,300267,6,6,-1,-1,-3,3,2,-1,1,-1,1,1,2,1,2,-3,-3,-3,16,NA,16,2,2,0,2,2
0.294226734961491,0.273999918017188,70,0.688458665642783,85,100,4,865,302083,5,5,-1,-1,-3,3,2,-1,1,-1,-9,5,1,2,2,-3,-3,-3,48,NA,48,1,1,0,1,1
0.905738605931516,0.932686865807307,0,0.752366729693851,1,0,4,2845,402146,2,2,-1,-1,-3,1,-1,-1,1,-1,1,1,-1,-1,-1,-1,-1,-3,28,NA,28,2,0,2,2,2
0.179061106733409,0.164918680365113,40,0.323200479304517,40,40,99,2395,401010,4,99,1,-1,-3,-1,-1,-1,5,-1,2,2,-1,-1,-1,-1,-1,-3,17,NA,19,2,0,2,2,2
NA,NA,1,0.344558890224585,-7,NA,4,5073,407762,NA,4,3,-7,-3,-1,-1,NA,5,-7,NA,4,-1,-1,-1,-1,-1,-3,6,NA,6,2,0,2,2,NA
0.920100041875607,0.905363785951822,70,0.84559460680638,50,0,99,3467,403709,99,99,3,-1,-3,-1,-1,-1,5,-1,1,1,-1,-1,-1,-1,-1,-3,17,NA,17,1,0,1,1,1
0.312301586566007,0.322864168230692,71,0.399281898451713,85,85,99,3546,403919,6,99,2,-1,-3,3,-1,-1,1,-1,1,1,-1,-1,-1,-1,-1,-3,48,NA,48,1,0,1,1,1
0.884435878209909,0.814030845707533,1,0.75545359897674,0,0,3,4596,406596,3,4,3,-1,-3,-1,-1,-1,5,-1,1,1,-1,-1,-1,-1,-1,-3,36,NA,39,2,0,2,2,2
2.05975079153501,1.84238952987223,0,4.21484929776509,0,0,1,3192,403006,1,1,-1,-1,-3,1,-1,-1,1,-1,1,1,-1,-1,-1,-1,-1,-3,25,NA,25,2,0,2,2,2
1.6196619634826,1.84600520933297,0,0.849225425473492,30,0,4,3272,403220,2,99,2,-1,-3,1,-1,-1,1,-1,4,2,-1,-1,-1,-1,-1,-3,26,NA,26,2,0,2,2,2
NA,NA,10,0.337152061382092,0,NA,2,3240,403136,NA,3,-1,-1,-3,-1,-1,NA,5,-1,NA,1,-1,-1,-1,-1,-1,-3,22,NA,22,2,0,2,2,NA
0.338186828917964,0.329711735098516,2,0.700167341134649,0,0,2,4724,406888,2,2,-1,-1,-3,1,-1,-1,1,-1,1,1,-1,-1,-1,-1,-1,-3,6,NA,6,2,0,2,2,2
1.17746976203477,1.22613306601965,0,1.46461155967446,0,0,3,3485,403752,3,3,-1,-1,-3,1,-1,-1,1,-1,2,2,-1,-1,-1,-1,-1,-3,1,NA,1,2,0,2,2,2
NA,NA,0,0.711356876880164,0,NA,1,1051,302564,NA,1,-1,-1,-3,-1,2,NA,5,-1,NA,1,2,1,2,-3,-3,-3,28,NA,28,1,1,0,1,NA
1.93739774943246,2.03480279491125,100,2.54769255499905,100,100,6,2978,402496,5,6,-1,-1,-3,3,-1,-1,1,-1,3,3,-1,-1,-1,-1,-1,-3,9,NA,9,2,0,2,2,2
1.4179975945294,1.59395009978826,0,0.901296265566158,0,0,99,386,300973,4,99,2,-1,-3,1,2,-1,1,-1,2,2,2,1,2,-3,-3,-3,45,NA,45,2,2,0,2,2
NA,NA,30,0.935140171563736,0,NA,99,3104,402788,NA,4,3,-1,-3,1,-1,NA,1,-1,NA,2,-1,-1,-1,-1,-1,-3,6,NA,6,2,0,2,2,NA
0.459383393713687,0.462788639002231,0,0.418841503640813,0,15,2,3367,403457,2,2,-1,-1,-3,1,-1,-1,1,-1,1,1,-1,-1,-1,-1,-1,-3,16,NA,16,1,0,1,1,1
1.71964492571685,1.67872754724849,85,1.25103502101946,85,100,6,2959,402432,6,6,-1,-1,-3,3,-1,-1,1,-1,3,3,-1,-1,-1,-1,-1,-3,49,NA,49,2,0,2,2,2
0.772940157567037,0.771152928122618,30,1.26794001899137,0,0,3,212,300543,2,4,2,-1,-3,7,2,-1,1,-1,1,1,2,1,2,-3,-3,-3,13,NA,13,1,1,0,1,1
0.456217244658414,0.532489588301561,70,0.493758970336851,85,100,5,3401,403528,2,2,-1,-1,-3,-1,-1,-1,5,-1,1,1,-1,-1,-1,-1,-1,-3,38,NA,53,2,0,2,2,2
0.879458757730976,0.902293277435634,2,0.740865044648968,0,0,1,3379,403481,2,1,-1,-1,-3,1,-1,-1,1,-1,1,1,-1,-1,-1,-1,-1,-3,9,NA,9,1,0,1,1,1
NA,NA,16,0.411773695108234,0,NA,2,4467,406252,NA,3,-1,-1,-3,-1,-1,NA,5,-1,NA,1,-1,-1,-1,-1,-1,-3,17,NA,17,2,0,2,2,NA
1.37764767931682,1.4254131038359,50,1.86398853693159,0,80,4,3300,403298,4,4,3,-1,-3,1,-1,-1,1,-1,1,1,-1,-1,-1,-1,-1,-3,51,NA,51,2,0,2,2,2
1.57839911618269,1.5406808945359,32,1.71468631032728,85,100,5,3796,404562,6,5,-1,-1,-3,-1,-1,-1,5,-1,1,6,-1,-1,-1,-1,-1,-3,8,NA,8,2,0,2,2,2
1.6426344289882,1.64449257185351,70,1.52925945663896,70,70,6,1157,302830,4,2,-1,-1,-3,1,1,-1,1,-1,3,3,1,2,2,-3,-3,-3,38,NA,48,1,1,0,1,1
0.869192449227807,0.958047716264978,15,1.14583494627622,0,0,1,4790,407042,2,1,-1,-1,-3,1,-1,-1,1,-1,1,1,-1,-1,-1,-1,-1,-3,26,NA,26,2,0,2,2,2
NA,NA,100,0.958009334070499,-6,NA,7,5009,407617,NA,7,-1,-6,-3,3,-1,NA,1,-6,NA,1,-1,-1,-1,-1,-1,-3,42,NA,42,1,0,1,1,NA
NA,NA,0,3.72655522230069,-7,NA,3,2980,402508,NA,2,-1,-7,-3,-1,-1,NA,5,-7,NA,1,-1,-1,-1,-1,-1,-3,6,NA,6,2,0,2,2,NA
0.623031804280861,0.591645861564618,100,0.724808456045637,100,100,7,3108,402796,7,6,-1,-1,-3,3,-1,-1,1,-1,1,1,-1,-1,-1,-1,-1,-3,22,NA,22,2,0,2,2,2
1.17313242751691,1.2914247581482,100,0.999109611265695,70,100,6,715,301721,6,99,2,-1,-3,-1,2,-1,5,-1,1,2,2,1,2,-3,-3,-3,47,NA,47,1,1,0,1,1
0.228419580388476,0.224665066076999,0,0.42647698672001,0,0,2,904,302171,4,1,-1,-1,-3,1,2,-1,1,-1,1,1,1,2,2,-3,-3,-3,6,NA,6,2,2,0,2,2
4.15374622617002,4.20848338723901,15,2.61173875857317,0,40,5,4822,407137,99,99,3,-1,-3,1,-1,-1,1,-1,3,3,-1,-1,-1,-1,-1,-3,25,NA,25,1,0,1,1,1
NA,NA,70,0.728492726730928,100,NA,6,2463,401163,NA,99,3,-1,-3,3,-1,NA,1,-1,NA,1,-1,-1,-1,-1,-1,-3,12,NA,12,1,0,1,1,NA
0.795612299604691,0.741872028708347,16,0.716748149928931,15,30,4,3090,402758,4,4,3,-1,-3,1,-1,-1,1,-1,1,1,-1,-1,-1,-1,-1,-3,31,NA,31,2,0,2,2,2
2.85890418522136,2.71924794591957,70,2.57182467454423,80,80,7,4349,405941,6,6,-1,-1,-3,3,-1,-1,1,-1,1,1,-1,-1,-1,-1,-1,-3,4,NA,4,1,0,1,1,1
NA,NA,100,2.56633151646896,100,NA,6,4795,407071,NA,7,-1,-1,-3,3,-1,NA,1,-1,NA,1,-1,-1,-1,-1,-1,-3,51,NA,51,1,0,1,1,NA
0.330013743807839,0.317089657603232,30,0.624884776284168,30,60,5,3837,404671,6,4,3,-1,-3,-1,-1,-1,5,-1,1,1,-1,-1,-1,-1,-1,-3,47,NA,47,1,0,1,1,1
0.622256874750099,0.629302735629727,0,0.89081264104828,0,0,2,2487,401227,2,2,-1,-1,-3,1,-1,-1,1,-1,1,1,-1,-1,-1,-1,-1,-3,12,NA,12,1,0,1,1,1
NA,NA,70,0.863402810763654,-6,NA,5,3360,403430,NA,4,1,-6,-3,-1,-1,NA,5,-6,NA,1,-1,-1,-1,-1,-1,-3,47,NA,47,2,0,2,2,NA
0.385077478297411,0.385933460912203,86,0.414196818064219,100,100,99,4218,405596,6,5,-1,-1,-3,-1,-1,-1,5,-1,1,1,-1,-1,-1,-1,-1,-3,6,NA,6,2,0,2,2,2
2.31611673405357,2.3742771298472,100,1.93837265949536,60,100,4,3584,403994,99,3,-1,-1,-3,1,-1,-1,1,-1,1,1,-1,-1,-1,-1,-1,-3,26,NA,26,2,0,2,2,2
0.351978550792164,0.342239525070155,100,0.583353937829999,40,70,4,3342,403399,6,6,-1,-1,-3,-1,-1,-1,5,-1,1,1,-1,-1,-1,-1,-1,-3,27,NA,27,1,0,1,1,1
0.924346296222984,0.907880435393116,100,1.27749985594008,100,100,6,4157,405434,6,6,-1,-1,-3,3,-1,-1,1,-1,1,1,-1,-1,-1,-1,-1,-3,26,NA,26,2,0,2,2,2
0.47694189260076,0.469472107328106,100,1.12772169534832,85,100,6,2251,400649,6,6,-1,-1,-3,-1,-1,-1,5,-1,3,3,-1,-1,-1,-1,-1,-3,32,NA,32,1,0,1,1,1
0.618275307865494,0.582212888563091,100,0.719345596871214,100,100,6,3004,402560,6,7,-1,-1,-3,3,-1,-1,1,-1,1,1,-1,-1,-1,-1,-1,-3,17,NA,17,2,0,2,2,2
1.85684688836587,1.70984063556598,32,1.26783229683963,15,15,2,4209,405576,2,2,-1,-1,-3,1,-1,-1,1,-1,3,3,-1,-1,-1,-1,-1,-3,36,NA,36,2,0,2,2,2
0.818931645720987,0.942654013085747,50,1.08915532705028,0,0,4,4306,405823,4,4,1,-1,-3,1,-1,-1,1,-1,1,1,-1,-1,-1,-1,-1,-3,26,NA,26,1,0,1,1,1
1.0154776280948,1.00498697161578,87,0.803477960018464,100,70,7,3392,403510,7,7,-1,-1,-3,3,-1,-1,1,-1,1,1,-1,-1,-1,-1,-1,-3,47,NA,47,2,0,2,2,2
1.12947829704235,1.11342015944723,85,2.0572360976603,90,100,6,3169,402948,6,6,-1,-1,-3,3,-1,-1,1,-1,1,1,-1,-1,-1,-1,-1,-3,1,NA,1,2,0,2,2,2
0.59209357002033,0.544816487421924,0,0.745864262306722,0,0,2,3555,403937,2,3,-1,-1,-3,-1,-1,-1,5,-1,3,3,-1,-1,-1,-1,-1,-3,35,NA,17,1,0,1,1,1
0.465107491041917,0.446405590681307,7,0.685810777485101,30,0,4,4905,407342,3,3,-1,-1,-3,-1,-1,-1,5,-1,1,1,-1,-1,-1,-1,-1,-3,17,NA,17,2,0,2,2,2
1.95638325621664,2.29546167562034,71,1.43831376294423,0,15,2,3922,404871,6,2,-1,-1,-3,1,-1,-1,1,-1,6,6,-1,-1,-1,-1,-1,-3,53,NA,53,1,0,1,1,1
0.710605766358162,0.71119690593242,0,0.595066525020267,70,50,99,4641,406698,3,99,3,-1,-3,-1,-1,-1,5,-1,2,2,-1,-1,-1,-1,-1,-3,18,NA,18,2,0,2,2,2
0.458076790639004,0.432809777699473,31,0.499601108944988,0,0,5,4614,406637,5,4,2,-1,-3,1,-1,-1,1,-1,1,1,-1,-1,-1,-1,-1,-3,39,NA,39,1,0,1,1,1
3.13520949987905,2.59421259986117,3,2.10836907569687,60,70,4,3435,403625,5,4,3,-1,-3,-1,-1,-1,5,-1,3,3,-1,-1,-1,-1,-1,-3,6,NA,6,1,0,1,1,1
0.958296681447381,0.868360878757313,40,1.37327525511262,0,0,99,3250,403164,99,4,3,-1,-3,-1,-1,-1,5,-1,1,1,-1,-1,-1,-1,-1,-3,21,NA,21,2,0,2,2,2
2.87220309044987,2.65247217536523,32,2.50332113083921,0,40,4,3233,403121,99,2,-1,-1,-3,-1,-1,-1,5,-1,1,1,-1,-1,-1,-1,-1,-3,17,NA,17,1,0,1,1,1
0.540359610461724,0.476526920270205,50,0.961476711928175,0,0,4,658,301601,4,4,1,-1,-3,-1,1,-1,5,-1,2,2,2,1,2,-3,-3,-3,50,NA,26,1,1,0,1,1
NA,NA,61,0.548877399960269,40,NA,6,3268,403214,NA,6,-1,-1,-3,3,-1,NA,1,-1,NA,1,-1,-1,-1,-1,-1,-3,17,NA,17,2,0,2,2,NA
1.22892137130804,1.43883780211208,1,1.55072953449348,0,0,4,4352,405958,4,3,-1,-1,-3,1,-1,-1,1,-1,1,1,-1,-1,-1,-1,-1,-3,12,NA,12,2,0,2,2,2
0.558012016424421,0.558376199076179,0,0.896063923580999,0,0,2,4121,405341,2,3,-1,-1,-3,1,-1,-1,1,-1,1,1,-1,-1,-1,-1,-1,-3,55,NA,55,1,0,1,1,1
1.02010305057944,1.21943849159217,85,1.17706367644359,100,100,7,4673,406768,6,6,-1,-1,-3,3,-1,-1,1,-1,1,1,-1,-1,-1,-1,-1,-3,37,NA,37,2,0,2,2,2
1.91423539645937,1.85229679720786,60,1.07526922814431,100,100,4,2,300002,5,5,-1,-1,-3,-1,1,-1,5,-1,6,6,2,1,2,-3,-3,-3,5,NA,5,1,1,0,1,1
0.318267555922827,0.339396460001997,85,0.518434115004836,100,100,7,282,300705,6,6,-1,-1,-3,3,2,-1,1,-1,1,1,2,1,2,-3,-3,-3,29,NA,17,1,1,0,1,1
0.924322054722114,0.898022570284552,30,1.78899040913067,0,15,99,4274,405730,3,3,-1,-1,-3,1,-1,-1,1,-1,2,2,-1,-1,-1,-1,-1,-3,1,NA,1,2,0,2,2,2
0.845150662869034,0.990921083546686,40,1.09407840300885,30,30,3,381,300953,5,99,2,-1,-3,1,1,-1,1,-1,2,2,2,2,1,-3,-3,-3,28,NA,28,1,1,0,1,1
0.548515820582587,0.561468969154901,100,0.485368131760099,100,85,7,611,301482,7,6,-1,-1,-3,3,2,-1,1,-1,1,1,2,1,2,-3,-3,-3,42,NA,42,2,2,0,2,2
0.259828896871642,0.256595850788453,100,0.463165410391963,100,100,7,2468,401178,7,6,-1,-1,-3,3,-1,-1,1,-1,1,1,-1,-1,-1,-1,-1,-3,1,NA,1,2,0,2,2,2
0.595734636199458,0.566378142092632,85,0.787267137837291,65,70,5,2518,401303,6,5,-1,-1,-3,3,-1,-1,1,-1,1,1,-1,-1,-1,-1,-1,-3,8,NA,8,1,0,1,1,1
NA,NA,100,0.622138317882722,-6,NA,7,2897,402270,NA,6,-1,-6,-3,3,-1,NA,1,-6,NA,1,-1,-1,-1,-1,-1,-3,22,NA,22,2,0,2,2,NA
NA,NA,100,1.48248952613692,100,NA,99,1176,302874,NA,6,-1,-1,-3,3,2,NA,1,-1,NA,1,2,1,2,-3,-3,-3,47,NA,47,1,1,0,1,NA
0.212659222902332,NA,0,0.410248079193961,0,-6,1,754,301828,1,1,-1,-1,-3,1,1,-1,1,-1,1,1,2,1,2,-3,-3,-3,5,NA,5,1,1,0,1,1
0.867930495737619,0.863098528931954,85,1.62483997899544,100,100,6,556,301366,6,6,-1,-1,-3,3,2,-1,1,-1,1,1,2,1,2,-3,-3,-3,53,NA,53,1,1,0,1,1
0.404171600113896,0.384993034474725,15,0.559164598488277,0,0,4,3351,403413,3,3,-1,-1,-3,1,-1,-1,1,-1,1,1,-1,-1,-1,-1,-1,-3,42,NA,42,1,0,1,1,1
NA,NA,70,0.719931747699787,85,NA,5,3767,404482,NA,5,-1,-1,-3,3,-1,NA,1,-1,NA,2,-1,-1,-1,-1,-1,-3,6,NA,6,2,0,2,2,NA
3.64894563550838,3.89283523947066,85,4.60211659173522,80,95,4,828,301988,7,4,2,-1,-3,-1,1,-1,5,-1,1,1,2,1,2,-3,-3,-3,12,NA,12,1,1,0,1,1
NA,NA,0,0.677375039781469,0,NA,99,4109,405313,NA,4,3,-1,-3,1,-1,NA,1,-1,NA,2,-1,-1,-1,-1,-1,-3,39,NA,39,1,0,1,1,NA
1.45488282940123,1.51151741603332,40,1.17232419944401,0,0,3,2816,402050,2,5,-1,-1,-3,3,-1,-1,1,-1,1,1,-1,-1,-1,-1,-1,-3,36,NA,36,2,0,2,2,2
NA,NA,16,0.327413430489368,-6,NA,5,3124,402836,NA,3,-1,-6,-3,-1,-1,NA,5,-6,NA,1,-1,-1,-1,-1,-1,-3,31,NA,20,2,0,2,2,NA
NA,NA,70,0.296525697611527,50,NA,6,2160,400406,NA,5,-1,-1,-3,3,-1,NA,1,-1,NA,1,-1,-1,-1,-1,-1,-3,48,NA,26,2,0,2,2,NA
0.365235686595427,0.368906107589349,1,0.488785051562846,0,0,3,4276,405735,3,4,3,-1,-3,-1,-1,-1,5,-1,1,1,-1,-1,-1,-1,-1,-3,12,NA,12,1,0,1,1,1
NA,NA,40,0.700045547078679,30,NA,4,2873,402209,NA,4,1,-1,-3,-1,-1,NA,5,-1,NA,1,-1,-1,-1,-1,-1,-3,42,NA,42,1,0,1,1,NA
NA,NA,50,1.69072387440707,70,NA,99,2921,402329,NA,99,3,-1,-3,-1,-1,NA,5,-1,NA,5,-1,-1,-1,-1,-1,-3,48,NA,48,1,0,1,1,NA
1.53202729893182,1.41808189046341,0,1.4535045670686,0,0,6,816,301968,6,6,-1,-1,-3,1,2,-1,1,-1,2,2,2,1,2,-3,-3,-3,48,NA,48,1,1,0,1,1
0.36121778523108,0.358997478648989,60,0.397309234091551,85,95,5,2829,402098,6,4,2,-1,-3,3,-1,-1,1,-1,1,1,-1,-1,-1,-1,-1,-3,12,NA,12,2,0,2,2,2
0.594358247866278,0.618813782082377,1,0.597948223594031,0,0,2,4338,405911,2,2,-1,-1,-3,-1,-1,-1,5,-1,1,1,-1,-1,-1,-1,-1,-3,6,NA,6,1,0,1,1,1
0.492279232202637,0.481417222813527,15,0.700734793849352,0,0,2,895,302148,2,3,-1,-1,-3,-1,2,-1,5,-1,1,1,2,1,2,-3,-3,-3,16,NA,16,2,2,0,2,2
NA,NA,85,0.834065324423471,100,NA,99,414,301049,NA,99,2,-1,-3,-1,2,NA,5,-1,NA,1,2,1,2,-3,-3,-3,4,NA,4,1,1,0,1,NA
NA,NA,0,1.47236966168988,0,NA,99,4872,407245,NA,4,3,-1,-3,-1,-1,NA,5,-1,NA,3,-1,-1,-1,-1,-1,-3,25,NA,25,1,0,1,1,NA
1.04556727939911,1.02173142460433,68,1.34316192508292,100,85,6,3145,402880,6,5,-1,-1,-3,-1,-1,-1,5,-1,1,1,-1,-1,-1,-1,-1,-3,27,NA,27,2,0,2,2,2
0.473462440583087,0.451832776315046,60,0.630169672306483,50,60,5,4224,405607,5,4,2,-1,-3,3,-1,-1,1,-1,1,1,-1,-1,-1,-1,-1,-3,27,NA,27,1,0,1,1,1
0.555802791187746,0.531280462208243,96,0.416869090396842,100,90,6,2068,400185,5,6,-1,-1,-3,3,-1,-1,1,-1,1,1,-1,-1,-1,-1,-1,-3,37,NA,37,1,0,1,1,1
NA,NA,40,0.71026535820436,-6,NA,3,553,301356,NA,4,1,-6,-3,1,2,NA,1,-6,NA,3,2,1,2,-3,-3,-3,25,NA,25,3,3,0,3,NA
1.84538636559873,1.91447144561669,70,1.28287467580684,80,70,99,3630,404105,99,99,2,-1,-3,-1,-1,-1,5,-1,1,1,-1,-1,-1,-1,-1,-3,46,NA,46,1,0,1,1,1
0.684655300747481,0.673421600076538,16,0.482924884281657,0,0,5,2638,401587,5,5,-1,-1,-3,-1,-1,-1,5,-1,1,1,-1,-1,-1,-1,-1,-3,9,NA,9,1,0,1,1,1
0.818694612677691,0.777917666632853,85,0.713567652003781,100,100,4,3129,402849,99,4,1,-1,-3,-1,-1,-1,5,-1,1,1,-1,-1,-1,-1,-1,-3,6,NA,6,1,0,1,1,1
0.614759866357074,0.56398457056808,30,0.53862050250947,40,40,2,1062,302585,4,4,1,-1,-3,1,2,-1,1,-1,3,3,2,1,2,-3,-3,-3,6,NA,6,1,1,0,1,1
NA,NA,85,1.33188063208761,-6,NA,6,473,301173,NA,99,-8,-6,-3,-1,2,NA,5,-6,NA,1,2,1,2,-3,-3,-3,53,NA,53,1,1,0,1,NA
1.0468108096781,1.00668319542569,100,0.868534901352823,0,0,3,2221,400565,4,5,-1,-1,-3,-1,-1,-1,5,-1,3,3,-1,-1,-1,-1,-1,-3,48,NA,48,1,0,1,1,1
0.841459663654536,0.8165456037074,17,1.41967756490129,30,85,6,4978,407547,6,6,-1,-1,-3,-1,-1,-1,5,-1,1,1,-1,-1,-1,-1,-1,-3,51,NA,51,1,0,1,1,1
NA,NA,1,1.34008187377597,-6,NA,2,4177,405478,NA,4,1,-6,-3,1,-1,NA,1,-6,NA,3,-1,-1,-1,-1,-1,-3,42,NA,42,2,0,2,2,NA
NA,NA,30,0.787045558051744,30,NA,3,787,301897,NA,4,1,-1,-3,-1,2,NA,5,-1,NA,1,2,1,2,-3,-3,-3,55,NA,55,1,1,0,1,NA
NA,NA,50,0.943018518316239,-6,NA,3,2587,401464,NA,4,3,-6,-3,-1,-1,NA,5,-6,NA,1,-1,-1,-1,-1,-1,-3,27,NA,27,2,0,2,2,NA
0.188779340072318,0.198790878699115,50,0.323996806076863,0,0,4,2839,402134,99,99,3,-1,-3,-1,-1,-1,5,-1,1,1,-1,-1,-1,-1,-1,-3,27,NA,27,2,0,2,2,2
0.374152545667428,0.368736399913743,1,0.628641904679322,0,0,3,4824,407141,3,1,-1,-1,-3,1,-1,-1,1,-1,1,1,-1,-1,-1,-1,-1,-3,55,NA,55,1,0,1,1,1
0.21640378611983,0.20259032947446,32,0.348667322173058,10,45,99,3174,402958,3,99,3,-1,-3,-1,-1,-1,5,-1,1,1,-1,-1,-1,-1,-1,-3,26,NA,26,2,0,2,2,2
2.82544797637414,3.00288083636453,100,1.52541342952466,100,50,7,2449,401134,5,6,-1,-1,-3,-1,-1,-1,5,-1,1,1,-1,-1,-1,-1,-1,-3,24,NA,24,2,0,2,2,2
0.937146175633008,0.882466448373492,70,1.90343914628608,85,60,6,1031,302506,6,5,-1,-1,-3,3,2,-1,1,-1,1,1,2,1,2,-3,-3,-3,20,NA,20,2,2,0,2,2
1.45727244020194,1.4091965646283,60,1.34810697793065,70,85,4,478,301189,6,5,-1,-1,-3,7,2,-1,1,-1,1,1,2,1,2,-3,-3,-3,37,NA,37,1,1,0,1,1
0.675077642120969,0.66344027206222,40,0.964318190041108,0,0,99,2673,401675,5,99,2,-1,-3,1,-1,-1,1,-1,1,1,-1,-1,-1,-1,-1,-3,34,NA,34,1,0,1,1,1
4.99999998289759,5.00000000943276,60,4.70804637951165,55,15,4,1140,302786,3,6,-1,-1,-3,3,2,-1,1,-1,1,1,2,1,2,-3,-3,-3,8,NA,8,1,1,0,1,1
NA,NA,0,0.337449420931224,-6,NA,2,4220,405599,NA,2,-1,-6,-3,1,-1,NA,1,-6,NA,1,-1,-1,-1,-1,-1,-3,49,NA,49,1,0,1,1,NA
1.46257128565236,1.42654520354116,11,1.00641525467862,5,15,4,2786,401973,5,3,-1,-1,-3,-1,-1,-1,5,-1,3,3,-1,-1,-1,-1,-1,-3,6,NA,6,1,0,1,1,1
NA,NA,70,1.40499608251136,30,NA,99,1030,302501,NA,99,-9,-1,-3,-1,2,NA,5,-1,NA,3,1,2,2,-3,-3,-3,24,NA,24,2,2,0,2,NA
0.100328842546257,0.1137105026364,85,0.165410269777456,100,60,4,121,300256,4,3,-1,-1,-3,-1,2,-1,5,-1,1,1,2,1,2,-3,-3,-3,20,NA,20,1,1,0,1,1
1.93255860102672,2.19414539663893,85,1.32689572590469,100,100,99,2738,401854,99,99,-9,-1,-3,-1,-1,-1,-9,-1,1,1,-1,-1,-1,-1,-1,-3,10,NA,10,2,0,2,2,2
1.54278227155499,1.36066242007788,60,1.75080379721775,85,40,5,2495,401244,4,4,3,-1,-3,1,-1,-1,1,-1,3,3,-1,-1,-1,-1,-1,-3,35,NA,35,2,0,2,2,2
4.99999998289759,5.00000000943276,15,2.95749557716154,0,0,2,821,301977,3,2,-1,-1,-3,-1,2,-1,5,-1,6,6,2,1,2,-3,-3,-3,4,NA,4,2,2,0,2,2
1.52207200781436,1.49892590820546,86,1.59359662694117,100,100,7,3058,402684,6,6,-1,-1,-3,3,-1,-1,1,-1,1,1,-1,-1,-1,-1,-1,-3,19,NA,19,2,0,2,2,2
NA,NA,0,0.437470332562651,-7,NA,1,2740,401858,NA,2,-1,-7,-3,1,-1,NA,1,-7,NA,2,-1,-1,-1,-1,-1,-3,37,NA,37,2,0,2,2,NA
1.8168008484741,1.70784584118494,72,1.83060886953668,100,70,4,4627,406660,99,4,2,-1,-3,-1,-1,-1,5,-1,1,1,-1,-1,-1,-1,-1,-3,37,NA,37,2,0,2,2,2
NA,NA,0,3.18929591937677,0,NA,99,598,301457,NA,2,-1,-1,-3,-1,1,NA,5,-1,NA,4,1,2,2,-3,-3,-3,6,NA,6,1,1,0,1,NA
NA,NA,85,0.550480731166276,100,NA,7,2472,401185,NA,6,-1,-1,-3,3,-1,NA,1,-1,NA,6,-1,-1,-1,-1,-1,-3,41,NA,41,1,0,1,1,NA
NA,NA,85,0.649696922531404,15,NA,4,2112,400290,NA,5,-1,-1,-3,-1,-1,NA,5,-1,NA,2,-1,-1,-1,-1,-1,-3,12,NA,12,2,0,2,2,NA
1.03620901975657,0.961873446606003,0,0.55985708148953806,0,0,5,4313,405840,5,4,3,-1,-3,1,-1,-1,1,-1,3,3,-1,-1,-1,-1,-1,-3,12,NA,12,2,0,2,2,2
0.474358908749807,0.465075477773586,86,0.35470012451106,100,100,6,5036,407677,6,5,-1,-1,-3,3,-1,-1,1,-5,1,1,-1,-1,-1,-1,-1,-3,12,NA,12,1,0,1,1,1
0.986592623437067,0.973636803105624,15,1.28908758412444,0,0,4,3553,403935,3,4,3,-1,-3,-1,-1,-1,5,-1,1,1,-1,-1,-1,-1,-1,-3,49,NA,49,1,0,1,1,1
0.432180036621222,0.403489029579809,30,0.52305208263946,0,0,5,3117,402823,5,3,-1,-1,-3,-1,-1,-1,5,-1,1,1,-1,-1,-1,-1,-1,-3,39,NA,39,1,0,1,1,1
1.78522043956258,1.72631723269515,40,1.78215509971341,60,70,6,192,300475,5,6,-1,-1,-3,-1,1,-1,5,-1,1,1,2,1,2,-3,-3,-3,27,NA,27,2,2,0,2,2
1.10004890854541,1.08646616413832,50,1.51090346302839,30,70,99,114,300245,4,99,2,-1,-3,-1,2,-1,5,-1,3,3,2,2,2,-3,-3,-3,48,NA,48,1,1,0,1,1
0.373168119991948,0.359236222665122,0,0.324203129938163,0,0,2,4686,406799,2,2,-1,-1,-3,-1,-1,-1,5,-1,1,1,-1,-1,-1,-1,-1,-3,17,NA,17,1,0,1,1,1
0.340842696065658,0.33306059096119,60,0.604667765809741,30,40,3,1134,302771,99,5,-1,-1,-3,-1,2,-1,5,-1,1,5,2,1,2,-3,-3,-3,29,NA,17,1,1,0,1,1
1.52742061946784,1.63504874667899,100,1.23191631015782,100,100,5,2637,401586,5,5,-1,-1,-3,3,-1,-1,1,-1,1,1,-1,-1,-1,-1,-1,-3,17,NA,17,2,0,2,2,2
3.70341888227818,3.85681128473785,0,3.25129934675255,-9,50,99,4530,406394,4,99,2,-1,-3,-1,-1,-1,5,-1,1,1,-1,-1,-1,-1,-1,-3,48,NA,48,2,0,2,2,2
2.04941209134844,NA,85,1.40332348751981,100,-6,4,4203,405557,6,99,2,2,-3,3,-1,-1,1,-1,1,1,-1,-1,-1,-1,-1,-3,22,NA,22,1,0,1,1,1
1.58844267300479,1.77586152331403,15,1.71122285739515,0,50,99,4979,407548,99,4,3,-1,-3,-1,-1,-1,5,-1,1,1,-1,-1,-1,-1,-1,-3,17,NA,17,2,0,2,2,2
0.769882968316625,0.820667197175609,0,1.17131814334421,0,0,2,4513,406361,2,2,-1,-1,-3,1,-1,-1,1,-1,1,1,-1,-1,-1,-1,-1,-3,12,NA,12,1,0,1,1,1
0.217932275599505,0.209066609847307,30,0.699103812676852,40,-9,4,341,300855,4,4,-8,-1,-3,7,2,-1,1,-1,3,3,1,2,2,-3,-3,-3,48,NA,48,1,1,0,1,1
NA,NA,0,0.573825375635808,0,NA,1,4906,407352,NA,1,-1,-1,-3,1,-1,NA,1,-1,NA,1,-1,-1,-1,-1,-1,-3,10,NA,10,2,0,2,2,NA
0.720715249443017,0.674112282837105,0,0.747351731114311,0,0,4,4217,405593,4,99,2,-1,-3,1,-1,-1,1,-1,1,1,-1,-1,-1,-1,-1,-3,16,NA,6,1,0,1,1,1
0.141415826938304,0.156442737599068,0,0.312991590168028,0,0,2,2527,401330,3,2,-1,-1,-3,-1,-1,-1,5,-1,2,2,-1,-1,-1,-1,-1,-3,39,NA,39,2,0,2,2,2
1.04833414290587,1.0539292333511,15,0.796015572600518,0,0,99,2557,401397,99,4,2,-1,-3,1,-1,-1,1,-1,1,1,-1,-1,-1,-1,-1,-3,17,NA,17,1,0,1,1,1
2.73308108577905,2.45868604038943,85,3.78493789268278,100,100,6,2666,401649,4,5,-1,-1,-3,3,-1,-1,1,-1,-9,1,-1,-1,-1,-1,-1,-3,51,NA,51,1,0,1,1,1
0.777755470842124,0.850469282117805,1,0.330780132935865,0,50,3,4536,406412,4,2,-1,-1,-3,1,-1,-1,1,-1,2,2,-1,-1,-1,-1,-1,-3,48,NA,17,2,0,2,2,2
0.426875658398785,0.450592945544971,0,0.543717897573396,0,0,4,4821,407136,2,3,-1,-1,-3,1,-1,-1,1,-1,2,2,-1,-1,-1,-1,-1,-3,28,NA,28,2,0,2,2,2
NA,NA,1,1.38359885092056,0,NA,2,3264,403195,NA,3,-1,-1,-3,-1,-1,NA,5,-1,NA,3,-1,-1,-1,-1,-1,-3,48,NA,48,1,0,1,1,NA
0.403647145255338,0.397872151971221,85,0.77434267628581,100,99,6,474,301176,6,6,-1,-1,-3,3,2,-1,1,-1,1,1,2,1,2,-3,-3,-3,18,NA,18,2,2,0,2,2
0.793517330415765,0.797813038675515,60,1.46932981849274,70,85,6,810,301955,6,6,-1,-1,-3,3,2,-1,1,-1,1,1,2,1,2,-3,-3,-3,25,NA,25,1,1,0,1,1
0.76480957503829,0.726569302307636,0,0.643371701356672,0,0,4,2284,400719,3,1,-1,-1,-3,1,-1,-1,1,-1,1,1,-1,-1,-1,-1,-1,-3,29,NA,29,1,0,1,1,1
2.81428029799218,2.79833158131577,15,1.76663903074028,0,0,2,3982,404998,2,99,3,-1,-3,1,-1,-1,1,-1,2,2,-1,-1,-1,-1,-1,-3,6,NA,6,2,0,2,2,2
NA,NA,18,3.7162071436034,-7,NA,3,4927,407399,NA,4,3,-7,-3,-1,-1,NA,5,-7,NA,2,-1,-1,-1,-1,-1,-3,12,NA,6,1,0,1,1,NA
2.49408985885723,2.54846342577198,72,2.00938715570466,50,0,99,2759,401910,99,99,3,-1,-3,-1,-1,-1,5,-1,1,1,-1,-1,-1,-1,-1,-3,5,NA,5,2,0,2,2,2
1.8192980845257,1.92623743832827,15,0.576195486912909,0,30,4,3841,404692,4,3,-1,-1,-3,-1,-1,-1,5,-1,6,6,-1,-1,-1,-1,-1,-3,39,NA,39,2,0,2,2,2
0.530187351980349,0.563163820338377,70,0.484733881165966,60,85,6,822,301980,3,6,-1,-1,-3,3,1,-1,1,-1,1,1,2,1,2,-3,-3,-3,47,NA,47,2,2,0,2,2
0.200879905289693,0.214411505641952,50,0.254476260852849,15,50,2,3376,403476,3,99,3,-1,-3,-1,-1,-1,5,-1,4,6,-1,-1,-1,-1,-1,-3,9,NA,9,2,0,2,2,2
2.90176924418241,3.20628662699591,0,1.85157162751019,15,12,99,2319,400809,99,99,1,-1,-3,1,-1,-1,1,-1,2,2,-1,-1,-1,-1,-1,-3,22,NA,22,1,0,1,1,1
0.379025982229896,0.409409520809366,70,1.18413439613484,40,60,99,4252,405674,99,99,3,-1,-3,-1,-1,-1,5,-1,2,2,-1,-1,-1,-1,-1,-3,48,NA,48,2,0,2,2,2
NA,NA,0,0.770065354115852,-7,NA,3,2132,400347,NA,2,-1,-7,-3,-1,-1,NA,5,-7,NA,3,-1,-1,-1,-1,-1,-3,12,NA,17,1,0,1,1,NA
3.654801165986,3.17306363004866,78,2.77689007651123,99,99,7,2628,401574,6,6,-1,-1,-3,3,-1,-1,1,-1,1,1,-1,-1,-1,-1,-1,-3,32,NA,32,2,0,2,2,2
0.595140985480844,0.622799289015375,0,0.772270813565511,0,0,2,3184,402979,2,2,-1,-1,-3,1,-1,-1,1,-1,1,1,-1,-1,-1,-1,-1,-3,1,NA,1,1,0,1,1,1
0.405670363363246,0.367986733198671,30,0.734961663111769,55,60,5,4076,405216,4,5,-1,-1,-3,-1,-1,-1,5,-1,1,1,-1,-1,-1,-1,-1,-3,36,NA,36,2,0,2,2,2
1.12886784940525,1.14391664152911,60,0.874214516565257,90,87,6,3257,403176,6,6,-1,-1,-3,-1,-1,-1,5,-1,1,-9,-1,-1,-1,-1,-1,-3,22,NA,22,2,0,2,2,2
1.09855886952366,1.1502239846522,70,0.863962688523489,85,70,6,3047,402657,5,5,-1,-1,-3,3,-1,-1,1,-1,1,1,-1,-1,-1,-1,-1,-3,55,NA,55,1,0,1,1,1
0.728755914521616,0.759196406050442,16,0.696167684988288,10,0,3,4058,405184,4,2,-1,-1,-3,-1,-1,-1,5,-1,1,1,-1,-1,-1,-1,-1,-3,6,NA,6,2,0,2,2,2
NA,NA,85,1.65742886205287,-6,NA,7,327,300808,NA,7,-1,-6,-3,3,2,NA,1,-6,NA,3,2,1,2,-3,-3,-3,8,NA,8,1,1,0,1,NA
2.67324427825356,2.95152776118697,40,4.73039530233145,30,5,4,2758,401909,5,4,3,-1,-3,-1,-1,-1,5,-1,1,1,-1,-1,-1,-1,-1,-3,49,NA,49,1,0,1,1,1
1.77231559860449,1.74022121646866,70,1.69622237177099,90,85,99,3031,402623,6,4,2,-1,-3,-1,-1,-1,5,-1,1,1,-1,-1,-1,-1,-1,-3,18,NA,18,1,0,1,1,1
0.316365556438012,0.296631614598577,100,0.580286944107124,85,90,6,3998,405032,5,5,-1,-1,-3,3,-1,-1,1,-1,1,1,-1,-1,-1,-1,-1,-3,36,NA,36,2,0,2,2,2
0.498656432923238,0.506313849437403,15,0.566333561600531,0,0,4,4703,406840,4,4,3,-1,-3,1,-1,-1,1,-1,1,1,-1,-1,-1,-1,-1,-3,34,NA,34,2,0,2,2,2
NA,NA,32,1.7380627409579,85,NA,5,3731,404378,NA,5,-1,-1,-3,1,-1,NA,1,-1,NA,1,-1,-1,-1,-1,-1,-3,53,NA,53,2,0,2,2,NA
2.67192723418746,2.18360211716931,50,2.6315085584312,50,30,99,459,301148,99,99,2,-1,-3,-1,2,-1,5,-1,1,1,2,1,2,-3,-3,-3,35,NA,35,2,2,0,2,2
0.424840386814135,NA,85,0.672500920051849,85,-6,2,2603,401511,2,6,-1,-1,-3,-1,-1,-1,5,-1,1,1,-1,-1,-1,-1,-1,-3,51,NA,51,1,0,1,1,1
0.739464618650396,0.719117927719314,15,0.864289172667497,0,0,2,3273,403221,1,2,-1,-1,-3,1,-1,-1,1,-1,1,1,-1,-1,-1,-1,-1,-3,6,NA,6,1,0,1,1,1
1.07720913827555,1.05016163194126,0,0.823565633769022,30,60,4,570,301391,99,4,2,-1,-3,1,2,-1,1,-1,3,3,1,2,2,-3,-3,-3,6,NA,6,2,2,0,2,2
NA,NA,65,1.36643323738055,75,NA,4,2096,400259,NA,99,3,-1,-3,-1,-1,NA,5,-1,NA,1,-1,-1,-1,-1,-1,-3,50,NA,50,1,0,1,1,NA
NA,NA,0,1.16155879154216,0,NA,99,4005,405052,NA,2,-1,-1,-3,-1,-1,NA,5,-1,NA,2,-1,-1,-1,-1,-1,-3,37,NA,37,2,0,2,2,NA
NA,NA,30,2.06885013459732,-6,NA,99,705,301702,NA,99,2,-6,-3,-1,1,NA,5,-6,NA,1,2,1,2,-3,-3,-3,47,NA,47,2,2,0,2,NA
1.4417121053074,1.41926945179905,60,1.48895489449736,0,2,3,3534,403889,2,4,1,-1,-3,1,-1,-1,1,-1,3,3,-1,-1,-1,-1,-1,-3,18,NA,18,1,0,1,1,1
NA,NA,85,0.808666156225931,-6,NA,7,899,302161,NA,6,-1,-6,-3,3,2,NA,1,-6,NA,1,2,1,2,-3,-3,-3,37,NA,37,1,1,0,1,NA
0.611483804070126,0.663020494958586,15,0.592862441476221,0,0,3,2651,401610,2,2,-1,-1,-3,1,-1,-1,1,-1,2,2,-1,-1,-1,-1,-1,-3,6,NA,6,2,0,2,2,2
0.519327119495528,0.594784242104145,85,0.816174475486129,85,85,6,2727,401829,5,6,-1,-1,-3,3,-1,-1,1,-1,5,6,-1,-1,-1,-1,-1,-3,5,NA,5,1,0,1,1,1
0.26607138505616,NA,85,0.343403416139051,100,-7,4,3369,403459,7,4,2,-1,-3,-1,-1,-1,5,-1,1,1,-1,-1,-1,-1,-1,-3,37,NA,37,1,0,1,1,1
0.488238457124872,0.465670724745911,30,0.784986899951491,60,60,4,2030,400089,5,5,-1,-1,-3,-1,-1,-1,5,-1,1,1,-1,-1,-1,-1,-1,-3,4,NA,4,1,0,1,1,1
NA,NA,100,2.05174835111495,-6,NA,6,817,301969,NA,5,-1,-6,-3,-1,2,NA,5,-6,NA,1,2,2,2,-3,-3,-3,16,NA,16,2,2,0,2,NA
NA,NA,0,1.21245176264539,0,NA,1,2979,402497,NA,1,-1,-1,-3,-1,-1,NA,5,-1,NA,1,-1,-1,-1,-1,-1,-3,47,NA,47,1,0,1,1,NA
1.59266669036518,NA,100,2.56777440722348,100,-6,99,288,300721,7,6,-1,-1,-3,3,2,-1,1,-1,3,3,2,2,1,-3,-3,-3,17,NA,17,2,2,0,2,2
NA,NA,85,0.935538272380591,100,NA,6,2657,401625,NA,6,-1,-1,-3,3,-1,NA,1,-1,NA,1,-1,-1,-1,-1,-1,-3,18,NA,18,1,0,1,1,NA
0.659025671210483,NA,70,1.09210018932058,85,-6,6,4539,406421,6,6,-1,-1,-3,7,-1,-1,1,-1,1,1,-1,-1,-1,-1,-1,-3,12,NA,12,1,0,1,1,1
0.874076520887795,0.808216297710562,15,0.712529901672162,0,0,3,4231,405633,3,4,3,-1,-3,-1,-1,-1,5,-1,1,1,-1,-1,-1,-1,-1,-3,55,NA,55,1,0,1,1,1
0.165100188383698,0.164324454861824,23,0.280807006593842,15,30,1,2707,401773,2,1,-1,-1,-3,-1,-1,-1,5,-1,1,1,-1,-1,-1,-1,-1,-3,56,NA,56,1,0,1,1,1
0.411006717334473,0.389349337821962,0,0.775025488575439,0,0,2,923,302219,2,2,-1,-1,-3,1,2,-1,1,-1,1,1,2,1,2,-3,-3,-3,9,NA,9,2,2,0,2,2
0.606108453070419,0.596860172544282,50,0.734670018659516,0,60,4,550,301353,4,4,3,-1,-3,-1,2,-1,5,-5,4,4,2,1,2,-3,-3,-3,34,NA,34,2,2,0,2,2
0.857362976715452,0.802322362789313,70,0.897525083152261,85,85,6,4242,405654,6,5,-1,-1,-3,3,-1,-1,1,-1,1,1,-1,-1,-1,-1,-1,-3,55,NA,55,2,0,2,2,2
0.639506224169874,0.644017516755115,85,0.946985954922171,-9,100,6,4615,406638,6,6,-1,-1,-3,3,-1,-1,1,-1,1,1,-1,-1,-1,-1,-1,-3,21,NA,21,2,0,2,2,2
0.468981014831969,0.5007539948014,40,0.664750676648071,15,30,6,4350,405952,6,5,-1,-1,-3,-1,-1,-1,5,-1,1,1,-1,-1,-1,-1,-1,-3,21,NA,21,2,0,2,2,2
0.670311340722852,0.56767230227808,70,1.20683172054953,70,85,5,245,300614,5,5,-1,-1,-3,-1,2,-1,5,-1,1,1,2,1,2,-3,-3,-3,48,NA,48,2,2,0,2,2
0.87835473904982,0.892415943566028,1,0.799799009260491,0,0,1,2597,401486,1,1,-1,-1,-3,1,-1,-1,1,-1,1,1,-1,-1,-1,-1,-1,-3,8,NA,6,2,0,2,2,2
NA,NA,0,0.890865071221584,0,NA,2,4585,406554,NA,2,-1,-1,-3,1,-1,NA,1,-1,NA,1,-1,-1,-1,-1,-1,-3,41,NA,41,2,0,2,2,NA
0.438202567811885,0.421947375524234,0,0.583229153161884,0,0,2,55,300131,3,2,-1,-1,-3,-1,1,-1,5,-1,1,1,2,1,2,-3,-3,-3,47,NA,47,1,1,0,1,1
0.439467378551252,0.443337568509378,0,0.370043201274464,0,0,2,2836,402118,2,2,-1,-1,-3,1,-1,-1,1,-1,1,1,-1,-1,-1,-1,-1,-3,12,NA,12,2,0,2,2,2
0.75512381743575,0.778566952589011,60,0.87769855445123,100,100,6,3713,404336,4,6,-1,2,-3,-1,-1,-1,5,-1,1,1,-1,-1,-1,-1,-1,-3,6,NA,6,2,0,2,2,2
0.444033839001995,0.479610193052321,70,0.943802993937422,100,100,6,3821,404633,7,99,2,-1,-3,3,-1,-1,1,-1,1,1,-1,-1,-1,-1,-1,-3,21,NA,21,1,0,1,1,1
0.338859481769368,0.301331717875443,0,0.304096154250855,0,0,4,2041,400112,4,4,3,-1,-3,-1,-1,-1,5,-1,1,1,-1,-1,-1,-1,-1,-3,23,NA,23,2,0,2,2,2
NA,NA,70,0.882281678192765,-6,NA,7,3806,404597,NA,7,-1,-6,-3,7,-1,NA,1,-6,NA,1,-1,-1,-1,-1,-1,-3,53,NA,53,1,0,1,1,NA
NA,NA,70,0.808552695690956,85,NA,99,5006,407610,NA,4,3,-1,-3,-1,-1,NA,5,-1,NA,1,-1,-1,-1,-1,-1,-3,26,NA,26,2,0,2,2,NA
0.445492813456661,0.511097116240146,0,0.846769822741989,0,85,4,512,301276,5,99,1,-1,-3,-1,1,-1,5,-1,3,3,1,2,2,-3,-3,-3,48,NA,48,2,2,0,2,2
NA,NA,70,2.24805913408889,-6,NA,5,2443,401117,NA,99,2,-6,-3,3,-1,NA,1,-6,NA,1,-1,-1,-1,-1,-1,-3,31,NA,31,1,0,1,1,NA
0.711861482080348,NA,0,0.760534906696591,0,-6,3,2137,400355,3,3,-1,-1,-3,-1,-1,-1,5,-1,1,1,-1,-1,-1,-1,-1,-3,56,NA,56,1,0,1,1,1
4.99999998289759,5.00000000943276,0,3.18342424088279,0,0,2,4491,406307,2,3,-1,-1,-3,7,-1,-1,1,-1,3,3,-1,-1,-1,-1,-1,-3,18,NA,18,1,0,1,1,1
NA,NA,0,0.630280317126757,0,NA,2,898,302155,NA,2,-1,-1,-3,1,2,NA,1,-1,NA,1,2,2,1,-3,-3,-3,6,NA,6,1,1,0,1,NA
0.611643546802977,0.558462110027578,60,0.862707425519339,70,70,5,4188,405523,6,99,3,-1,-3,-1,-1,-1,5,-1,1,1,-1,-1,-1,-1,-1,-3,34,NA,34,1,0,1,1,1
3.15546467062308,3.33079110856391,60,1.32944957271581,0,0,4,1015,302465,3,4,1,-1,-3,-1,1,-1,5,-1,1,1,2,1,2,-3,-3,-3,36,NA,36,1,1,0,1,1
0.62581724212806,0.58971185728254,25,0.645228480703255,0,0,5,2745,401867,5,5,-1,-1,-3,-1,-1,-1,5,-1,1,1,-1,-1,-1,-1,-1,-3,42,NA,39,1,0,1,1,1
0.83741931151449,0.907961360430859,78,0.935890974458008,85,95,7,2924,402334,6,7,-1,-1,-3,-1,-1,-1,5,-1,1,1,-1,-1,-1,-1,-1,-3,6,NA,6,2,0,2,2,2
0.376670479436144,0.389288680679664,15,0.845584048656002,0,0,1,194,300482,1,2,-1,-1,-3,1,2,-1,1,-1,1,1,2,1,2,-3,-3,-3,16,NA,16,2,2,0,2,2
1.04558289233041,1.12099180873384,0,1.30956041183125,0,0,4,3721,404354,4,4,1,-1,-3,-1,-1,-1,5,-1,2,2,-1,-1,-1,-1,-1,-3,6,NA,6,2,0,2,2,2
NA,NA,70,0.674389207199815,100,NA,4,691,301669,NA,99,3,-1,-3,-1,2,NA,5,-1,NA,6,1,2,2,-3,-3,-3,6,NA,6,2,2,0,2,NA
0.719112987612208,NA,85,0.576786190211957,100,-6,5,832,301999,6,99,3,-1,-3,-1,2,-1,5,-1,1,1,2,1,2,-3,-3,-3,37,NA,37,1,1,0,1,1
1.58418671770148,1.50913908855424,0,2.83407603912365,0,0,99,3634,404112,99,99,2,-1,-3,-1,-1,-1,5,-1,3,3,-1,-1,-1,-1,-1,-3,48,NA,48,2,0,2,2,2
0.527348235868521,0.557982147054022,60,1.34607098052198,100,75,4,852,302052,6,5,-1,-1,-3,-1,2,-1,5,-1,1,1,2,1,2,-3,-3,-3,22,NA,22,2,2,0,2,2
NA,NA,61,0.245629986643198,100,NA,3,4328,405886,NA,5,-1,-1,-3,-1,-1,NA,5,-1,NA,1,-1,-1,-1,-1,-1,-3,12,NA,9,2,0,2,2,NA
NA,NA,0,1.8026035352013,-6,NA,3,131,300279,NA,4,2,-6,-3,1,2,NA,1,-6,NA,1,2,1,2,-3,-3,-3,47,NA,47,1,1,0,1,NA
0.887664504242412,0.823768904167451,98,0.698331780010678,90,85,6,2777,401943,6,6,-1,-1,-3,-1,-1,-1,5,-1,1,1,-1,-1,-1,-1,-1,-3,42,NA,42,1,0,1,1,1
0.623141423922688,0.657133836181322,15,0.885662999645367,0,0,2,1001,302434,2,3,-1,-1,-3,-1,2,-1,5,-1,1,1,2,1,2,-3,-3,-3,39,NA,39,1,1,0,1,1
1.19230923406297,1.12129213995503,17,1.55041385623559,60,10,5,4814,407119,4,6,-1,-1,-3,-1,-1,-1,5,-1,1,1,-1,-1,-1,-1,-1,-3,18,NA,18,1,0,1,1,1
0.268032773576817,0.291630714034958,15,0.315173213416542,0,0,5,838,302019,2,5,-1,-1,-3,-1,1,-1,5,-1,1,1,2,1,2,-3,-3,-3,47,NA,47,2,2,0,2,2
0.970110804905487,0.967486411776014,70,1.26049730960165,100,100,99,119,300254,7,99,2,-1,-3,1,2,-1,1,-1,1,1,2,1,2,-3,-3,-3,37,NA,37,1,1,0,1,1
1.25064538120768,1.20781179020886,30,1.51715261519358,0,15,3,4731,406909,3,4,1,-1,-3,-1,-1,-1,5,-1,1,1,-1,-1,-1,-1,-1,-3,8,NA,8,1,0,1,1,1
1.31869838182661,1.41789427906385,0,1.17245834269412,0,0,3,4657,406734,99,99,3,-1,-3,-1,-1,-1,5,-1,1,1,-1,-1,-1,-1,-1,-3,39,NA,39,2,0,2,2,2
0.684428058123449,0.644802831898806,40,0.982794637425032,70,60,4,538,301325,4,4,2,-1,-3,-1,1,-1,5,-1,1,1,2,1,2,-3,-3,-3,39,NA,39,2,2,0,2,2
NA,NA,100,0.756424281770714,100,NA,6,4619,406645,NA,5,-1,-1,-3,-1,-1,NA,5,-1,NA,1,-1,-1,-1,-1,-1,-3,24,NA,24,1,0,1,1,NA
2.51076258637781,2.41043860266439,84,1.4817920551948,100,100,6,3506,403820,99,6,-1,-1,-3,3,-1,-1,1,-1,3,3,-1,-1,-1,-1,-1,-3,12,NA,12,2,0,2,2,2
NA,NA,70,0.606972846939175,70,NA,6,1161,302841,NA,4,1,-1,-3,1,2,NA,1,-1,NA,1,2,1,2,-3,-3,-3,51,NA,51,1,1,0,1,NA
0.704724329596519,0.738512494248012,15,0.98227216542155,0,15,3,3394,403512,3,2,-1,-1,-3,3,-1,-1,1,-1,1,1,-1,-1,-1,-1,-1,-3,21,NA,21,2,0,2,2,2
0.088184267229235,0.0977179556477442,100,0.273717956875069,85,85,6,780,301883,4,6,-1,-1,-3,-1,2,-1,5,-1,1,1,2,2,2,-3,-3,-3,48,NA,48,1,1,0,1,1
1.43484297706379,1.23015357955704,0,1.40165328882666,0,15,99,3405,403540,4,99,3,-1,-3,1,-1,-1,1,-1,1,1,-1,-1,-1,-1,-1,-3,42,NA,42,2,0,2,2,2
NA,NA,30,0.499953394954237,-7,NA,99,2632,401581,NA,4,3,-7,-3,-1,-1,NA,5,-7,NA,1,-1,-1,-1,-1,-1,-3,41,NA,41,1,0,1,1,NA
NA,NA,70,1.5716956994829,-6,NA,6,4311,405832,NA,5,-1,-6,-3,3,-1,NA,1,-6,NA,1,-1,-1,-1,-1,-1,-3,6,NA,6,2,0,2,2,NA
NA,NA,70,0.966319892461415,50,NA,6,5070,407748,NA,99,3,-1,-3,-1,-1,NA,5,-1,NA,1,-1,-1,-1,-1,-1,-3,36,NA,36,2,0,2,2,NA
1.0749272645905,1.05465918159517,56,2.22971125236836,30,70,3,2818,402058,2,4,3,-1,-3,-1,-1,-1,5,-1,2,2,-1,-1,-1,-1,-1,-3,48,NA,48,2,0,2,2,2
NA,NA,60,0.365458364490466,0,NA,4,2607,401516,NA,99,3,-1,-3,1,-1,NA,1,-1,NA,1,-1,-1,-1,-1,-1,-3,12,NA,12,2,0,2,2,NA
0.585002670442891,0.624635997895826,85,1.468649621547,95,90,6,2662,401639,6,6,-1,-1,-3,3,-1,-1,1,-1,1,1,-1,-1,-1,-1,-1,-3,1,NA,1,1,0,1,1,1
1.23689407912639,1.42205625528166,0,1.32855652924382,0,0,3,577,301410,4,4,3,-1,-3,1,2,-1,1,-1,1,1,2,1,2,-3,-3,-3,24,NA,24,1,1,0,1,1
1.23480459431845,1.21140198147671,50,0.703921481267853,50,70,4,3399,403523,5,99,3,-1,-3,-1,-1,-1,5,-1,1,1,-1,-1,-1,-1,-1,-3,48,NA,48,1,0,1,1,1
0.303639051950812,0.308430087880181,0,0.26998099144397,0,0,1,3556,403938,1,2,-1,-1,-3,1,-1,-1,1,-1,1,1,-1,-1,-1,-1,-1,-3,29,NA,29,2,0,2,2,2
0.923797488276562,1.01397283515541,0,0.386872296586032,0,0,1,3805,404596,1,2,-1,-1,-3,1,-1,-1,1,-1,4,4,-1,-1,-1,-1,-1,-3,6,NA,6,2,0,2,2,2
NA,NA,80,1.59866174720667,95,NA,6,5049,407704,NA,6,-1,-1,-3,3,-1,NA,1,-1,NA,1,-1,-1,-1,-1,-1,-3,19,NA,19,2,0,2,2,NA
0.761641737920531,0.829352241403943,85,0.868981300176302,-9,100,7,2077,400204,7,6,-1,-1,-3,3,-1,-1,1,-1,1,1,-1,-1,-1,-1,-1,-3,12,NA,12,2,0,2,2,2
4.81205312747757,5.00000000943276,0,1.56238857692848,0,30,1,3712,404334,3,1,-1,-1,-3,1,-1,-1,1,-1,2,2,-1,-1,-1,-1,-1,-3,32,NA,6,2,0,2,2,2
NA,NA,100,1.26140109838994,60,NA,4,462,301155,NA,6,-1,-1,-3,-1,1,NA,5,-1,NA,3,1,2,2,-3,-3,-3,6,NA,6,2,2,0,2,NA
0.314856018539778,0.298888054728215,15,0.56406572487939,0,0,2,59,300140,3,2,-1,-1,-3,-1,2,-1,5,-1,1,1,2,1,2,-3,-3,-3,25,NA,25,2,2,0,2,2
NA,NA,100,0.488995126774594,100,NA,6,5021,407647,NA,6,-1,-1,-3,3,-1,NA,1,-1,NA,1,-1,-1,-1,-1,-1,-3,42,NA,42,1,0,1,1,NA
0.463976067115657,0.502039095563908,1,0.68926625034482,0,0,1,5034,407670,1,1,-1,-1,-3,1,-1,-1,1,-1,1,1,-1,-1,-1,-1,-1,-3,6,NA,6,2,0,2,2,2
2.31713953856936,2.31289541826647,0,1.3067002718221301,0,0,2,4136,405385,1,99,1,-1,-3,1,-1,-1,1,-1,6,6,-1,-1,-1,-1,-1,-3,48,NA,48,1,0,1,1,1
0.592575758942131,0.567567680630885,85,0.981047396231287,70,85,6,226,300571,6,6,-1,-1,-3,3,2,-1,1,-1,1,1,2,1,2,-3,-3,-3,12,NA,55,1,1,0,1,1
NA,NA,98,0.419012924092181,-6,NA,7,3636,404121,NA,4,3,-6,-3,3,-1,NA,1,-6,NA,3,-1,-1,-1,-1,-1,-3,45,NA,37,1,0,1,1,NA
1.87725068678624,1.84248720684541,40,0.941700901401111,0,5,4,936,302253,4,4,1,-1,-3,1,2,-1,1,-1,3,3,1,2,2,-3,-3,-3,6,NA,6,2,2,0,2,2
NA,NA,100,0.361415421915923,-6,NA,6,134,300284,NA,6,-1,-6,-3,3,2,NA,1,-6,NA,1,2,1,2,-3,-3,-3,47,NA,47,1,1,0,1,NA
NA,NA,55,2.42007747249704,60,NA,3,3207,403036,NA,3,-1,-1,-3,1,-1,NA,1,-1,NA,1,-1,-1,-1,-1,-1,-3,29,NA,29,2,0,2,2,NA
0.612777528046255,0.605773236339639,70,0.80472901332484,85,70,6,2328,400841,6,6,-1,-1,-3,3,-1,-1,1,-1,1,1,-1,-1,-1,-1,-1,-3,22,NA,22,1,0,1,1,1
NA,NA,5,0.50630639571381,0,NA,3,2911,402310,NA,3,-1,-1,-3,1,-1,NA,1,-1,NA,1,-1,-1,-1,-1,-1,-3,53,NA,53,2,0,2,2,NA
2.72978189485496,2.52961315737496,40,3.30981978473175,50,30,6,789,301904,6,5,-1,-1,-3,-1,2,-1,5,-1,4,4,2,1,2,-3,-3,-3,25,NA,25,3,3,0,3,3
0.34529326218843,0.339251862433301,39,0.578454545558132,60,30,6,2608,401520,6,5,-1,-1,-3,-1,-1,-1,5,-1,1,6,-1,-1,-1,-1,-1,-3,51,NA,51,2,0,2,2,2
NA,NA,40,0.341803173914285,0,NA,6,3588,404004,NA,99,1,-1,-3,-1,-1,NA,5,-1,NA,2,-1,-1,-1,-1,-1,-3,17,NA,17,2,0,2,2,NA
0.378550160178406,0.362780822204665,65,0.730882192105591,50,40,5,3581,403990,5,99,3,-1,-3,3,-1,-1,1,-1,1,1,-1,-1,-1,-1,-1,-3,47,NA,47,2,0,2,2,2
0.521332808442434,0.55650968273861,85,0.790101421631527,100,70,6,793,301914,6,6,-1,-1,-3,3,2,-1,1,-1,1,1,2,1,2,-3,-3,-3,39,NA,39,1,1,0,1,1
0.347447020642513,0.389860477578228,30,0.515762119136739,-9,85,99,915,302197,99,4,2,-1,-3,-1,2,-1,5,-1,1,1,2,1,2,-3,-3,-3,39,NA,39,1,1,0,1,1
NA,NA,100,0.823793854587644,-6,NA,6,4164,405459,NA,6,-1,-6,-3,3,-1,NA,1,-6,NA,1,-1,-1,-1,-1,-1,-3,39,NA,39,1,0,1,1,NA
0.507168401568019,0.487616073730795,0,0.453728022602457,0,0,2,3056,402681,2,2,-1,-1,-3,1,-1,-1,1,-1,1,1,-1,-1,-1,-1,-1,-3,6,NA,6,1,0,1,1,1
0.37693357683994,0.377299852551544,57,0.804425757323851,100,60,6,4505,406346,6,6,-1,-1,-3,3,-1,-1,1,-1,1,1,-1,-1,-1,-1,-1,-3,48,NA,48,2,0,2,2,2
0.786163324835226,0.744538163295231,10,0.60934615325656,5,55,3,4678,406780,5,3,-1,-1,-3,1,-1,-1,1,-1,1,1,-1,-1,-1,-1,-1,-3,6,NA,6,2,0,2,2,2
1.55086660020497,1.61348407646306,85,0.605653125437992,100,85,6,4241,405651,6,6,-1,-1,-3,3,-1,-1,1,-1,1,1,-1,-1,-1,-1,-1,-3,42,NA,42,1,0,1,1,1
0.419644048592862,0.422834324000906,14,0.731648289787985,20,15,4,4097,405287,3,5,-1,-1,-3,3,-1,-1,1,-1,1,1,-1,-1,-1,-1,-1,-3,24,NA,24,1,0,1,1,1
1.87872476023443,2.00757284180779,40,1.50904144223118,70,60,5,3592,404016,3,99,3,-1,-3,-1,-1,-1,5,-1,1,1,-1,-1,-1,-1,-1,-3,17,NA,17,2,0,2,2,2
0.584945237253824,0.596827346439055,0,0.255328417187767,0,0,2,3862,404741,2,4,3,-1,-3,7,-1,-1,1,-1,6,6,-1,-1,-1,-1,-1,-3,39,NA,39,1,0,1,1,1
NA,NA,2,0.444719401099895,0,NA,2,3424,403600,NA,2,-1,-1,-3,1,-1,NA,1,-1,NA,1,-1,-1,-1,-1,-1,-3,17,NA,17,2,0,2,2,NA
NA,NA,50,3.71420739333724,15,NA,4,4470,406257,NA,4,3,-1,-3,-1,-1,NA,5,-1,NA,2,-1,-1,-1,-1,-1,-3,36,NA,36,1,0,1,1,NA
0.394556885507059,0.395410708738017,70,0.563599790850312,70,70,6,428,301086,6,6,-1,-1,-3,3,2,-1,1,-1,1,1,2,1,2,-3,-3,-3,13,NA,13,1,1,0,1,1
1.98398833481918,1.9027608213758,0,1.18984576541665,0,0,99,2960,402434,4,99,3,-1,-3,1,-1,-1,1,-1,2,2,-1,-1,-1,-1,-1,-3,26,NA,26,2,0,2,2,2
1.40595112785099,1.33391531101126,50,2.14966292211949,50,60,4,2556,401393,6,99,3,-1,-3,-1,-1,-1,5,-1,3,3,-1,-1,-1,-1,-1,-3,12,NA,12,1,0,1,1,1
4.21374048831827,3.89703013782486,45,0.735422816422366,85,100,99,578,301411,1,99,1,-1,-3,-1,2,-1,5,-1,4,4,1,2,2,-3,-3,-3,6,NA,6,1,1,0,1,1
1.40874579614845,1.3913811308569,0,1.56422650337658,0,0,4,321,300792,4,2,-1,-1,-3,7,2,-1,1,-1,1,1,2,1,2,-3,-3,-3,34,NA,34,1,1,0,1,1
0.314912614626844,0.337955638718545,40,0.349268658887988,0,15,4,823,301981,4,4,1,-1,-3,-1,2,-1,5,-1,1,1,1,2,2,-3,-3,-3,24,NA,24,2,2,0,2,2
NA,NA,100,1.15957002411226,100,NA,6,4273,405728,NA,5,-1,-1,-3,-1,-1,NA,5,-1,NA,1,-1,-1,-1,-1,-1,-3,36,NA,36,2,0,2,2,NA
0.610058644127212,0.646946971429754,98,0.782035965911716,100,100,6,4489,406305,6,6,-1,-1,-3,3,-1,-1,1,-1,1,1,-1,-1,-1,-1,-1,-3,48,NA,48,1,0,1,1,1
0.224266512109468,NA,0,0.488766705506493,15,-6,4,907,302178,99,99,2,-1,-3,1,1,-1,1,-1,3,3,1,2,2,-3,-3,-3,48,NA,48,2,2,0,2,2
0.683065287175042,0.653044368867909,0,0.718044535089334,0,0,2,4748,406950,2,2,-1,-1,-3,1,-1,-1,1,-1,1,1,-1,-1,-1,-1,-1,-3,16,NA,16,2,0,2,2,2
NA,NA,40,1.49449473190039,40,NA,5,103,300227,NA,4,2,-1,-3,-1,2,NA,5,-1,NA,1,1,2,2,-3,-3,-3,48,NA,48,1,1,0,1,NA
0.0949128445006159,0.0914552863433142,30,0.309728198760065,0,0,3,253,300633,4,5,-1,-1,-3,1,2,-1,1,-1,3,3,2,1,2,-3,-3,-3,35,NA,35,2,2,0,2,2
NA,NA,60,1.6972959409727,15,NA,3,223,300565,NA,5,-1,-1,-3,3,2,NA,1,-1,NA,1,2,1,2,-3,-3,-3,34,NA,34,1,1,0,1,NA
0.926625324417034,1.00041220559651,30,1.49747063361077,100,80,5,2107,400281,5,5,-1,-1,-3,7,-1,-1,1,-1,1,5,-1,-1,-1,-1,-1,-3,38,NA,38,1,0,1,1,1
NA,NA,0,0.410916195821119,0,NA,3,5018,407642,NA,4,1,-1,-3,-1,-1,NA,5,-1,NA,3,-1,-1,-1,-1,-1,-3,48,NA,48,2,0,2,2,NA
0.887360725373348,0.863361185334104,42,0.738092040095541,0,0,4,4987,407563,2,3,-1,-1,-3,-1,-1,-1,5,-1,1,1,-1,-1,-1,-1,-1,-3,53,NA,53,1,0,1,1,1
0.469362036908704,0.457167342840005,60,0.48266668199313,0,0,4,734,301779,5,4,2,-1,-3,-1,2,-1,5,-1,1,1,2,1,2,-3,-3,-3,33,NA,33,1,1,0,1,1
0.884656677973369,0.898582227114504,0,0.573838037087172,0,0,2,2990,402525,1,2,-1,-1,-3,1,-1,-1,1,-1,1,1,-1,-1,-1,-1,-1,-3,20,NA,20,1,0,1,1,1
0.465791486486545,0.485606907367321,70,0.546193908689025,100,100,6,3157,402907,6,3,-1,-1,-3,-1,-1,-1,5,-1,1,1,-1,-1,-1,-1,-1,-3,6,NA,6,1,0,1,1,1
0.229019869696021,0.220232313736608,60,0.333225393164211,25,0,5,3609,404051,5,5,-1,-1,-3,-1,-1,-1,5,-1,1,1,-1,-1,-1,-1,-1,-3,17,NA,17,1,0,1,1,1
0.510253999538835,0.506181316536313,0,0.505868825774539,0,0,2,4374,406013,3,2,-1,-1,-3,1,-1,-1,1,-1,1,1,-1,-1,-1,-1,-1,-3,55,NA,55,1,0,1,1,1
1.74017889784326,1.62177644513053,60,1.66549897452867,85,80,6,1109,302717,6,6,-1,-1,-3,3,2,-1,1,-1,1,-9,2,1,2,-3,-3,-3,35,NA,35,2,2,0,2,2
0.795025414013112,0.83825658736217,0,0.836256537634549,0,0,1,1054,302569,4,1,-1,-1,-3,1,2,-1,1,-1,6,6,2,1,2,-3,-3,-3,25,NA,25,3,3,0,3,3
0.272515285552741,0.264305022164463,0,0.414887122225222,0,0,2,2967,402455,2,2,-1,-1,-3,-1,-1,-1,5,-1,1,1,-1,-1,-1,-1,-1,-3,33,NA,33,1,0,1,1,1
0.138922147640334,0.136530505293718,100,0.379853858326218,100,100,6,318,300785,6,7,-1,-1,-3,3,1,-1,1,-1,3,3,1,2,2,-3,-3,-3,6,NA,6,2,2,0,2,2
0.681395731908123,0.727577386823414,0,0.534766705441367,0,0,1,4829,407155,3,1,-1,-1,-3,-1,-1,-1,5,-1,2,2,-1,-1,-1,-1,-1,-3,12,NA,12,1,0,1,1,1
NA,NA,0,1.74518053355887,-6,NA,3,2674,401678,NA,1,-1,-6,-3,1,-1,NA,1,-6,NA,1,-1,-1,-1,-1,-1,-3,17,NA,17,2,0,2,2,NA
0.589936138136739,0.532848534646826,3,0.832137562400844,0,0,2,3119,402828,3,3,-1,-1,-3,-1,-1,-1,5,-1,1,1,-1,-1,-1,-1,-1,-3,6,NA,36,2,0,2,2,2
0.462981281523742,0.467021041516472,85,0.652439301388639,100,100,7,4994,407580,7,6,-1,-1,-3,3,-1,-1,1,-1,1,1,-1,-1,-1,-1,-1,-3,18,NA,12,2,0,2,2,2
NA,NA,100,0.866293701336639,50,NA,6,3450,403672,NA,99,3,-1,-3,3,-1,NA,1,-1,NA,1,-1,-1,-1,-1,-1,-3,6,NA,6,2,0,2,2,NA
0.550866763486574,0.539592526608272,100,0.585328646155573,100,100,6,3832,404663,6,4,2,-1,-3,3,-1,-1,1,-1,1,1,-1,-1,-1,-1,-1,-3,48,NA,42,1,0,1,1,1
1.42368208380666,1.39866386829584,86,1.19648321271498,70,85,99,3492,403772,99,99,3,-1,-3,-1,-1,-1,5,-1,1,1,-1,-1,-1,-1,-1,-3,36,NA,36,2,0,2,2,2
0.516738330293854,0.469044616574807,-9,0.877025627826377,15,0,99,2351,400914,99,99,2,-1,-3,-1,-1,-1,5,-1,1,1,-1,-1,-1,-1,-1,-3,18,NA,18,2,0,2,2,2
0.480349472208726,0.414846094298321,0,0.479964755648525,0,0,4,3311,403324,5,99,2,-1,-3,1,-1,-1,1,-1,2,2,-1,-1,-1,-1,-1,-3,9,NA,9,2,0,2,2,2
0.15373883220276,0.141062344085231,0,0.378320846590424,0,0,1,3705,404321,1,1,-1,-1,-3,7,-1,-1,1,-1,1,1,-1,-1,-1,-1,-1,-3,12,NA,12,1,0,1,1,1
0.320007250533702,0.318215928609277,30,0.416049323660273,20,15,5,3054,402679,4,5,-1,-1,-3,-1,-1,-1,5,-1,1,1,-1,-1,-1,-1,-1,-3,12,NA,12,1,0,1,1,1
NA,NA,60,0.612073318318572,-9,NA,5,2238,400604,NA,6,-1,-1,-3,-1,-1,NA,5,-1,NA,3,-1,-1,-1,-1,-1,-3,24,NA,24,2,0,2,2,NA
1.07451701890812,1.2236659643562,50,1.21600574517125,-9,-9,4,3596,404025,1,1,-1,-1,-3,-1,-1,-1,5,-1,-9,-9,-1,-1,-1,-1,-1,-3,13,NA,13,1,0,1,1,1
1.07426454124134,1.06074547920985,50,1.07100183912219,70,85,4,481,301194,99,4,2,-1,-3,1,2,-1,1,-1,3,3,2,1,2,-3,-3,-3,42,NA,42,1,1,0,1,1
0.175263701669662,0.172008706505884,0,0.237542846901809,0,0,2,443,301119,2,3,-1,-1,-3,1,1,-1,1,-1,3,3,1,2,2,-3,-3,-3,6,NA,6,1,1,0,1,1
0.664989437151106,0.646543859857198,15,0.652013025994642,85,50,6,2042,400113,4,4,3,-1,-3,3,-1,-1,1,-1,1,1,-1,-1,-1,-1,-1,-3,21,NA,21,1,0,1,1,1
0.40600595330421,0.402577665938669,71,1.26235468334505,85,85,6,2993,402530,6,5,-1,-1,-3,-1,-1,-1,5,-1,1,1,-1,-1,-1,-1,-1,-3,27,NA,27,2,0,2,2,2
1.1651066100029699,NA,70,1.27749985594008,100,-6,6,4940,407436,99,6,-1,-1,-3,3,-1,-1,1,-1,1,1,-1,-1,-1,-1,-1,-3,26,NA,26,2,0,2,2,2
1.29801434549348,1.2804582837513,0,1.6530566959576,0,0,1,364,300911,2,1,-1,-1,-3,1,2,-1,1,-1,1,1,2,1,2,-3,-3,-3,24,NA,24,1,1,0,1,1
2.11492312314215,2.59025356764983,0,0.844757366806579,15,15,3,4003,405046,1,1,-1,-1,-3,1,-1,-1,1,-1,2,2,-1,-1,-1,-1,-1,-3,17,NA,17,2,0,2,2,2
0.707720155150798,0.726553664733235,85,0.616780787243666,85,85,6,966,302347,6,6,-1,-1,-3,-1,2,-1,5,-1,1,1,2,2,2,-3,-3,-3,13,NA,16,2,2,0,2,2
0.610963586288159,0.581699257485682,85,1.19913331366113,100,100,6,2573,401435,7,6,-1,-1,-3,3,-1,-1,1,-1,1,1,-1,-1,-1,-1,-1,-3,12,NA,12,1,0,1,1,1
0.653483928662554,0.614293972168107,15,0.754173222404235,40,80,4,3491,403768,5,99,3,-1,-3,-1,-1,-1,5,-1,1,1,-1,-1,-1,-1,-1,-3,24,NA,24,2,0,2,2,2
1.46120536751139,1.46739069909845,85,1.98456689806836,100,0,6,1004,302445,6,6,-1,-1,-3,3,2,-1,1,-1,1,1,2,1,2,-3,-3,-3,48,NA,48,2,2,0,2,2
0.873475876224546,0.915538760382144,30,1.07569772356007,0,0,2,2062,400174,2,3,-1,-1,-3,-1,-1,-1,5,-1,1,1,-1,-1,-1,-1,-1,-3,39,NA,39,2,0,2,2,2
1.10349821059239,1.25247809262586,40,1.000495065805,70,60,4,654,301590,99,4,1,-1,-3,-1,2,-1,5,-1,1,1,2,1,2,-3,-3,-3,20,NA,20,1,1,0,1,1
0.219353970395275,0.215287057788351,85,0.388293907960052,100,99,6,2359,400931,6,6,-1,-1,-3,3,-1,-1,1,-1,1,1,-1,-1,-1,-1,-1,-3,18,NA,18,1,0,1,1,1
1.57941998455134,1.50566375841892,85,1.94533472295213,60,70,4,3460,403693,4,99,3,-1,-3,-1,-1,-1,5,-1,1,1,-1,-1,-1,-1,-1,-3,21,NA,21,1,0,1,1,1
0.984709592577119,1.16083208089214,50,0.747605498529506,75,60,99,3716,404339,4,99,3,-1,-3,-1,-1,-1,5,-1,1,1,-1,-1,-1,-1,-1,-3,26,NA,26,1,0,1,1,1
1.25322666819381,1.17906228433746,0,0.442938472069683,0,0,99,3969,404977,4,4,3,-1,-3,1,-1,-1,1,-1,4,4,-1,-1,-1,-1,-1,-3,48,NA,53,1,0,1,1,1
NA,NA,70,0.580446014759651,86,NA,6,260,300644,NA,99,1,-1,-3,-1,1,NA,5,-1,NA,3,1,2,2,-3,-3,-3,48,NA,48,2,2,0,2,NA
0.31057097855526,0.303535112321292,85,0.521681410588181,100,100,6,2412,401048,4,6,-1,-1,-3,3,-1,-1,1,-1,1,1,-1,-1,-1,-1,-1,-3,31,NA,31,2,0,2,2,2
0.221242397084747,NA,0,0.414743254666963,0,-6,4,4875,407255,4,2,-1,-1,-3,-1,-1,-1,5,-1,1,1,-1,-1,-1,-1,-1,-3,12,NA,12,1,0,1,1,1
NA,NA,61,0.372800489017818,15,NA,3,2822,402066,NA,99,3,-1,-3,-9,-1,NA,1,-1,NA,1,-1,-1,-1,-1,-1,-3,46,NA,46,2,0,2,2,NA
2.61206280217951,2.47246723419654,4,0.750448089914864,0,0,1,4896,407317,2,2,-1,-1,-3,1,-1,-1,1,-1,6,1,-1,-1,-1,-1,-1,-3,13,NA,13,1,0,1,1,1
0.394478568764881,0.393096725874541,99,0.566400574143565,100,100,5,4253,405676,6,5,-1,-1,-3,3,-1,-1,1,-1,1,1,-1,-1,-1,-1,-1,-3,26,NA,26,2,0,2,2,2
1.58017718527317,1.60285760039693,0,1.92838908397725,0,0,2,712,301712,2,3,-1,-1,-3,1,2,-1,1,-1,1,1,2,2,2,-3,-3,-3,36,NA,36,1,1,0,1,1
1.04188932659502,1.01679657160172,0,0.994206752552709,0,0,2,4150,405420,2,2,-1,-1,-3,1,-1,-1,1,-1,1,1,-1,-1,-1,-1,-1,-3,6,NA,6,2,0,2,2,2
0.751114202016707,0.796072374500434,25,0.69847279036124,15,0,4,4451,406221,5,4,3,-1,-3,3,-1,-1,1,-1,1,1,-1,-1,-1,-1,-1,-3,48,NA,48,1,0,1,1,1
1.45751793837373,1.56737247978893,60,1.94829922399424,85,70,6,3845,404710,7,6,-1,-1,-3,3,-1,-1,1,-1,1,3,-1,-1,-1,-1,-1,-3,26,NA,26,2,0,2,2,2
1.00302474935331,1.14250268114672,60,0.689566545819251,70,-9,6,2528,401331,2,6,-1,-1,-3,3,-1,-1,1,-1,1,1,-1,-1,-1,-1,-1,-3,39,NA,39,1,0,1,1,1
0.394263344923983,NA,60,0.430035418997316,50,-6,99,2869,402200,3,4,2,-1,-3,-1,-1,-1,5,-1,1,1,-1,-1,-1,-1,-1,-3,29,NA,29,2,0,2,2,2
0.483516335560504,0.478961260819104,41,0.731546948273822,40,40,4,4587,406563,4,5,-1,-1,-3,-1,-1,-1,5,-1,1,1,-1,-1,-1,-1,-1,-3,40,NA,40,1,0,1,1,1
0.906633428280154,0.847872091690241,70,0.820568767251858,70,85,2,3236,403125,6,6,-1,-1,-3,3,-1,-1,1,-1,1,1,-1,-1,-1,-1,-1,-3,6,NA,6,1,0,1,1,1
1.22277616288403,1.55754976976484,15,0.581846595670527,0,30,3,2613,401531,5,2,-1,-1,-3,-1,-1,-1,5,-1,2,2,-1,-1,-1,-1,-1,-3,22,NA,22,1,0,1,1,1
0.627602456635532,0.564105508487815,0,0.837896403253412,0,50,4,3205,403034,99,4,3,1,-3,-1,-1,-1,5,-1,3,3,-1,-1,-1,-1,-1,-3,12,NA,12,2,0,2,2,2
0.588835941957967,0.57655770154824,0,1.15213038610192,1,1,2,3709,404327,2,3,-1,-1,-3,-1,-1,-1,5,-1,1,1,-1,-1,-1,-1,-1,-3,42,NA,42,1,0,1,1,1
0.555323129369232,0.564638129023369,15,1.02309793930001,0,50,4,2214,400551,2,2,-1,-1,-3,1,-1,-1,1,-1,2,2,-1,-1,-1,-1,-1,-3,37,NA,37,1,0,1,1,1
1.46135546995751,1.55511734397996,65,0.621461840449365,60,60,6,2801,402016,5,6,-1,-1,-3,3,-1,-1,1,-5,1,1,-1,-1,-1,-1,-1,-3,29,NA,29,2,0,2,2,2
0.935129432353318,0.873648116630425,100,0.801702157853031,100,99,7,4243,405655,6,6,-1,-1,-3,3,-1,-1,1,-1,1,1,-1,-1,-1,-1,-1,-3,32,NA,32,1,0,1,1,1
1.94277980106246,1.90717691486743,60,2.50251604423002,60,70,6,3194,403013,1,99,2,-1,-3,3,-1,-1,1,-1,1,1,-1,-1,-1,-1,-1,-3,42,NA,42,1,0,1,1,1
0.643120248462539,0.609290988368538,0,0.663933018147118,0,15,3,3253,403172,4,3,-1,-1,-3,1,-1,-1,1,-1,1,1,-1,-1,-1,-1,-1,-3,26,NA,26,2,0,2,2,2
NA,NA,0,1.03288826528246,0,NA,4,2393,401007,NA,4,3,-1,-3,-1,-1,NA,5,-1,NA,1,-1,-1,-1,-1,-1,-3,42,NA,42,1,0,1,1,NA
NA,NA,0,2.89083125636356,30,NA,5,2081,400223,NA,99,2,-1,-3,3,-1,NA,1,-1,NA,3,-1,-1,-1,-1,-1,-3,6,NA,6,1,0,1,1,NA
NA,NA,60,0.364372561101733,15,NA,4,3911,404848,NA,4,3,-1,-3,-1,-1,NA,5,-1,NA,2,-1,-1,-1,-1,-1,-3,26,NA,26,2,0,2,2,NA
1.17230704966146,1.17096809198872,100,0.946980348815805,100,100,6,2936,402367,5,6,-1,-1,-3,3,-1,-1,1,-1,4,4,-1,-1,-1,-1,-1,-3,48,NA,48,1,0,1,1,1
0.335667778368742,0.343136850330368,0,0.341803173914285,0,40,2,2841,402137,2,2,-1,-1,-3,-1,-1,-1,5,-1,6,6,-1,-1,-1,-1,-1,-3,26,NA,26,1,0,1,1,1
NA,NA,50,1.42439060233571,-6,NA,99,688,301663,NA,4,3,-6,-3,-1,1,NA,5,-6,NA,1,2,1,2,-3,-3,-3,47,NA,47,1,1,0,1,NA
NA,NA,40,0.686585048903752,15,NA,99,4559,406490,NA,5,-1,-1,-3,-1,-1,NA,-9,-1,NA,1,-1,-1,-1,-1,-1,-3,49,NA,49,2,0,2,2,NA
NA,NA,100,1.28163641372419,-6,NA,6,4590,406576,NA,6,-1,-6,-3,3,-1,NA,1,-6,NA,1,-1,-1,-1,-1,-1,-3,47,NA,19,2,0,2,2,NA
2.14948412510399,2.21791477748401,8,2.17377323325873,0,40,99,2502,401260,99,4,2,-1,-3,-1,-1,-1,5,-1,2,2,-1,-1,-1,-1,-1,-3,39,NA,39,2,0,2,2,2
0.273542522841513,0.264919492698175,60,0.327171326734155,70,90,4,2288,400733,6,4,3,-1,-3,3,-1,-1,1,-1,1,1,-1,-1,-1,-1,-1,-3,17,NA,17,1,0,1,1,1
1.25166344780256,1.25241388216944,70,1.28097600140402,85,90,5,4400,406094,5,6,-1,-1,-3,-1,-1,-1,5,-1,1,6,-1,-1,-1,-1,-1,-3,34,NA,12,2,0,2,2,2
NA,NA,60,1.97415636575848,75,NA,6,2109,400283,NA,5,-1,-1,-3,-1,-1,NA,5,-1,NA,3,-1,-1,-1,-1,-1,-3,53,NA,53,1,0,1,1,NA
0.651231194655466,0.633190105970995,0,0.868248409961618,0,0,5,2123,400320,3,4,3,-1,-3,-1,-1,-1,5,-1,1,1,-1,-1,-1,-1,-1,-3,6,NA,6,2,0,2,2,2
NA,NA,3,2.19822561054256,0,NA,1,855,302058,NA,99,2,-1,-3,-1,2,NA,5,-1,NA,1,2,1,2,-3,-3,-3,45,NA,45,2,2,0,2,NA
NA,NA,100,1.619667337816,100,NA,7,238,300601,NA,99,2,-1,-3,3,2,NA,1,-1,NA,1,2,1,2,-3,-3,-3,13,NA,13,1,1,0,1,NA
NA,NA,85,1.27881113629685,100,NA,6,2315,400796,NA,6,-1,-1,-3,3,-1,NA,1,-1,NA,1,-1,-1,-1,-1,-1,-3,19,NA,19,2,0,2,2,NA
2.85424505930578,2.83781905196849,85,1.22376228841358,95,95,6,316,300780,6,6,-1,-1,-3,3,2,-1,1,-1,3,3,1,2,2,-3,-3,-3,12,NA,12,2,2,0,2,2
0.68765428435676,0.673154164155074,61,0.586726308744762,60,93,6,4017,405082,6,6,-1,-1,-3,-1,-1,-1,5,-1,1,1,-1,-1,-1,-1,-1,-3,39,NA,39,2,0,2,2,2
0.673549000009314,0.66440194421293,60,0.945141444368174,100,100,99,4721,406882,99,99,2,-1,-3,3,-1,-1,1,-1,3,3,-1,-1,-1,-1,-1,-3,32,NA,32,2,0,2,2,2
0.561093788668894,0.51381680309781,100,0.711116951485636,100,100,6,3280,403241,6,6,-1,-1,-3,3,-1,-1,1,-1,1,1,-1,-1,-1,-1,-1,-3,4,NA,4,1,0,1,1,1
0.314089730567112,0.312772730989825,70,0.624714859220098,70,75,6,4371,406002,6,6,-1,-1,-3,3,-1,-1,1,-1,1,1,-1,-1,-1,-1,-1,-3,47,NA,47,2,0,2,2,2
NA,NA,70,0.624714859220098,85,NA,6,5054,407709,NA,6,-1,-1,-3,3,-1,NA,1,-1,NA,1,-1,-1,-1,-1,-1,-3,48,NA,48,1,0,1,1,NA
NA,NA,15,3.74946305103604,0,NA,4,4419,406136,NA,99,3,-1,-3,-1,-1,NA,5,-1,NA,1,-1,-1,-1,-1,-1,-3,42,NA,42,2,0,2,2,NA
NA,NA,100,0.57429699876607,-6,NA,6,38,300092,NA,3,-1,-6,-3,3,2,NA,1,-6,NA,1,2,1,2,-3,-3,-3,20,NA,20,1,1,0,1,NA
4.03596135187497,4.06779057828691,0,3.38553237324319,0,0,99,4966,407522,4,4,2,-1,-3,-1,-1,-1,5,-1,1,1,-1,-1,-1,-1,-1,-3,25,NA,25,2,0,2,2,2
0.289247739973251,0.273953334214192,32,0.494465913870611,0,0,1,2293,400740,1,2,-1,-1,-3,1,-1,-1,1,-1,1,6,-1,-1,-1,-1,-1,-3,36,NA,36,2,0,2,2,2
NA,NA,15,0.553907250859617,0,NA,2,4302,405805,NA,3,-1,-1,-3,-1,-1,NA,5,-1,NA,3,-1,-1,-1,-1,-1,-3,12,NA,12,1,0,1,1,NA
0.608635379764429,0.676012011110518,100,0.823177540866006,100,100,7,3785,404533,7,7,-1,-1,-3,3,-1,-1,1,-1,6,5,-1,-1,-1,-1,-1,-3,13,NA,13,1,0,1,1,1
0.774641255766809,0.755170135490353,60,0.623677332810059,100,90,6,3402,403535,6,99,3,-1,-3,7,-1,-1,1,-1,1,1,-1,-1,-1,-1,-1,-3,17,NA,46,1,0,1,1,1
1.83678073337276,1.97322199931257,36,0.885702473316844,45,40,2,3139,402871,2,2,-1,-1,-3,1,-1,-1,1,-1,1,1,-1,-1,-1,-1,-1,-3,6,NA,24,1,0,1,1,1
0.332173954899938,0.365289287632157,85,0.951266049694887,100,100,6,617,301496,6,6,-1,-1,-3,3,1,-1,1,-1,1,1,2,1,2,-3,-3,-3,5,NA,5,1,1,0,1,1
0.422881749580236,0.462968588167336,85,0.693084183102154,100,100,7,4480,406275,7,6,-1,-1,-3,3,-1,-1,1,-1,1,1,-1,-1,-1,-1,-1,-3,39,NA,39,1,0,1,1,1
0.490309631375011,0.465478776556646,17,0.527433004977883,0,40,99,3889,404795,5,5,-1,-1,-3,-1,-1,-1,5,-1,3,3,-1,-1,-1,-1,-1,-3,6,NA,6,1,0,1,1,1
0.285494085848291,0.273067955929461,0,0.620622751470008,0,0,3,2110,400285,3,3,-1,-1,-3,1,-1,-1,1,-1,1,1,-1,-1,-1,-1,-1,-3,4,NA,4,1,0,1,1,1
0.424361456131452,0.442461288647171,0,0.575342214674729,0,0,2,4393,406070,2,1,-1,-1,-3,1,-1,-1,1,-1,1,1,-1,-1,-1,-1,-1,-3,25,NA,25,2,0,2,2,2
NA,NA,50,0.957222897360007,-6,NA,4,719,301734,NA,4,3,-6,-3,-1,2,NA,5,-6,NA,1,2,2,1,-3,-3,-3,22,NA,22,2,2,0,2,NA
0.846749060103199,0.963766941954768,0,0.826545601186705,0,0,2,3799,404574,2,2,-1,-1,-3,-1,-1,-1,5,-1,2,2,-1,-1,-1,-1,-1,-3,32,NA,32,2,0,2,2,2
0.434837795369486,0.432412702494529,60,0.899723373341682,0,0,6,326,300807,6,6,-1,-1,-3,3,1,-1,1,-1,1,1,2,2,1,-3,-3,-3,28,NA,28,1,1,0,1,1
1.33435123062537,1.54509771685436,100,1.63588895024969,0,0,4,662,301607,6,1,-1,-1,-3,1,2,-1,1,-1,3,3,1,2,2,-3,-3,-3,48,NA,48,1,1,0,1,1
NA,NA,0,0.388596839018715,0,NA,2,261,300655,NA,2,-1,-1,-3,1,2,NA,1,-1,NA,1,2,2,2,-3,-3,-3,48,NA,48,2,2,0,2,NA
1.76442237266574,1.92396101013063,15,0.761200086762732,0,0,3,574,301402,4,2,-1,-1,-3,1,1,-1,1,-1,2,2,2,1,2,-3,-3,-3,17,NA,17,1,1,0,1,1
NA,NA,15,0.314761659342255,0,NA,2,3693,404285,NA,2,-1,-1,-3,1,-1,NA,1,-1,NA,1,-1,-1,-1,-1,-1,-3,55,NA,55,1,0,1,1,NA
0.422046920210516,0.416117483912401,10,0.417254541821983,0,0,2,4199,405542,3,2,-1,-1,-3,1,-1,-1,1,-1,1,1,-1,-1,-1,-1,-1,-3,17,NA,17,2,0,2,2,2
0.390455557080432,0.391456581753105,41,0.489560199841499,0,0,3,5069,407744,5,3,-1,-1,-3,1,-1,-1,1,-1,1,1,-1,-1,-1,-1,-1,-3,30,NA,30,2,0,2,2,2
0.37419320142635,0.332065667592843,71,0.551656793918717,50,85,99,4519,406375,99,99,1,-1,-3,1,-1,-1,1,-1,2,-9,-1,-1,-1,-1,-1,-3,13,NA,13,1,0,1,1,1
NA,NA,70,1.05510655052873,-6,NA,6,21,300045,NA,5,-1,-6,-3,-1,2,NA,5,-6,NA,1,2,1,2,-3,-3,-3,22,NA,22,2,2,0,2,NA
1.71053843720039,1.47933039332596,85,1.92376926819403,85,90,99,983,302392,5,4,2,-1,-3,-1,2,-1,5,-1,1,1,2,1,2,-3,-3,-3,4,NA,4,1,1,0,1,1
1.37315262428002,1.40651196502442,1,1.20898485194262,0,0,3,4407,406108,2,2,-1,-1,-3,1,-1,-1,1,-1,1,1,-1,-1,-1,-1,-1,-3,51,NA,51,2,0,2,2,2
0.645895236704501,0.642123707142449,80,0.784221576932501,70,75,6,3827,404646,5,5,-1,-1,-3,3,-1,-1,1,-1,1,1,-1,-1,-1,-1,-1,-3,42,NA,42,2,0,2,2,2
0.573685376053999,0.561515847267862,0,0.763207105172103,0,0,2,146,300326,6,2,-1,-1,-3,1,2,-1,1,-1,1,1,2,1,2,-3,-3,-3,53,NA,53,1,1,0,1,1
0.385187573002821,0.383835722316351,40,0.459311053107764,100,90,6,2588,401468,4,4,3,-1,-3,1,-1,-1,1,-1,1,1,-1,-1,-1,-1,-1,-3,6,NA,6,2,0,2,2,2
0.328011007587083,0.336880354407317,69,0.640029071823041,85,80,6,4079,405225,6,6,-1,-1,-3,3,-1,-1,1,-1,1,1,-1,-1,-1,-1,-1,-3,49,NA,49,1,0,1,1,1
NA,NA,60,0.52819990061254,15,NA,4,4844,407188,NA,99,3,-1,-3,-1,-1,NA,5,-1,NA,1,-1,-1,-1,-1,-1,-3,49,NA,49,2,0,2,2,NA
1.19148222439784,1.35544955846924,0,1.26287596924632,0,50,1,4369,405998,4,2,-1,-1,-3,-1,-1,-1,5,-1,2,2,-1,-1,-1,-1,-1,-3,45,NA,45,2,0,2,2,2
NA,NA,0,0.782171978607234,0,NA,1,2140,400362,NA,1,-1,-1,-3,1,-1,NA,1,-1,NA,1,-1,-1,-1,-1,-1,-3,11,NA,51,2,0,2,2,NA
2.26466635150878,2.21292684244353,0,3.93073520462655,0,0,4,3153,402902,4,4,1,-1,-3,1,-1,-1,1,-1,3,3,-1,-1,-1,-1,-1,-3,6,NA,6,2,0,2,2,2
0.857618500873453,0.82697486877578,87,1.07498368371645,100,100,7,2169,400439,7,6,-1,-1,-3,3,-1,-1,1,-1,1,1,-1,-1,-1,-1,-1,-3,48,NA,48,1,0,1,1,1
1.59916988699492,1.66037527449938,60,2.86046335513157,50,30,4,4983,407558,4,4,3,-1,-3,-1,-1,-1,5,-1,1,1,-1,-1,-1,-1,-1,-3,48,NA,48,2,0,2,2,2
1.0029462624355,0.947225006215506,50,0.675511490917535,20,20,3,4370,406001,3,3,-1,-1,-3,-1,-1,-1,5,-1,3,3,-1,-1,-1,-1,-1,-3,35,NA,35,1,0,1,1,1
1.2405072255318501,1.17132811454707,6,0.601524098175524,0,0,4,3020,402594,3,4,3,-1,-3,-1,-1,-1,5,-1,3,3,-1,-1,-1,-1,-1,-3,17,NA,17,2,0,2,2,2
1.98967757382278,1.88832437364147,100,1.49279290300374,100,100,5,4898,407321,99,5,-1,-1,-3,3,-1,-1,1,-1,1,1,-1,-1,-1,-1,-1,-3,34,NA,34,1,0,1,1,1
0.457775808917099,0.448185810251741,86,0.576327744149855,15,85,6,2700,401756,6,6,-1,-1,-3,3,-1,-1,1,-1,1,1,-1,-1,-1,-1,-1,-3,18,NA,18,2,0,2,2,2
0.778241727946645,0.757878364036734,0,0.645195189934816,0,40,3,4319,405863,3,2,-1,-1,-3,1,-1,-1,1,-1,1,1,-1,-1,-1,-1,-1,-3,1,NA,1,1,0,1,1,1
0.355318499096264,0.353110002699055,70,0.707797087060571,100,60,7,4031,405116,6,6,-1,-1,-3,3,-1,-1,1,-1,1,1,-1,-1,-1,-1,-1,-3,45,NA,45,2,0,2,2,2
0.722101477572796,0.778818194573261,99,1.13303936296189,70,100,99,2592,401476,6,7,-1,-1,-3,3,-1,-1,1,-1,1,1,-1,-1,-1,-1,-1,-3,47,NA,47,2,0,2,2,2
NA,NA,2,0.644870946322284,15,NA,3,2994,402531,NA,3,-1,-1,-3,-1,-1,NA,5,-1,NA,1,-1,-1,-1,-1,-1,-3,26,NA,26,1,0,1,1,NA
0.243206952290165,0.235015837127028,2,0.322811743464485,-9,0,3,4893,407308,4,2,-1,-1,-3,1,-1,-1,1,-1,1,1,-1,-1,-1,-1,-1,-3,26,NA,26,2,0,2,2,2
0.612038347278069,0.59521696745665,100,0.570006343555947,100,100,6,2715,401797,6,6,-1,-1,-3,3,-1,-1,1,-1,1,1,-1,-1,-1,-1,-1,-3,39,NA,39,1,0,1,1,1
NA,NA,87,0.554138349337556,100,NA,6,4670,406763,NA,4,2,-1,-3,3,-1,NA,1,-1,NA,1,-1,-1,-1,-1,-1,-3,13,NA,13,1,0,1,1,NA
0.464624684283768,0.449592607669895,15,0.708758473831305,0,15,4,2920,402327,4,3,-1,-1,-3,-1,-1,-1,5,-1,1,1,-1,-1,-1,-1,-1,-3,6,NA,6,1,0,1,1,1
1.41206931045716,NA,0,0.939801829764938,50,-6,99,4343,405925,2,2,-1,-1,-3,1,-1,-1,1,-1,1,1,-1,-1,-1,-1,-1,-3,12,NA,12,1,0,1,1,1
0.256228873209411,0.255472239986746,0,0.683170749190296,0,0,5,4583,406552,5,4,2,-1,-3,-1,-1,-1,5,-1,1,1,-1,-1,-1,-1,-1,-3,23,NA,23,2,0,2,2,2
NA,NA,15,1.73050210777309,0,NA,1,1058,302580,NA,3,-1,-1,-3,7,1,NA,1,-1,NA,1,2,1,2,-3,-3,-3,36,NA,36,2,2,0,2,NA
NA,NA,40,0.404814402666359,85,NA,99,2291,400738,NA,2,-1,-1,-3,-1,-1,NA,5,-1,NA,1,-1,-1,-1,-1,-1,-3,18,NA,18,2,0,2,2,NA
1.02588984067617,1.08905484037177,85,0.991231559697852,70,30,4,673,301631,6,4,1,-1,-3,-1,2,-1,5,-1,4,4,2,2,2,-3,-3,-3,36,NA,36,1,1,0,1,1
2.38654458776914,2.47508712161035,96,2.51895976696421,100,100,5,3065,402696,5,5,-1,-1,-3,3,-1,-1,1,-1,1,1,-1,-1,-1,-1,-1,-3,39,NA,39,2,0,2,2,2
NA,NA,0,1.99252349230554,0,NA,1,2196,400505,NA,1,-1,-1,-3,1,-1,NA,1,-1,NA,1,-1,-1,-1,-1,-1,-3,48,NA,48,1,0,1,1,NA
0.349141938030562,0.361931433940253,30,0.549671485380176,0,0,2,783,301893,2,2,-1,-1,-3,1,1,-1,1,-1,1,1,2,1,2,-3,-3,-3,27,NA,27,2,2,0,2,2
NA,NA,70,1.32423658291956,85,NA,4,28,300056,NA,4,2,-1,-3,3,2,NA,1,-1,NA,1,2,1,2,-3,-3,-3,47,NA,47,1,1,0,1,NA
0.692491539763313,NA,40,0.757128187450446,40,-6,3,3855,404728,3,5,-1,-1,-3,-1,-1,-1,5,-1,1,1,-1,-1,-1,-1,-1,-3,22,NA,22,2,0,2,2,2
1.64847238988056,1.94142922464531,85,1.62029944852902,100,85,3,422,301068,4,99,2,-1,-3,3,2,-1,1,-1,1,1,2,1,2,-3,-3,-3,40,NA,40,2,2,0,2,2
2.57167008152967,2.64292725437379,0,1.8348448587904,0,0,99,4367,405990,99,2,-1,-1,-3,1,-1,-1,1,-1,1,1,-1,-1,-1,-1,-1,-3,45,NA,45,2,0,2,2,2
NA,NA,15,0.761733449077693,-6,NA,4,1048,302558,NA,4,1,-6,-3,-1,2,NA,5,-6,NA,1,2,1,2,-3,-3,-3,47,NA,47,1,1,0,1,NA
NA,NA,50,0.426715095696279,-6,NA,99,3010,402570,NA,99,3,-6,-3,-1,-1,NA,5,-6,NA,1,-1,-1,-1,-1,-1,-3,40,NA,40,2,0,2,2,NA
1.39751034872819,1.39475578258071,100,1.36110146417791,100,100,6,4011,405066,6,6,-1,-1,-3,-1,-1,-1,5,-1,1,1,-1,-1,-1,-1,-1,-3,6,NA,6,2,0,2,2,2
1.19883032895261,1.15880706515015,1,1.01645154397504,0,0,2,3479,403744,2,2,-1,-1,-3,1,-1,-1,1,-1,1,1,-1,-1,-1,-1,-1,-3,26,NA,26,2,0,2,2,2
0.151200201940857,0.14744342655737,0,0.454200055249309,0,0,2,4197,405538,2,2,-1,-1,-3,1,-1,-1,1,-1,3,2,-1,-1,-1,-1,-1,-3,12,NA,12,2,0,2,2,2
0.548994037176918,0.578456608297967,80,0.813586659471707,85,75,5,4529,406393,4,5,-1,-1,-3,7,-1,-1,1,-1,1,3,-1,-1,-1,-1,-1,-3,24,NA,24,1,0,1,1,1
0.450777536411649,0.456595155967073,15,0.600476611835976,0,0,3,2956,402428,3,3,-1,-1,-3,-1,-1,-1,5,-1,1,1,-1,-1,-1,-1,-1,-3,37,NA,37,2,0,2,2,2
0.957311614336388,0.964182610060218,16,1.42465693013228,0,1,5,4669,406759,99,6,-1,-1,-3,-1,-1,-1,5,-1,1,1,-1,-1,-1,-1,-1,-3,17,NA,17,1,0,1,1,1
0.618031184217928,0.586126029576755,2,0.709198332412816,15,30,3,2547,401379,4,2,-1,-1,-3,1,-1,-1,1,-1,1,5,-1,-1,-1,-1,-1,-3,39,NA,12,1,0,1,1,1
3.41191803475563,3.36226818564897,50,1.88424274782642,60,0,99,4064,405192,99,99,2,-1,-3,-1,-1,-1,5,-1,1,1,-1,-1,-1,-1,-1,-3,49,NA,49,2,0,2,2,2
1.44890965833021,1.43397584521617,55,1.37514800720218,85,90,4,4288,405780,6,4,2,-1,-3,-1,-1,-1,5,-1,1,1,-1,-1,-1,-1,-1,-3,37,NA,37,2,0,2,2,2
0.22122400806146,0.227734847695718,70,0.377260889552124,85,100,6,1033,302513,6,4,2,-1,-3,3,2,-1,1,-1,1,1,1,2,2,-3,-3,-3,6,NA,6,2,2,0,2,2
NA,NA,0,0.597028840013757,60,NA,4,4661,406743,NA,4,2,-1,-3,-1,-1,NA,5,-1,NA,1,-1,-1,-1,-1,-1,-3,50,NA,50,1,0,1,1,NA
NA,NA,55,0.915825196086912,0,NA,2,3076,402727,NA,2,-1,-1,-3,-1,-1,NA,5,-1,NA,1,-1,-1,-1,-1,-1,-3,21,NA,21,1,0,1,1,NA
0.667350463107944,0.674361908863325,0,0.729286651845339,50,50,99,4570,406526,99,99,3,-1,-3,-1,-1,-1,5,-1,1,1,-1,-1,-1,-1,-1,-3,12,NA,12,2,0,2,2,2
NA,NA,50,1.04502887975703,0,NA,99,4145,405413,NA,99,3,-1,-3,-1,-1,NA,5,-1,NA,6,-1,-1,-1,-1,-1,-3,27,NA,27,1,0,1,1,NA
1.5431276842605,1.43552874419887,60,1.32258108522821,40,35,6,2117,400306,5,6,-1,-1,-3,-1,-1,-1,5,-1,1,1,-1,-1,-1,-1,-1,-3,16,NA,16,2,0,2,2,2
1.39329038555146,1.40543364083404,0,0.679514048405711,0,0,4,4901,407328,6,99,2,-1,-3,-1,-1,-1,5,-1,4,4,-1,-1,-1,-1,-1,-3,12,NA,12,2,0,2,2,2
0.785005368472795,0.79514907515004,0,0.843217887640045,0,0,1,747,301805,2,2,-1,-1,-3,1,2,-1,1,-1,1,1,2,2,1,-3,-3,-3,11,NA,11,2,2,0,2,2
0.58539188909489,0.585845000841977,20,0.757991207025072,0,0,4,1002,302435,4,2,-1,-1,-3,1,2,-1,1,-1,1,1,2,1,2,-3,-3,-3,20,NA,20,2,2,0,2,2
0.305858196977488,0.3244730685936,100,0.709587981634333,90,85,5,3138,402870,5,7,-1,-1,-3,-1,-1,-1,5,-1,1,1,-1,-1,-1,-1,-1,-3,25,NA,25,2,0,2,2,2
2.08723630544076,2.10581194021704,22,1.22208900959406,0,15,2,2181,400466,3,2,-1,-1,-3,7,-1,-1,1,-1,1,1,-1,-1,-1,-1,-1,-3,53,NA,53,2,0,2,2,2
NA,NA,0,0.487996110631375,0,NA,1,3734,404383,NA,2,-1,-1,-3,-1,-1,NA,5,-1,NA,1,-1,-1,-1,-1,-1,-3,37,NA,37,1,0,1,1,NA
0.363332139991313,0.3605537591931,0,0.595279467423761,0,0,3,4889,407292,3,2,-1,-1,-3,1,-1,-1,1,-1,1,1,-1,-1,-1,-1,-1,-3,55,NA,55,2,0,2,2,2
NA,NA,30,1.61519076009347,0,NA,3,1094,302667,NA,2,-1,-1,-3,-1,2,NA,5,-1,NA,1,2,1,2,-3,-3,-3,8,NA,8,1,1,0,1,NA
0.168435279356111,0.181926486277857,0,0.373131414717515,-9,40,99,395,301006,-9,2,-1,-1,-3,1,2,-1,1,-1,2,2,2,1,2,-3,-3,-3,37,NA,37,1,1,0,1,1
0.407275720321376,0.394757703842001,30,0.533926871816878,0,0,4,2106,400279,4,6,-1,-1,-3,3,-1,-1,1,-1,1,1,-1,-1,-1,-1,-1,-3,26,NA,26,1,0,1,1,1
1.03634828295495,0.977081219666694,0,1.0493272093795,0,0,2,5000,407593,2,2,-1,-1,-3,1,-1,-1,1,-1,1,1,-1,-1,-1,-1,-1,-3,40,NA,40,1,0,1,1,1
0.777764948372727,0.746021471116438,31,0.671505017607625,0,0,2,3724,404360,2,2,-1,-1,-3,1,-1,-1,1,-1,1,1,-1,-1,-1,-1,-1,-3,55,NA,55,2,0,2,2,2
1.35567262775519,1.34021328417233,60,1.39860931931281,50,90,4,4411,406118,5,4,3,-1,-3,-1,-1,-1,5,-1,1,1,-1,-1,-1,-1,-1,-3,46,NA,46,2,0,2,2,2
NA,NA,29,0.365189325148617,5,NA,2,3899,404814,NA,2,-1,-1,-3,-1,-1,NA,5,-1,NA,1,-1,-1,-1,-1,-1,-3,26,NA,26,2,0,2,2,NA
0.391327495283896,0.385153831746478,40,0.98701613549216,15,15,4,589,301436,5,4,2,-1,-3,1,2,-1,1,-1,1,1,2,1,2,-3,-3,-3,47,NA,47,1,1,0,1,1
0.739056142381708,0.870516589094742,99,1.1209820882872,100,100,7,3597,404026,6,6,-1,-1,-3,3,-1,-1,1,-1,1,1,-1,-1,-1,-1,-1,-3,48,NA,48,2,0,2,2,2
1.93249928167654,1.8571156505769,0,1.67765285407696,0,0,4,4964,407519,4,4,3,-1,-3,-1,-1,-1,5,-1,1,1,-1,-1,-1,-1,-1,-3,41,NA,41,1,0,1,1,1
NA,NA,60,1.44025787943937,0,NA,99,4971,407534,NA,4,1,-1,-3,1,-1,NA,1,-1,NA,3,-1,-1,-1,-1,-1,-3,53,NA,53,2,0,2,2,NA
0.322957999008276,0.311962503117916,100,0.392784432227009,100,100,99,4396,406080,99,99,2,-1,-3,1,-1,-1,1,-1,1,1,-1,-1,-1,-1,-1,-3,21,NA,21,2,0,2,2,2
0.667846721286429,0.641962574918183,85,0.652439301388639,100,100,7,2337,400871,7,6,-1,-1,-3,-1,-1,-1,5,-1,1,1,-1,-1,-1,-1,-1,-3,45,NA,45,1,0,1,1,1
4.99999998289759,5.00000000943276,0,6.18850104059793,0,0,2,4764,406978,2,4,3,-1,-3,1,-1,-1,1,-1,2,2,-1,-1,-1,-1,-1,-3,13,NA,13,2,0,2,2,2
NA,NA,100,2.48972954468079,100,NA,6,3691,404281,NA,6,-1,-1,-3,3,-1,NA,1,-1,NA,3,-1,-1,-1,-1,-1,-3,4,NA,4,1,0,1,1,NA
0.428164797865203,0.404370924127387,2,0.716748149928931,0,0,2,3064,402694,2,2,-1,-1,-3,1,-1,-1,1,-1,1,1,-1,-1,-1,-1,-1,-3,29,NA,29,2,0,2,2,2
1.27300746074967,1.32975025971101,0,1.39710664729296,0,0,1,2056,400144,1,1,-1,-1,-3,1,-1,-1,1,-1,1,1,-1,-1,-1,-1,-1,-3,19,NA,19,2,0,2,2,2
0.321636640257937,0.315060462447907,0,0.580158785518108,0,0,1,3316,403345,2,1,-1,-1,-3,1,-1,-1,1,-1,1,1,-1,-1,-1,-1,-1,-3,6,NA,6,1,0,1,1,1
3.42114544612353,3.44643898876253,60,1.51687848619745,85,100,6,2880,402224,6,6,-1,-1,-3,-1,-1,-1,5,-1,1,1,-1,-1,-1,-1,-1,-3,13,NA,13,2,0,2,2,2
NA,NA,50,0.613617942927469,70,NA,99,2653,401613,NA,99,1,-1,-3,-1,-1,NA,5,-1,NA,1,-1,-1,-1,-1,-1,-3,27,NA,27,1,0,1,1,NA
2.01589043691988,1.89050466343758,100,1.34065320651332,85,100,6,2386,400991,5,5,-1,-1,-3,-1,-1,-1,5,-1,1,1,-1,-1,-1,-1,-1,-3,37,NA,37,1,0,1,1,1
0.499924003945369,0.46690186555437,0,0.54402464465835,0,0,1,4081,405231,2,2,-1,-1,-3,1,-1,-1,1,-1,1,1,-1,-1,-1,-1,-1,-3,41,NA,41,1,0,1,1,1
0.693763109227108,0.685485209398131,85,1.088640033468,85,100,7,2297,400753,6,6,-1,-1,-3,3,-1,-1,1,-1,1,1,-1,-1,-1,-1,-1,-3,13,NA,13,1,0,1,1,1
0.598500548421126,0.602691309207339,0,0.916145765008134,0,0,3,3642,404131,2,4,3,-1,-3,-1,-1,-1,5,-1,1,1,-1,-1,-1,-1,-1,-3,26,NA,26,1,0,1,1,1
2.55320931669002,2.46748209055147,25,3.57533037104244,0,0,2,3870,404755,1,2,-1,-1,-3,1,-1,-1,1,-1,1,1,-1,-1,-1,-1,-1,-3,20,NA,20,1,0,1,1,1
1.72429875512066,2.69882314875293,5,0.691428075054282,0,0,2,3113,402818,3,3,-1,-1,-3,-1,-1,-1,5,-1,2,6,-1,-1,-1,-1,-1,-3,26,NA,26,2,0,2,2,2
0.680436316752318,0.672317430643846,85,1.17816085331427,100,100,7,1155,302816,6,6,-1,-1,-3,-1,2,-1,5,-1,1,1,2,1,2,-3,-3,-3,37,NA,37,1,1,0,1,1
NA,NA,75,1.57492987600843,-6,NA,99,3141,402874,NA,99,3,-6,-3,-1,-1,NA,5,-6,NA,1,-1,-1,-1,-1,-1,-3,5,NA,5,2,0,2,2,NA
2.38535372200284,2.24625483867407,0,1.64032761021653,0,0,1,3362,403432,1,2,-1,-1,-3,1,-1,-1,1,-1,1,5,-1,-1,-1,-1,-1,-3,6,NA,6,2,0,2,2,2
0.341550095190818,0.362730133513833,60,0.530880432308641,70,70,6,3690,404279,6,4,3,-1,-3,-1,-1,-1,5,-1,1,1,-1,-1,-1,-1,-1,-3,8,NA,8,1,0,1,1,1
NA,NA,0,1.85229897265496,-6,NA,99,3455,403683,NA,3,-1,-6,-3,-1,-1,NA,5,-6,NA,2,-1,-1,-1,-1,-1,-3,36,NA,36,1,0,1,1,NA
1.16661365944893,1.17484334565494,100,1.54973273960116,100,100,7,2489,401233,6,4,3,-1,-3,3,-1,-1,1,-1,1,1,-1,-1,-1,-1,-1,-3,51,NA,25,1,0,1,1,1
1.49213190363354,NA,0,1.15172328783392,0,-6,2,3445,403658,4,3,-1,-1,-3,1,-1,-1,1,-1,1,1,-1,-1,-1,-1,-1,-3,29,NA,29,2,0,2,2,2
0.553756900004757,0.546247222650701,70,0.736204057977136,85,85,6,2146,400377,5,6,-1,-1,-3,3,-1,-1,1,-1,1,1,-1,-1,-1,-1,-1,-3,48,NA,48,1,0,1,1,1
1.88686163281649,1.9300916930787,41,3.91720010114197,40,40,6,3696,404293,5,4,2,4,-3,-1,-1,-1,5,-1,1,1,-1,-1,-1,-1,-1,-3,49,NA,49,1,0,1,1,1
NA,NA,60,3.49357257222561,-6,NA,6,360,300900,NA,6,-1,-6,-3,3,1,NA,1,-6,NA,1,2,2,1,-3,-3,-3,28,NA,28,1,1,0,1,NA
0.331086934420176,0.322024131509081,15,0.38209922245618,0,0,2,468,301166,2,3,-1,-1,-3,-1,2,-1,5,-1,1,1,1,2,2,-3,-3,-3,51,NA,24,2,2,0,2,2
0.881473378249083,0.923629296375845,86,0.964480311046786,100,100,5,2688,401716,7,3,-1,-1,-3,3,-1,-1,1,-1,1,1,-1,-1,-1,-1,-1,-3,23,NA,23,2,0,2,2,2
0.291898004549813,0.29076473459353,70,0.407713183413904,60,100,5,4567,406511,6,5,-1,-1,-3,-1,-1,-1,5,-1,1,1,-1,-1,-1,-1,-1,-3,17,NA,17,1,0,1,1,1
0.418346442143389,0.41192114095834,0,0.603118810284004,0,0,2,379,300940,2,1,-1,-1,-3,1,1,-1,1,-1,1,1,2,1,2,-3,-3,-3,37,NA,37,2,2,0,2,2
NA,NA,5,0.711218489433456,-7,NA,2,845,302034,NA,3,-1,-7,-3,1,1,NA,1,-7,NA,4,2,1,2,-3,-3,-3,17,NA,17,2,2,0,2,NA
0.891027246669838,0.832378136207312,40,0.749304262868054,40,30,3,3396,403515,5,4,3,-1,-3,-1,-1,-1,5,-1,1,1,-1,-1,-1,-1,-1,-3,53,NA,53,1,0,1,1,1
4.99999998289759,5.00000000943276,2,2.51041824859122,0,0,2,4717,406873,3,2,-1,-1,-3,1,-1,-1,1,-1,1,1,-1,-1,-1,-1,-1,-3,12,NA,12,1,0,1,1,1
0.910074280820839,0.857959658310579,100,0.792553072773399,40,0,4,3791,404551,4,99,2,-1,-3,-1,-1,-1,5,-1,1,1,-1,-1,-1,-1,-1,-3,51,NA,51,1,0,1,1,1
0.596454176403857,0.576399498832997,0,0.63858167888305,0,2,3,4886,407286,3,3,-1,-1,-3,1,-1,-1,1,-1,1,1,-1,-1,-1,-1,-1,-3,8,NA,8,2,0,2,2,2
NA,NA,0,0.620986101877827,100,NA,6,4561,406495,NA,4,3,2,-3,-1,-1,NA,5,-1,NA,1,-1,-1,-1,-1,-1,-3,42,NA,42,1,0,1,1,NA
1.87980308825407,1.88604658145104,61,1.69240475684919,54,100,6,3643,404137,6,5,-1,-1,-3,-1,-1,-1,5,-1,1,1,-1,-1,-1,-1,-1,-3,40,NA,40,1,0,1,1,1
0.383283070267358,0.387874712713258,60,0.333225393164211,85,70,99,3885,404784,99,99,2,-1,-3,3,-1,-1,1,-1,1,1,-1,-1,-1,-1,-1,-3,26,NA,26,2,0,2,2,2
0.833431153278649,0.840998034492335,0,0.710369002782387,0,0,2,4993,407578,3,2,-1,-1,-3,1,-1,-1,1,-1,1,1,-1,-1,-1,-1,-1,-3,17,NA,17,2,0,2,2,2
0.557324057968681,0.532067260529525,16,0.586619700763757,0,0,3,3649,404154,4,4,3,-1,-3,1,-1,-1,1,-1,1,1,-1,-1,-1,-1,-1,-3,42,NA,42,2,0,2,2,2
NA,NA,0,2.04097804931617,-6,NA,4,4687,406804,NA,4,3,-6,-3,-1,-1,NA,5,-6,NA,3,-1,-1,-1,-1,-1,-3,48,NA,48,2,0,2,2,NA
NA,NA,40,0.840670593424926,15,NA,4,3122,402834,NA,5,-1,-1,-3,-1,-1,NA,5,-1,NA,5,-1,-1,-1,-1,-1,-3,45,NA,45,2,0,2,2,NA
NA,NA,83,1.19442125296215,-6,NA,99,4948,407456,NA,6,-1,-6,-3,3,-1,NA,1,-6,NA,1,-1,-1,-1,-1,-1,-3,6,NA,6,2,0,2,2,NA
0.547819314685807,0.534567019839835,85,0.808608069184483,100,85,6,770,301863,6,5,-1,-1,-3,3,2,-1,1,-1,1,1,2,2,1,-3,-3,-3,13,NA,13,1,1,0,1,1
0.474159405535586,0.456868427703491,30,1.69542219828543,0,0,4,3187,402986,5,3,-1,-1,-3,1,-1,-1,1,-1,3,3,-1,-1,-1,-1,-1,-3,13,NA,13,2,0,2,2,2
0.184573726677629,0.172761225578907,6,0.238985223050076,-9,0,2,4996,407582,2,1,-1,-1,-3,1,-1,-1,1,-1,1,1,-1,-1,-1,-1,-1,-3,33,NA,33,2,0,2,2,2
0.594941391974793,0.554306409924394,15,0.695617170360653,100,85,99,2677,401687,2,99,2,-1,-3,3,-1,-1,1,-1,1,1,-1,-1,-1,-1,-1,-3,42,NA,42,1,0,1,1,1
0.267537035345041,0.271950355913797,40,0.629560965860975,0,0,4,911,302192,5,6,-1,-1,-3,7,2,-1,1,-1,1,1,2,1,2,-3,-3,-3,48,NA,48,2,2,0,2,2
0.166380960054504,0.167588420051976,0,0.337578083934159,0,0,2,2636,401585,2,1,-1,-1,-3,1,-1,-1,1,-1,1,1,-1,-1,-1,-1,-1,-3,53,NA,53,1,0,1,1,1
0.450517334246923,0.418597186363714,3,0.630305297927394,0,0,1,2728,401830,2,1,-1,-1,-3,-1,-1,-1,5,-1,1,1,-1,-1,-1,-1,-1,-3,36,NA,36,2,0,2,2,2
0.702216580491032,0.649859496802638,0,0.912662818865998,0,0,3,853,302053,4,2,-1,-1,-3,-1,1,-1,5,-1,1,1,2,1,2,-3,-3,-3,47,NA,47,2,2,0,2,2
3.08094425814414,2.92243635607392,15,1.75981152225986,0,0,4,2294,400742,2,4,3,-1,-3,1,-1,-1,1,-1,3,3,-1,-1,-1,-1,-1,-3,51,NA,51,2,0,2,2,2
0.362076300881205,0.333930549693328,86,0.415313045792238,85,70,7,3391,403508,7,7,-1,-1,-3,3,-1,-1,1,-1,1,1,-1,-1,-1,-1,-1,-3,47,NA,47,2,0,2,2,2
1.44784014286568,1.39220374821137,84,2.08717275125297,30,-9,99,2895,402265,7,6,-1,-1,-3,-1,-1,-1,5,-1,1,1,-1,-1,-1,-1,-1,-3,6,NA,6,1,0,1,1,1
0.402149327239195,0.392333273928452,60,0.453046070481539,80,100,7,4027,405100,6,6,-1,-1,-3,3,-1,-1,1,-1,1,1,-1,-1,-1,-1,-1,-3,6,NA,6,2,0,2,2,2
0.914582700563331,0.855946045884095,15,0.314266096273189,50,16,4,2171,400441,99,99,3,-1,-3,-1,-1,-1,5,-1,4,2,-1,-1,-1,-1,-1,-3,17,NA,17,1,0,1,1,1
NA,NA,15,0.32064969171296,40,NA,99,2847,402149,NA,4,2,-1,-3,3,-1,NA,1,-1,NA,1,-1,-1,-1,-1,-1,-3,48,NA,19,1,0,1,1,NA
0.98878010243255,0.893194291897114,15,1.16334531447118,0,0,5,5012,407624,4,4,3,-1,-3,-1,-1,-1,5,-1,1,1,-1,-1,-1,-1,-1,-3,48,NA,48,2,0,2,2,2
0.836781808598191,0.839404688002946,36,1.28563164634294,50,50,4,3486,403757,4,99,1,-1,-3,-1,-1,-1,5,-1,2,2,-1,-1,-1,-1,-1,-3,48,NA,48,1,0,1,1,1
0.374978274226064,NA,0,0.392467357273079,15,-6,5,3446,403660,5,4,3,-1,-3,-1,-1,-1,5,-1,1,1,-1,-1,-1,-1,-1,-3,6,NA,6,2,0,2,2,2
0.166467423065249,0.175726970350142,0,0.203600312799135,0,0,5,965,302345,6,5,-1,-1,-3,-1,2,-1,5,-1,3,3,2,2,2,-3,-3,-3,48,NA,48,1,1,0,1,1
0.586294976122743,0.577432233263046,70,0.594952531323376,70,85,5,2901,402286,5,5,-1,-1,-3,3,-1,-1,1,-1,1,1,-1,-1,-1,-1,-1,-3,37,NA,37,2,0,2,2,2
NA,NA,15,1.26897632827318,60,NA,6,1175,302873,NA,6,-1,-1,-3,-1,2,NA,5,-1,NA,1,2,1,2,-3,-3,-3,12,NA,9,2,2,0,2,NA
NA,NA,1,0.407623157273461,0,NA,3,2667,401654,NA,3,-1,-1,-3,-1,-1,NA,5,-1,NA,1,-1,-1,-1,-1,-1,-3,48,NA,48,2,0,2,2,NA
0.380568565876861,0.368057450666871,40,0.532235204506105,0,15,4,2125,400324,4,4,1,-1,-3,1,-1,-1,1,-1,1,1,-1,-1,-1,-1,-1,-3,39,NA,39,2,0,2,2,2
0.288994763909448,0.295167248799955,87,0.426855464981807,100,70,6,2757,401906,4,4,3,-1,-3,3,-1,-1,1,-1,1,1,-1,-1,-1,-1,-1,-3,40,NA,40,2,0,2,2,2
NA,NA,100,1.62542795241921,60,NA,5,457,301146,NA,5,-1,-1,-3,3,2,NA,1,-1,NA,1,2,2,2,-3,-3,-3,16,NA,16,2,2,0,2,NA
0.508303054839222,0.49401431935585,70,0.43760232635379,70,40,4,4501,406336,4,6,-1,-1,-3,3,-1,-1,1,-1,1,1,-1,-1,-1,-1,-1,-3,48,NA,48,2,0,2,2,2
1.23299225647011,1.14915072413227,40,1.27910436760143,70,70,4,726,301761,6,5,-1,-1,-3,-1,2,-1,5,-1,1,1,2,1,2,-3,-3,-3,34,NA,34,1,1,0,1,1
1.63014201024615,1.5306757133632,15,1.36798757315878,0,0,3,4391,406060,2,3,-1,-1,-3,1,-1,-1,1,-1,1,1,-1,-1,-1,-1,-1,-3,42,NA,42,2,0,2,2,2
0.41006235512866,0.416151392828919,85,0.646472090369805,85,70,5,4148,405416,5,6,-1,-1,-3,-1,-1,-1,5,-1,1,1,-1,-1,-1,-1,-1,-3,18,NA,18,2,0,2,2,2
0.438808861415753,0.470550830481302,70,0.526808130347119,15,30,5,472,301171,4,6,-1,-1,-3,3,1,-1,1,-1,1,1,2,1,2,-3,-3,-3,12,NA,12,1,1,0,1,1
NA,NA,100,0.627404295181289,75,NA,7,1108,302714,NA,6,-1,-1,-3,-1,1,NA,5,-1,NA,1,2,1,2,-3,-3,-3,12,NA,12,1,1,0,1,NA
0.569105034503401,0.655840701312699,50,0.702508156532921,0,60,2,154,300343,2,2,-1,-1,-3,1,1,-1,1,-1,2,2,2,1,2,-3,-3,-3,11,NA,11,2,2,0,2,2
0.91643289830831,NA,85,0.700968689882248,100,-6,4,4761,406972,4,99,3,-1,-3,-1,-1,-1,5,-1,1,1,-1,-1,-1,-1,-1,-3,39,NA,39,2,0,2,2,2
0.649698507428913,0.621118246760172,0,0.803782693820277,0,0,3,1146,302798,99,99,-8,-1,-3,-1,2,-1,5,-1,1,1,2,1,2,-3,-3,-3,33,NA,33,1,1,0,1,1
0.95566089114698,1.0764189431655,0,1.18883221907895,0,0,2,4935,407426,4,2,-1,-1,-3,1,-1,-1,1,-1,1,1,-1,-1,-1,-1,-1,-3,21,NA,21,2,0,2,2,2
0.630272425477967,0.650584142317065,0,0.821910700082006,0,0,4,4035,405135,99,5,-1,-1,-3,-1,-1,-1,5,-1,1,1,-1,-1,-1,-1,-1,-3,53,NA,53,1,0,1,1,1
0.495673792176078,0.4837683199184,61,0.41759501923511,0,0,4,2265,400679,4,4,3,-1,-3,1,-1,-1,1,-1,1,1,-1,-1,-1,-1,-1,-3,36,NA,36,1,0,1,1,1
NA,NA,10,1.67912326795694,-6,NA,99,1148,302805,NA,99,2,-6,-3,1,1,NA,1,-6,NA,2,2,1,2,-3,-3,-3,51,NA,51,1,1,0,1,NA
0.402717297193389,0.38171124715522,70,0.487010038436174,60,85,5,100,300217,6,6,-1,-1,-3,3,2,-1,1,-1,1,1,2,1,2,-3,-3,-3,17,NA,17,1,1,0,1,1
NA,NA,85,3.13511843807597,50,NA,6,2008,400017,NA,7,-1,-1,-3,3,-1,NA,1,-1,NA,1,-1,-1,-1,-1,-1,-3,48,NA,48,1,0,1,1,NA
0.243845793193643,0.234302113634855,0,0.331548513041357,0,0,1,2465,401167,4,4,3,-1,-3,1,-1,-1,1,-1,1,1,-1,-1,-1,-1,-1,-3,25,NA,25,1,0,1,1,1
NA,NA,70,4.78552510214324,60,NA,6,4332,405895,NA,7,-1,-1,-3,3,-1,NA,1,-1,NA,1,-1,-1,-1,-1,-1,-3,38,NA,38,1,0,1,1,NA
0.446000349130932,0.44689879386686,0,0.680430738056711,0,0,2,4038,405139,2,2,-1,-1,-3,1,-1,-1,1,-1,1,1,-1,-1,-1,-1,-1,-3,27,NA,27,1,0,1,1,1
0.201476675034794,0.202963898775408,61,0.401517765674477,0,40,4,2773,401931,6,6,-1,-1,-3,3,-1,-1,1,-1,1,1,-1,-1,-1,-1,-1,-3,26,NA,26,1,0,1,1,1
0.384618345088413,0.356825487503954,100,0.487436270762398,100,100,6,801,301938,7,6,-1,-1,-3,3,1,-1,1,-1,1,1,2,2,2,-3,-3,-3,17,NA,17,1,1,0,1,1
1.09436910532411,1.17047443977339,85,0.736649049063796,70,85,6,2850,402155,6,6,-1,-1,-3,3,-1,-1,1,-1,1,1,-1,-1,-1,-1,-1,-3,21,NA,21,1,0,1,1,1
NA,NA,15,0.865477680105119,0,NA,2,937,302254,NA,2,-1,-1,-3,-1,2,NA,5,-1,NA,1,2,1,2,-3,-3,-3,25,NA,25,3,3,0,3,NA
0.56215740579462,0.546510238821389,15,1.08947494045402,0,0,3,3299,403297,2,3,-1,-1,-3,1,-1,-1,1,-1,1,1,-1,-1,-1,-1,-1,-3,42,NA,42,1,0,1,1,1
0.565302137087044,0.51211098330374,7,0.712529901672162,5,5,4,4655,406731,3,4,3,-1,-3,1,-1,-1,1,-1,1,1,-1,-1,-1,-1,-1,-3,55,NA,55,1,0,1,1,1
NA,NA,0,2.4842241208045,-6,NA,99,3271,403219,NA,3,-1,-6,-3,-1,-1,NA,5,-6,NA,1,-1,-1,-1,-1,-1,-3,8,NA,8,1,0,1,1,NA
1.39539924908413,1.43552730626629,85,0.906013061931186,100,100,6,2342,400887,6,6,-1,-1,-3,3,-1,-1,1,-1,4,4,-1,-1,-1,-1,-1,-3,6,NA,6,1,0,1,1,1
1.16268136003266,1.39084048068028,30,1.2420482817765,50,10,2,709,301708,99,99,2,-1,-3,1,1,-1,1,-1,3,3,1,2,2,-3,-3,-3,48,NA,48,2,2,0,2,2
3.5204448783999,3.47446765928809,50,2.5451758481162,100,85,4,642,301560,5,99,2,-1,-3,-1,2,-1,5,-1,2,2,2,1,2,-3,-3,-3,48,NA,48,2,2,0,2,2
NA,NA,50,0.702433881345003,40,NA,4,985,302396,NA,5,-1,-1,-3,-1,2,NA,5,-1,NA,3,2,1,2,-3,-3,-3,6,NA,6,1,1,0,1,NA
1.02793083360538,0.992176149440884,40,1.03079201390149,0,0,2,851,302050,2,4,1,-1,-3,1,2,-1,1,-1,1,1,2,1,2,-3,-3,-3,20,NA,20,2,2,0,2,2
0.415012739442504,0.407751497660511,0,0.624652813719922,0,0,3,3116,402822,3,3,-1,-1,-3,1,-1,-1,1,-1,1,1,-1,-1,-1,-1,-1,-3,47,NA,47,2,0,2,2,2
0.64828645386711,0.604275349629325,38,0.657555345369527,60,55,6,3570,403963,5,4,3,-1,-3,-1,-1,-1,5,-1,1,1,-1,-1,-1,-1,-1,-3,42,NA,42,1,0,1,1,1
0.289364369550634,0.280731317584555,32,0.591759066734066,50,30,4,2509,401275,4,4,3,-1,-3,-1,-1,-1,5,-1,1,1,-1,-1,-1,-1,-1,-3,34,NA,34,1,0,1,1,1
NA,NA,30,0.651399694747314,0,NA,3,150,300335,NA,3,-1,-1,-3,-1,2,NA,5,-1,NA,1,2,1,2,-3,-3,-3,53,NA,53,1,1,0,1,NA
1.13593296576306,1.11941981303564,2,1.14319082239455,0,0,3,2161,400408,1,3,-1,-1,-3,-1,-1,-1,5,-1,3,3,-1,-1,-1,-1,-1,-3,49,NA,49,2,0,2,2,2
2.71539857722691,2.76837144513829,0,2.17333383820979,0,0,2,104,300228,3,2,-1,-1,-3,1,2,-1,1,-1,1,1,2,1,2,-3,-3,-3,8,NA,8,1,1,0,1,1
NA,NA,70,1.5346692900966,65,NA,99,3387,403501,NA,99,1,-1,-3,-1,-1,NA,5,-1,NA,1,-1,-1,-1,-1,-1,-3,12,NA,12,1,0,1,1,NA
NA,NA,100,0.384152907487603,100,NA,7,696,301679,NA,7,-1,-1,-3,3,1,NA,1,-1,NA,1,2,1,2,-3,-3,-3,37,NA,5,1,1,0,1,NA
NA,NA,1,1.60311845401737,0,NA,1,3694,404286,NA,2,-1,-1,-3,1,-1,NA,1,-5,NA,1,-1,-1,-1,-1,-1,-3,21,NA,21,2,0,2,2,NA
NA,NA,50,1.94641148904702,50,NA,99,4233,405635,NA,4,3,-1,-3,3,-1,NA,1,-1,NA,3,-1,-1,-1,-1,-1,-3,12,NA,12,1,0,1,1,NA
NA,NA,85,0.459731407289392,-6,NA,6,646,301566,NA,4,3,-6,-3,3,1,NA,1,-6,NA,1,2,1,2,-3,-3,-3,26,NA,26,1,1,0,1,NA
4.32700857755661,3.94177672124864,70,1.49895205072464,85,100,6,2985,402514,6,5,-1,-1,-3,3,-1,-1,1,-1,1,1,-1,-1,-1,-1,-1,-3,16,NA,16,2,0,2,2,2
NA,NA,70,0.713427964148438,-6,NA,6,3012,402574,NA,6,-1,-6,-3,3,-1,NA,1,-6,NA,1,-1,-1,-1,-1,-1,-3,22,NA,22,2,0,2,2,NA
0.593219346892069,0.552154428271951,30,0.755218748125093,0,0,3,3350,403411,2,5,-1,-1,-3,-1,-1,-1,5,-1,1,1,-1,-1,-1,-1,-1,-3,26,NA,26,1,0,1,1,1
0.580692945822842,0.538313188723741,0,0.826192303311005,0,0,3,359,300898,3,3,-1,-1,-3,1,2,-1,1,-1,1,1,1,2,2,-3,-3,-3,6,NA,6,2,2,0,2,2
0.42588976444109,0.453389182223946,0,0.737260568587234,-9,0,2,695,301678,2,4,1,-1,-3,1,2,-1,1,-1,2,2,2,1,2,-3,-3,-3,37,NA,37,1,1,0,1,1
0.5129647484028,0.503392616715023,85,0.879156865642736,60,85,4,1014,302463,4,4,2,-1,-3,3,1,-1,1,-1,1,1,2,1,2,-3,-3,-3,26,NA,26,1,1,0,1,1
0.398835083367158,0.418274664449214,100,0.418520290813787,0,0,6,4907,407353,4,4,1,-1,-3,3,-1,-1,1,-1,1,1,-1,-1,-1,-1,-1,-3,29,NA,29,1,0,1,1,1
0.887536914896901,0.904488242554138,85,1.46422907334369,100,85,99,401,301018,4,4,3,-1,-3,3,2,-1,1,-1,1,1,2,1,2,-3,-3,-3,34,NA,34,2,2,0,2,2
0.564474950355029,0.539397636025282,70,0.723095618810041,80,100,99,4876,407262,99,4,3,-1,-3,3,-1,-1,1,-1,1,1,-1,-1,-1,-1,-1,-3,36,NA,36,2,0,2,2,2
1.48609815373943,1.5396741271187,31,1.87124594456569,70,70,7,3565,403955,7,5,-1,-1,-3,-1,-1,-1,5,-1,2,2,-1,-1,-1,-1,-1,-3,48,NA,48,1,0,1,1,1
1.52639449392082,NA,100,1.26220787915667,100,-6,4,4757,406966,99,99,2,-1,-3,3,-1,-1,1,-1,1,1,-1,-1,-1,-1,-1,-3,48,NA,48,2,0,2,2,2
1.26469342557167,1.27205997373446,60,1.69660075246642,70,50,4,2925,402338,4,3,-1,-1,-3,-1,-1,-1,5,-1,1,3,-1,-1,-1,-1,-1,-3,40,NA,40,2,0,2,2,2
0.289894514259453,0.274031996271552,15,0.342469652024383,15,0,4,4917,407380,4,99,3,-1,-3,-1,-1,-1,5,-1,1,1,-1,-1,-1,-1,-1,-3,27,NA,27,2,0,2,2,2
2.01365490032189,2.01899180969869,0,1.39034679770841,0,0,4,4777,407009,5,5,-1,-1,-3,-1,-1,-1,5,-1,2,2,-1,-1,-1,-1,-1,-3,26,NA,26,1,0,1,1,1
0.857374910926985,0.862731345888604,72,1.29809614489866,85,100,5,3152,402901,5,4,3,-1,-3,-1,-1,-1,5,-1,1,1,-1,-1,-1,-1,-1,-3,4,NA,4,1,0,1,1,1
NA,NA,60,3.09376964945435,50,NA,2,647,301567,NA,3,-1,-1,-3,1,2,NA,1,-1,NA,2,2,1,2,-3,-3,-3,17,NA,17,1,1,0,1,NA
NA,NA,30,2.57236004577547,0,NA,99,198,300497,NA,99,1,1,-3,-1,2,NA,5,-1,NA,3,2,1,2,-3,-3,-3,8,NA,8,2,2,0,2,NA
0.897220904099241,0.838672252549832,0,1.28031257779079,0,0,2,3215,403071,2,2,-1,-1,-3,1,-1,-1,1,-1,1,1,-1,-1,-1,-1,-1,-3,37,NA,37,1,0,1,1,1
2.25403533251698,2.26090793078887,86,1.34491325486546,85,85,4,4699,406829,5,6,-1,-1,-3,-1,-1,-1,5,-1,1,1,-1,-1,-1,-1,-1,-3,37,NA,37,1,0,1,1,1
1.49690883639029,1.45272262952734,5,0.790663121798269,0,0,5,3229,403113,4,5,-1,-1,-3,3,-1,-1,1,-1,1,1,-1,-1,-1,-1,-1,-3,22,NA,22,1,0,1,1,1
0.59646821000112,0.562198325262992,16,0.855891535000459,0,0,2,3937,404908,4,3,-1,-1,-3,-1,-1,-1,5,-1,1,1,-1,-1,-1,-1,-1,-3,42,NA,42,2,0,2,2,2
1.05545756214312,1.01985145146123,40,2.10122988778267,0,0,2,3604,404043,3,4,3,-1,-3,-1,-1,-1,5,-1,3,3,-1,-1,-1,-1,-1,-3,48,NA,48,1,0,1,1,1
0.31796062033524,0.30625051011841,5,0.34952070350003,0,0,2,5072,407758,2,2,-1,-1,-3,1,-1,-1,1,-1,1,1,-1,-1,-1,-1,-1,-3,6,NA,6,2,0,2,2,2
0.985062920192526,1.01843287079964,55,1.30362542882741,30,40,4,3994,405026,4,4,3,-1,-3,-1,-1,-1,5,-1,1,1,-1,-1,-1,-1,-1,-3,29,NA,29,2,0,2,2,2
NA,NA,85,0.746259322169221,85,NA,99,4926,407396,NA,99,1,-1,-3,3,-1,NA,1,-1,NA,1,-1,-1,-1,-1,-1,-3,48,NA,48,2,0,2,2,NA
NA,NA,100,1.52761154669031,100,NA,99,5087,407796,NA,4,3,-1,-3,-1,-1,NA,-9,-1,NA,-9,-1,-1,-1,-1,-1,-3,51,NA,51,2,0,2,2,NA
1.73817919345962,NA,50,1.49282444596483,0,-6,4,3050,402670,4,3,-1,-1,-3,1,-1,-1,1,-1,1,-9,-1,-1,-1,-1,-1,-3,55,NA,55,2,0,2,2,2
NA,NA,75,0.910585457865649,-6,NA,6,3577,403978,NA,5,-1,-6,-3,7,-1,NA,1,-6,NA,1,-1,-1,-1,-1,-1,-3,42,NA,42,2,0,2,2,NA
0.697579283011377,0.683978163077475,0,0.672835225096758,0,30,3,3670,404232,3,2,-1,-1,-3,1,-1,-1,1,-1,1,1,-1,-1,-1,-1,-1,-3,17,NA,17,2,0,2,2,2
0.704747883434113,0.672222327051584,32,0.845785999580822,0,30,5,2561,401410,5,5,-1,-1,-3,-1,-1,-1,5,-1,1,1,-1,-1,-1,-1,-1,-3,48,NA,48,2,0,2,2,2
3.1347515142415,3.31530008820567,85,2.7101524390157,100,90,5,2903,402290,5,6,-1,-1,-3,3,-1,-1,1,-1,1,1,-1,-1,-1,-1,-1,-3,37,NA,37,2,0,2,2,2
NA,NA,5,0.374416509898327,0,NA,3,778,301880,NA,3,-1,-1,-3,1,2,NA,1,-1,NA,1,2,1,2,-3,-3,-3,20,NA,20,1,1,0,1,NA
0.56002075648502,0.569304424699613,0,1.09782464841313,0,0,4,4792,407050,3,2,-1,-1,-3,1,-1,-1,1,-1,2,5,-1,-1,-1,-1,-1,-3,45,NA,45,2,0,2,2,2
0.750137254613622,0.746865805402613,0,0.781733255732609,0,0,4,4449,406217,5,99,3,-1,-3,-1,-1,-1,5,-1,2,2,-1,-1,-1,-1,-1,-3,4,NA,4,1,0,1,1,1
0.746653256095263,0.707048691178624,50,0.793556132494227,-9,49,4,4648,406715,4,4,3,-1,-3,-1,-1,-1,5,-1,1,1,-1,-1,-1,-1,-1,-3,53,NA,53,1,0,1,1,1
0.251543950084543,0.233321304041849,50,0.273603260629969,70,85,4,956,302317,4,4,1,-1,-3,-1,2,-1,5,-1,1,1,2,1,2,-3,-3,-3,47,NA,47,1,1,0,1,1
0.73117572803303,0.867827077325641,0,0.571893841777279,0,15,4,2432,401090,6,99,3,-1,-3,-1,-1,-1,5,-1,2,2,-1,-1,-1,-1,-1,-3,24,NA,24,2,0,2,2,2
1.20956811399671,1.10383713117315,50,1.72162466357847,16,0,5,1106,302710,5,99,2,-1,-3,-1,2,-1,5,-1,3,3,2,1,2,-3,-3,-3,35,NA,35,2,2,0,2,2
0.358705077689948,0.344449151022105,30,0.520839202051323,0,0,4,4405,406104,5,5,-1,-1,-3,-1,-1,-1,5,-1,1,1,-1,-1,-1,-1,-1,-3,24,NA,24,2,0,2,2,2
3.40499661359172,3.35220278075069,60,0.80053365231873,100,100,99,729,301770,6,5,-1,-1,-3,-1,2,-1,5,-1,3,3,2,1,2,-3,-3,-3,40,NA,40,2,2,0,2,2
1.34177708382114,1.31959256906029,89,1.66374003035849,90,100,5,3951,404933,6,6,-1,-1,-3,3,-1,-1,1,-1,1,1,-1,-1,-1,-1,-1,-3,23,NA,23,1,0,1,1,1
0.765802469468805,0.788473170707443,85,0.796805166612889,80,75,7,2479,401207,6,5,-1,-1,-3,3,-1,-1,1,-1,1,1,-1,-1,-1,-1,-1,-3,22,NA,22,1,0,1,1,1
NA,NA,85,2.40790938241636,-6,NA,99,2213,400549,NA,4,3,-6,-3,-1,-1,NA,5,-6,NA,1,-1,-1,-1,-1,-1,-3,47,NA,47,1,0,1,1,NA
0.958124130384473,1.02039659323832,40,1.31012184000265,70,75,6,4668,406758,6,6,-1,-1,-3,3,-1,-1,1,-1,1,1,-1,-1,-1,-1,-1,-3,26,NA,26,2,0,2,2,2
1.47287200554668,1.54796227193972,70,2.49925255369182,70,85,5,2883,402234,5,4,3,-1,-3,-1,-1,-1,5,-1,1,1,-1,-1,-1,-1,-1,-3,39,NA,39,2,0,2,2,2
NA,NA,50,0.820001131058518,0,NA,3,583,301420,NA,3,-1,-1,-3,-1,1,NA,5,-1,NA,3,2,1,2,-3,-3,-3,40,NA,5,1,1,0,1,NA
NA,NA,70,1.68450760487406,100,NA,6,4117,405330,NA,5,-1,-1,-3,3,-1,NA,1,-1,NA,1,-1,-1,-1,-1,-1,-3,6,NA,6,2,0,2,2,NA
0.561264000681908,0.64152010112157,61,0.615355264991825,60,85,6,2153,400394,6,6,-1,2,-3,3,-1,-1,1,-1,1,1,-1,-1,-1,-1,-1,-3,32,NA,32,2,0,2,2,2
0.190729867895834,0.181271260863084,0,0.393954365586327,0,0,99,5067,407741,99,4,3,-1,-3,1,-1,-1,1,-1,1,1,-1,-1,-1,-1,-1,-3,39,NA,39,1,0,1,1,1
0.691339969240814,0.72979736827088,0,0.656863896629175,15,0,3,3053,402675,2,3,-1,-1,-3,-1,-1,-1,5,-1,1,1,-1,-1,-1,-1,-1,-3,31,NA,31,1,0,1,1,1
0.405269924978581,0.400794955878894,65,0.389516248039681,60,85,5,4156,405432,6,3,-1,-1,-3,-1,-1,-1,5,-1,1,1,-1,-1,-1,-1,-1,-3,37,NA,37,2,0,2,2,2
0.235639354111311,0.266192700199005,70,0.546175456987106,85,100,6,3590,404009,6,6,-1,-1,-3,3,-1,-1,1,-1,1,1,-1,-1,-1,-1,-1,-3,45,NA,45,1,0,1,1,1
0.827733568558667,0.784339283096085,85,1.08488896025747,70,100,6,140,300307,7,6,-1,-1,-3,-1,2,-1,5,-1,1,1,2,1,2,-3,-3,-3,47,NA,47,1,1,0,1,1
NA,NA,70,0.532365872599324,60,NA,6,3863,404743,NA,6,-1,-1,-3,3,-1,NA,1,-1,NA,1,-1,-1,-1,-1,-1,-3,42,NA,42,1,0,1,1,NA
1.25719919231844,1.18585152382016,0,1.61635498461075,0,0,4,102,300224,4,4,1,-1,-3,1,2,-1,1,-1,1,1,2,1,2,-3,-3,-3,42,NA,42,2,2,0,2,2
0.778634126060469,0.791463075865569,0,0.691052957115222,0,0,2,2886,402241,2,3,-1,-1,-3,-1,-1,-1,5,-1,1,1,-1,-1,-1,-1,-1,-3,12,NA,12,1,0,1,1,1
NA,NA,0,0.397786584027933,-7,NA,2,2863,402187,NA,1,-1,-7,-3,-1,-1,NA,5,-7,NA,1,-1,-1,-1,-1,-1,-3,6,NA,6,1,0,1,1,NA
0.736165175003848,0.7131316292503,50,0.841999184742506,60,60,5,4620,406646,5,5,-1,-1,-3,-1,-1,-1,-9,-1,1,1,-1,-1,-1,-1,-1,-3,39,NA,39,2,0,2,2,2
0.873790410525578,0.80693692270975,16,0.829736548961913,0,0,2,2762,401915,2,3,-1,-1,-3,-1,-1,-1,5,-1,1,1,-1,-1,-1,-1,-1,-3,19,NA,19,1,0,1,1,1
1.22707195953451,1.17741890046848,15,0.681830258621903,0,15,4,3538,403903,4,4,3,-1,-3,1,-1,-1,1,-1,1,1,-1,-1,-1,-1,-1,-3,12,NA,12,1,0,1,1,1
0.855473595888142,0.81225974142955,88,0.763284030672008,100,100,6,2346,400898,6,6,-1,-1,-3,3,-1,-1,1,-1,1,1,-1,-1,-1,-1,-1,-3,16,NA,16,2,0,2,2,2
4.35333433498162,4.34597640840981,100,3.45921867419629,100,100,99,4621,406650,6,99,3,2,-3,-1,-1,-1,5,-1,1,1,-1,-1,-1,-1,-1,-3,42,NA,42,2,0,2,2,2
0.499643257767935,0.487065916864197,0,0.740325919352315,0,0,3,2018,400050,3,3,-1,-1,-3,1,-1,-1,1,-1,1,1,-1,-1,-1,-1,-1,-3,54,NA,54,2,0,2,2,2
1.64367789773871,1.46616914812775,99,2.13632331333275,100,100,99,3835,404667,1,1,-1,-1,-3,3,-1,-1,1,-1,1,1,-1,-1,-1,-1,-1,-3,36,NA,36,1,0,1,1,1
1.12297979570036,1.26588758889259,0,1.04385616284545,0,0,99,3594,404020,99,99,3,-1,-3,-1,-1,-1,5,-1,2,2,-1,-1,-1,-1,-1,-3,45,NA,45,2,0,2,2,2
NA,NA,50,0.583237083558975,100,NA,99,528,301308,NA,4,1,-1,-3,7,2,NA,1,-1,NA,3,1,2,2,-3,-3,-3,6,NA,6,2,2,0,2,NA
0.570996825483417,0.535554912037545,1,0.970956221322107,0,0,2,2579,401442,2,2,-1,-1,-3,1,-1,-1,1,-1,1,1,-1,-1,-1,-1,-1,-3,35,NA,35,2,0,2,2,2
2.89084728276404,3.3129212930422,0,1.70942666708954,15,0,99,2022,400055,4,4,3,-1,-3,-1,-1,-1,5,-1,2,2,-1,-1,-1,-1,-1,-3,45,NA,45,1,0,1,1,1
0.271344195682005,0.262059009721677,71,0.354796599891616,95,85,6,3587,404002,6,6,-1,-1,-3,3,-1,-1,1,-1,1,1,-1,-1,-1,-1,-1,-3,24,NA,24,2,0,2,2,2
0.548913440893356,0.542938116699169,15,0.785366049628041,0,0,99,3537,403897,2,2,-1,-1,-3,1,-1,-1,1,-1,3,3,-1,-1,-1,-1,-1,-3,12,NA,12,1,0,1,1,1
0.847358487358524,0.846335039628393,0,1.17344456360725,0,0,2,948,302286,2,2,-1,-1,-3,1,2,-1,1,-1,1,1,2,2,1,-3,-3,-3,24,NA,24,2,2,0,2,2
1.96485801665154,2.05712383579914,90,1.38685004812122,100,100,6,4086,405250,6,6,-1,-1,-3,3,-1,-1,1,-1,1,1,-1,-1,-1,-1,-1,-3,17,NA,17,2,0,2,2,2
NA,NA,42,0.770844209293256,-6,NA,5,2348,400905,NA,4,3,-6,-3,-1,-1,NA,5,-6,NA,1,-1,-1,-1,-1,-1,-3,39,NA,18,1,0,1,1,NA
NA,NA,70,0.347212160021351,60,NA,6,609,301479,NA,5,-1,-1,-3,3,2,NA,1,-1,NA,1,2,1,2,-3,-3,-3,34,NA,34,1,1,0,1,NA
0.605034891426496,0.598245716782329,20,0.633491789475995,70,75,7,2533,401349,7,7,-1,-1,-3,-1,-1,-1,5,-1,1,1,-1,-1,-1,-1,-1,-3,18,NA,18,1,0,1,1,1
NA,NA,85,0.571627875357963,-6,NA,7,2811,402041,NA,7,-1,-6,-3,3,-1,NA,1,-6,NA,3,-1,-1,-1,-1,-1,-3,29,NA,29,1,0,1,1,NA
0.168087731742349,0.177232788117772,100,0.337044936542985,85,85,6,18,300040,3,6,-1,-1,-3,3,2,-1,1,-1,1,1,2,1,2,-3,-3,-3,35,NA,35,2,2,0,2,2
0.35896403333154703,0.357184096692439,0,0.636816768514851,60,50,99,2111,400289,4,-9,1,-1,-3,-1,-1,-1,5,-1,2,2,-1,-1,-1,-1,-1,-3,48,NA,48,1,0,1,1,1
NA,NA,0,1.00585330872989,0,NA,99,3999,405034,NA,3,-1,-1,-3,-1,-1,NA,5,-1,NA,2,-1,-1,-1,-1,-1,-3,48,NA,48,2,0,2,2,NA
0.309596277104244,0.306122170221272,15,0.596754610887733,0,5,2,957,302321,2,2,-1,-1,-3,1,2,-1,1,-1,1,1,2,2,1,-3,-3,-3,6,NA,6,1,1,0,1,1
0.763757113841806,0.769199910979548,31,0.652178079524652,30,0,4,2371,400958,5,6,-1,-1,-3,-1,-1,-1,5,-1,1,1,-1,-1,-1,-1,-1,-3,6,NA,6,2,0,2,2,2
0.474213439786226,0.429864486255034,10,0.923648723579867,0,0,3,3454,403682,3,3,-1,-1,-3,-1,-1,-1,5,-1,1,1,-1,-1,-1,-1,-1,-3,25,NA,25,2,0,2,2,2
1.13692760377962,1.2031019722846,40,1.19925169281732,35,80,3,4633,406675,5,3,-1,-1,-3,1,-1,-1,1,-1,1,1,-1,-1,-1,-1,-1,-3,42,NA,42,1,0,1,1,1
4.99999998289759,5.00000000943276,0,2.01799170825902,0,0,1,2641,401592,1,1,-1,-1,-3,1,-1,-1,1,-1,1,1,-1,-1,-1,-1,-1,-3,53,NA,53,2,0,2,2,2
1.73125971582866,1.81435158572111,0,0.677482354791717,0,0,4,2201,400528,99,7,-1,-1,-3,1,-1,-1,1,-1,2,2,-1,-1,-1,-1,-1,-3,13,NA,13,2,0,2,2,2
0.776776031894984,0.908687857888757,60,0.440283774213574,98,70,7,501,301244,6,7,-1,-1,-3,7,1,-1,1,-1,4,4,2,1,2,-3,-3,-3,27,NA,27,2,2,0,2,2
4.19162759233142,4.2401638248693,1,1.33962848237168,0,0,3,4333,405897,2,99,3,-1,-3,1,-1,-1,1,-1,3,3,-1,-1,-1,-1,-1,-3,36,NA,36,1,0,1,1,1
0.85238173754848,0.853175715475942,35,0.754518139073934,85,60,6,2422,401071,6,5,-1,-1,-3,-1,-1,-1,5,-1,1,1,-1,-1,-1,-1,-1,-3,12,NA,12,1,0,1,1,1
1.98342539645005,1.946125041265,100,1.20423645073134,100,100,7,3924,404875,7,4,2,-1,-3,3,-1,-1,1,-1,1,1,-1,-1,-1,-1,-1,-3,54,NA,54,1,0,1,1,1
0.723639675985562,0.696357071659699,60,0.46109374493034,85,60,4,4006,405053,6,4,3,-1,-3,-1,-1,-1,5,-1,1,1,-1,-1,-1,-1,-1,-3,36,NA,36,1,0,1,1,1
0.364171514385869,0.371615282041097,85,0.56820083336725,85,85,6,4484,406288,6,6,-1,-1,-3,3,-1,-1,1,-1,1,1,-1,-1,-1,-1,-1,-3,39,NA,39,2,0,2,2,2
NA,NA,100,1.17840504265808,-6,NA,6,917,302206,NA,6,-1,-6,-3,3,2,NA,1,-6,NA,3,2,2,2,-3,-3,-3,48,NA,48,1,1,0,1,NA
0.978611904000316,0.914851922842226,70,0.754855463693476,100,100,7,2379,400971,7,7,-1,-1,-3,3,-1,-1,1,-1,1,1,-1,-1,-1,-1,-1,-3,54,NA,54,1,0,1,1,1
1.80495335286856,1.7882017689344,40,2.04487741789818,30,30,99,1026,302493,1,99,2,-1,-3,1,2,-1,1,-1,1,1,2,1,2,-3,-3,-3,47,NA,47,1,1,0,1,1
0.601195381817336,0.641585050931048,0,0.39974686031124,0,60,2,4727,406896,3,2,-1,-1,-3,1,-1,-1,1,-1,1,3,-1,-1,-1,-1,-1,-3,29,NA,29,2,0,2,2,2
0.539062227193814,0.540621022609883,86,0.874184223120889,100,100,6,3144,402878,6,6,-1,-1,-3,3,-1,-1,1,-1,1,-9,-1,-1,-1,-1,-1,-3,27,NA,27,2,0,2,2,2
0.474765348624198,0.456080319145006,85,0.897197828265091,85,100,6,2129,400342,6,6,-1,-1,-3,3,-1,-1,1,-1,1,1,-1,-1,-1,-1,-1,-3,36,NA,36,2,0,2,2,2
NA,NA,100,1.5137904809549,100,NA,6,2219,400563,NA,4,3,-1,-3,-1,-1,NA,5,-1,NA,1,-1,-1,-1,-1,-1,-3,39,NA,39,1,0,1,1,NA
2.55664728615721,2.32598325143674,0,1.00670443554136,0,0,3,4423,406142,3,2,-1,-1,-3,1,-1,-1,1,-1,1,1,-1,-1,-1,-1,-1,-3,32,NA,32,2,0,2,2,2
0.293180986079154,0.279384485368757,40,0.367938920207821,85,30,4,4461,406240,5,4,3,-1,-3,-1,-1,-1,5,-1,1,1,-1,-1,-1,-1,-1,-3,6,NA,6,2,0,2,2,2
1.56521422459838,NA,0,0.688148172830498,0,-6,4,4033,405128,4,2,-1,-1,-3,1,-1,-1,1,-1,4,4,-1,-1,-1,-1,-1,-3,15,NA,6,2,0,2,2,2
NA,NA,66,0.652657052067816,-6,NA,4,2262,400671,NA,5,-1,-6,-3,3,-1,NA,1,-6,NA,4,-1,-1,-1,-1,-1,-3,34,NA,34,1,0,1,1,NA
1.9466245590261,2.22595078990529,0,0.798624786795772,0,0,1,4358,405969,99,4,3,-1,-3,1,-1,-1,1,-1,2,3,-1,-1,-1,-1,-1,-3,6,NA,6,1,0,1,1,1
0.319661902683526,0.312138864918779,0,0.997981193628412,0,0,2,1010,302456,3,3,-1,-1,-3,1,2,-1,1,-1,3,3,2,1,2,-3,-3,-3,34,NA,34,1,1,0,1,1
0.443029830194295,0.436350576875423,2,0.586478882706061,0,0,2,4830,407157,2,2,-1,-1,-3,1,-1,-1,1,-1,1,1,-1,-1,-1,-1,-1,-3,48,NA,48,1,0,1,1,1
0.474644938746817,0.546139834871591,98,0.653252572105334,100,85,6,3608,404050,6,6,-1,-1,-3,3,-1,-1,1,-1,1,1,-1,-1,-1,-1,-1,-3,47,NA,47,2,0,2,2,2
0.575074116346562,0.572052716346935,72,0.781620882040782,60,50,4,3251,403166,4,4,2,-1,-3,-1,-1,-1,5,-1,1,1,-1,-1,-1,-1,-1,-3,12,NA,12,2,0,2,2,2
4.99999998289759,5.00000000943276,0,1.44329960397534,0,0,4,2687,401715,4,4,3,-1,-3,1,-1,-1,1,-1,3,3,-1,-1,-1,-1,-1,-3,34,NA,34,1,0,1,1,1
1.47858666088519,NA,0,1.03926099395989,85,-6,2,271,300679,4,3,-1,-1,-3,1,2,-1,1,-1,3,3,1,2,2,-3,-3,-3,48,NA,48,1,1,0,1,1
0.306721634791349,NA,100,0.755534954133403,40,-6,6,2525,401320,4,6,-1,-1,-3,3,-1,-1,1,-5,1,1,-1,-1,-1,-1,-1,-3,20,NA,20,2,0,2,2,2
NA,NA,0,0.867854926149579,0,NA,2,3625,404090,NA,99,-9,-1,-3,-1,-1,NA,5,-1,NA,1,-1,-1,-1,-1,-1,-3,12,NA,26,2,0,2,2,NA
1.56766082091963,1.43044575200349,0,1.66521449102953,0,0,4,3866,404748,6,99,3,-1,-3,-1,-1,-1,5,-1,1,1,-1,-1,-1,-1,-1,-3,27,NA,27,2,0,2,2,2
0.31310438338315,0.333286854127328,60,0.321580814801767,100,100,7,4810,407109,7,6,-1,-1,-3,3,-1,-1,1,-1,1,3,-1,-1,-1,-1,-1,-3,39,NA,39,1,0,1,1,1
0.315066561913869,0.303467223231931,6,0.356934196774602,0,5,3,2023,400056,3,3,-1,-1,-3,1,-1,-1,1,-1,1,1,-1,-1,-1,-1,-1,-3,39,NA,39,2,0,2,2,2
0.84913913061435,0.846106808183284,2,0.579054908989311,0,0,3,4007,405055,3,3,-1,-1,-3,-1,-1,-1,5,-1,1,1,-1,-1,-1,-1,-1,-3,40,NA,40,1,0,1,1,1
0.924437069599532,0.924606603754111,15,0.714802333471873,0,15,2,2998,402544,2,2,-1,-1,-3,1,-1,-1,1,-1,1,1,-1,-1,-1,-1,-1,-3,17,NA,17,2,0,2,2,2
0.744051938741182,0.869502015780401,60,0.993407571410725,85,100,99,4977,407546,6,99,3,-1,-3,1,-1,-1,1,-1,1,1,-1,-1,-1,-1,-1,-3,45,NA,45,2,0,2,2,2
0.997768023905054,0.927187872092562,15,0.690582677703112,0,0,6,2566,401422,6,6,-1,-1,-3,3,-1,-1,1,-1,3,3,-1,-1,-1,-1,-1,-3,48,NA,48,2,0,2,2,2
0.425067536740785,0.41883613711907,2,0.390823171995733,30,40,6,3243,403145,6,6,-1,-1,-3,3,-1,-1,1,-1,1,1,-1,-1,-1,-1,-1,-3,12,NA,12,1,0,1,1,1
0.931428156697648,0.929766024868579,1,0.618289697500211,0,0,3,5025,407654,3,3,-1,-1,-3,1,-1,-1,1,-1,1,1,-1,-1,-1,-1,-1,-3,48,NA,48,2,0,2,2,2
1.48355806260005,1.51608118595943,0,0.653578565775384,0,0,3,3404,403538,4,2,-1,-1,-3,1,-1,-1,1,-1,6,1,-1,-1,-1,-1,-1,-3,39,NA,39,2,0,2,2,2
0.864879463683169,0.837116093527735,60,0.828321664897338,60,70,6,964,302344,6,5,-1,-1,-3,-1,2,-1,5,-1,1,1,2,2,2,-3,-3,-3,39,NA,39,2,2,0,2,2
NA,NA,70,0.547687509656234,-6,NA,6,841,302029,NA,6,-1,-6,-3,-1,2,NA,5,-6,NA,1,2,1,2,-3,-3,-3,13,NA,13,1,1,0,1,NA
2.24288354088193,2.20374948722544,0,0.735149537986071,0,0,4,4365,405984,2,4,3,-1,-3,1,-1,-1,1,-1,3,3,-1,-1,-1,-1,-1,-3,48,NA,48,2,0,2,2,2
0.198320530892483,0.205391950675973,72,0.342112038335663,0,0,3,3505,403813,3,4,3,-1,-3,-1,-1,-1,5,-1,1,1,-1,-1,-1,-1,-1,-3,29,NA,29,1,0,1,1,1
0.222437285674423,0.22297076187071,100,0.344333652177498,100,100,6,3247,403155,7,6,-1,-1,-3,3,-1,-1,1,-1,1,1,-1,-1,-1,-1,-1,-3,29,NA,29,1,0,1,1,1
0.539766054187486,0.547926767104914,70,0.670393100689032,70,60,5,1088,302657,5,5,-1,-1,-3,-1,1,-1,5,-1,1,1,2,1,2,-3,-3,-3,47,NA,47,2,2,0,2,2
1.05327245741181,NA,0,1.09065063111575,0,-7,1,1032,302509,1,1,-1,-1,-3,1,2,-1,1,-1,1,5,2,1,2,-3,-3,-3,16,NA,16,2,2,0,2,2
1.40887927802911,1.58442243703568,85,0.957854574225037,70,85,99,566,301383,99,4,2,-1,-3,-1,2,-1,5,-1,1,1,2,1,2,-3,-3,-3,34,NA,34,2,2,0,2,2
0.469424111532406,0.441280760022723,15,0.643239275030681,0,15,2,4020,405087,3,2,-1,-1,-3,1,-1,-1,1,-1,1,1,-1,-1,-1,-1,-1,-3,25,NA,25,1,0,1,1,1
1.20439034136851,1.20137022866624,60,0.676644863390647,100,85,6,2649,401607,6,5,-1,-1,-3,-1,-1,-1,5,-1,1,1,-1,-1,-1,-1,-1,-3,37,NA,37,1,0,1,1,1
0.6144036146683,0.587001499009862,85,0.759688699242045,85,70,99,4110,405314,5,3,-1,-1,-3,-1,-1,-1,5,-1,1,1,-1,-1,-1,-1,-1,-3,31,NA,31,2,0,2,2,2
0.604276684751342,0.583427663933111,76,0.757254711810621,70,80,6,3578,403979,5,6,-1,-1,-3,3,-1,-1,1,-1,1,1,-1,-1,-1,-1,-1,-3,13,NA,13,1,0,1,1,1
0.830137865849428,0.792807941121293,4,1.39044261251887,0,0,7,3637,404124,1,99,3,-1,-3,1,-1,-1,1,-1,2,2,-1,-1,-1,-1,-1,-3,13,NA,13,2,0,2,2,2
0.705103439323544,NA,15,0.479759374916798,30,-6,99,4113,405319,99,4,3,-1,-3,-1,-1,-1,5,-1,1,1,-1,-1,-1,-1,-1,-3,36,NA,36,1,0,1,1,1
1.11245177769982,1.07311865586342,0,1.48033580215156,0,0,4,3069,402703,4,4,3,-1,-3,-1,-1,-1,5,-1,1,1,-1,-1,-1,-1,-1,-3,6,NA,6,1,0,1,1,1
1.55861396499648,1.35038182583029,85,1.96240430257325,-9,100,6,4981,407550,6,4,2,4,-3,-1,-1,-1,5,-1,1,1,-1,-1,-1,-1,-1,-3,36,NA,36,2,0,2,2,2
NA,NA,50,3.09899038556266,15,NA,99,215,300547,NA,4,1,-1,-3,-1,2,NA,5,-1,NA,5,1,2,2,-3,-3,-3,6,NA,6,2,2,0,2,NA
0.385679086021962,0.366768363444111,0,0.643064367058434,0,0,5,2244,400627,4,4,3,-1,-3,-1,-1,-1,5,-1,1,1,-1,-1,-1,-1,-1,-3,25,NA,25,1,0,1,1,1
0.219930761963841,0.225776533201081,89,0.387928024737237,100,70,6,4695,406818,6,6,-1,-1,-3,3,-1,-1,1,-1,1,1,-1,-1,-1,-1,-1,-3,12,NA,12,2,0,2,2,2
0.595613564635588,0.600576679726226,100,0.57685589586481,99,85,6,513,301278,5,4,2,-1,-3,3,1,-1,1,-1,1,1,2,1,2,-3,-3,-3,26,NA,26,1,1,0,1,1
2.00203595587123,2.01213924655502,85,0.793556132494227,70,100,2,2095,400255,99,99,-9,-1,-3,3,-1,-1,1,-1,3,3,-1,-1,-1,-1,-1,-3,6,NA,6,1,0,1,1,1
0.27709537140366,0.243960697253988,40,0.348676755731959,30,0,4,4189,405525,3,4,1,-1,-3,-1,-1,-1,5,-1,1,1,-1,-1,-1,-1,-1,-3,1,NA,1,1,0,1,1,1
0.484178408626795,0.546939433283168,100,0.680724761776423,100,100,7,4238,405646,6,7,-1,-1,-3,3,-1,-1,1,-1,1,6,-1,-1,-1,-1,-1,-3,51,NA,51,2,0,2,2,2
NA,NA,15,0.723541298686325,-6,NA,4,2568,401426,NA,4,3,-6,-3,-1,-1,NA,5,-6,NA,5,-1,-1,-1,-1,-1,-3,27,NA,27,2,0,2,2,NA
0.965433455366904,1.07735200318685,34,1.52544488969095,70,70,5,2807,402036,3,3,-1,-1,-3,-1,-1,-1,5,-1,1,1,-1,-1,-1,-1,-1,-3,13,NA,13,2,0,2,2,2
0.708559796088737,0.695705176848046,43,0.638735215043492,40,70,4,3413,403563,6,4,2,-1,-3,-1,-1,-1,5,-1,1,1,-1,-1,-1,-1,-1,-3,51,NA,51,1,0,1,1,1
0.537631354402968,NA,50,0.792804435939728,0,-6,5,335,300831,5,3,-1,-1,-3,1,1,-1,1,-1,3,3,1,2,2,-3,-3,-3,48,NA,48,2,2,0,2,2
NA,NA,15,1.6924631166368,100,NA,99,4850,407201,NA,2,-1,-1,-3,-1,-1,NA,5,-1,NA,1,-1,-1,-1,-1,-1,-3,37,NA,37,1,0,1,1,NA
0.707630774913492,0.708790795762318,0,0.6960702845537,0,0,2,3034,402628,3,2,-1,-1,-3,1,-1,-1,1,-1,4,4,-1,-1,-1,-1,-1,-3,8,NA,8,2,0,2,2,2
NA,NA,0,1.26358745281909,-6,NA,2,175,300404,NA,2,-1,-6,-3,1,1,NA,1,-6,NA,1,2,1,2,-3,-3,-3,34,NA,36,2,2,0,2,NA
0.244236769241611,0.229781678747686,70,0.577771384339288,100,70,4,1042,302539,6,4,2,-1,-3,3,2,-1,1,-1,3,3,1,2,2,-3,-3,-3,48,NA,48,1,1,0,1,1
0.247086076074513,0.247813703015806,70,0.560035402266531,85,70,5,2301,400758,5,5,-1,-1,-3,3,-1,-1,1,-1,1,1,-1,-1,-1,-1,-1,-3,18,NA,18,2,0,2,2,2
0.540375728102616,0.516255682326027,42,0.748481484425334,15,40,5,4278,405748,5,5,-1,-1,-3,-1,-1,-1,5,-1,1,1,-1,-1,-1,-1,-1,-3,39,NA,39,2,0,2,2,2
0.327760532970085,0.325749356593645,0,0.628308789203829,0,0,2,4793,407055,2,2,-1,-1,-3,1,-1,-1,1,-1,1,1,-1,-1,-1,-1,-1,-3,42,NA,42,1,0,1,1,1
4.99999998289759,5.00000000943276,85,2.10918272351737,60,80,6,278,300699,5,6,-1,-1,-3,3,2,-1,1,-1,1,1,2,1,2,-3,-3,-3,53,NA,53,1,1,0,1,1
0.855870542261125,0.877724140649825,30,1.23247409308207,15,10,2,3235,403123,3,2,-1,-1,-3,1,-1,-1,1,-1,1,1,-1,-1,-1,-1,-1,-3,47,NA,47,1,0,1,1,1
0.296924318559304,0.296443552130021,85,0.307765179060423,100,100,7,3801,404580,7,7,-1,-1,-3,7,-1,-1,1,-1,1,1,-1,-1,-1,-1,-1,-3,36,NA,36,2,0,2,2,2
1.11753725220818,1.13460369853192,0,0.822080236933479,10,15,2,790,301906,2,1,-1,-1,-3,1,2,-1,1,-1,1,1,2,1,2,-3,-3,-3,16,NA,16,2,2,0,2,2
0.840382787502375,0.829348303903795,50,0.750229658075558,85,70,99,3412,403560,6,99,3,-1,-3,-1,-1,-1,5,-1,1,1,-1,-1,-1,-1,-1,-3,16,NA,16,2,0,2,2,2
0.731971346750399,0.747499303738974,60,0.675781647281167,40,55,5,181,300437,5,3,-1,-1,-3,-1,2,-1,5,-1,1,1,2,1,2,-3,-3,-3,17,NA,17,1,1,0,1,1
1.82437129456875,1.88386952901147,65,1.85304282058839,20,0,3,3077,402728,3,4,3,-1,-3,-1,-1,-1,5,-1,1,1,-1,-1,-1,-1,-1,-3,17,NA,17,2,0,2,2,2
1.09976329381613,1.12665814334703,85,1.6484458107119,60,60,6,4705,406843,2,99,1,-1,-3,-1,-1,-1,5,-1,1,1,-1,-1,-1,-1,-1,-3,39,NA,39,1,0,1,1,1
0.363173618415684,NA,85,0.978721242314836,85,-6,6,469,301167,6,6,-1,-1,-3,3,1,-1,1,-1,1,1,1,2,2,-3,-3,-3,9,NA,9,2,2,0,2,2
0.286366464789515,0.263687080738856,0,0.435782543150944,0,0,3,4234,405637,3,3,-1,4,-3,1,-1,-1,1,-1,1,1,-1,-1,-1,-1,-1,-3,38,NA,41,1,0,1,1,1
0.883156305434919,0.910687757448745,0,0.842618523144978,0,0,3,4084,405245,3,3,-1,-1,-3,1,-1,-1,1,-1,4,4,-1,-1,-1,-1,-1,-3,6,NA,6,1,0,1,1,1
1.27955106559411,1.29626961735661,99,1.48592111939379,85,70,7,3757,404453,6,6,-1,-1,-3,3,-1,-1,1,-1,1,1,-1,-1,-1,-1,-1,-3,6,NA,6,1,0,1,1,1
1.3981835344188,1.289028215317,98,2.4780637400118,60,85,4,5084,407788,99,4,2,-1,-3,1,-1,-1,1,-1,1,1,-1,-1,-1,-1,-1,-3,42,NA,42,2,0,2,2,2
0.252001854223948,0.215215545850838,51,0.517495381301137,60,80,99,2199,400517,6,6,-1,-1,-3,3,-1,-1,1,-1,3,4,-1,-1,-1,-1,-1,-3,39,NA,39,1,0,1,1,1
NA,NA,94,1.52257974451186,0,NA,99,2694,401739,NA,99,2,-1,-3,-1,-1,NA,5,-5,NA,1,-1,-1,-1,-1,-1,-3,23,NA,23,1,0,1,1,NA
NA,NA,15,1.10831092807462,70,NA,1,666,301612,NA,99,1,-1,-3,-1,1,NA,5,-1,NA,6,2,1,2,-3,-3,-3,37,NA,37,2,2,0,2,NA
0.767974551229006,0.81935511523812,33,0.562702769183602,0,15,2,3606,404047,2,2,-1,-1,-3,1,-1,-1,1,-1,1,1,-1,-1,-1,-1,-1,-3,50,NA,50,1,0,1,1,1
0.088355260120988,0.0825358094571362,15,0.241755713721868,0,70,6,193,300477,5,6,-1,-1,-3,-1,2,-1,5,-1,3,3,2,1,2,-3,-3,-3,35,NA,35,2,2,0,2,2
NA,NA,71,0.901120076042165,75,NA,3,4298,405793,NA,4,2,-1,-3,-1,-1,NA,5,-1,NA,4,-1,-1,-1,-1,-1,-3,15,NA,15,1,0,1,1,NA
0.580357030111005,0.60466461970554,58,0.697255197128899,60,70,99,2919,402325,2,3,-1,-1,-3,3,-1,-1,1,-1,1,1,-1,-1,-1,-1,-1,-3,12,NA,12,1,0,1,1,1
0.996609115911898,0.881261592039075,85,0.766992653517312,40,85,5,2594,401478,6,4,3,-1,-3,-1,-1,-1,5,-1,3,3,-1,-1,-1,-1,-1,-3,17,NA,17,2,0,2,2,2
0.914790003870234,0.958292977203072,65,1.21511614315765,68,60,6,3234,403122,4,99,3,-1,-3,-1,-1,-1,5,-1,1,1,-1,-1,-1,-1,-1,-3,12,NA,12,2,0,2,2,2
0.250988094565814,0.248471076718532,0,0.416896803573077,0,0,1,3788,404542,2,2,-1,-1,-3,1,-1,-1,1,-1,1,1,-1,-1,-1,-1,-1,-3,42,NA,42,2,0,2,2,2
1.04817355437726,1.01064935638357,40,1.30106047248739,15,0,4,4947,407455,3,4,3,-1,-3,-1,-1,-1,5,-1,1,1,-1,-1,-1,-1,-1,-3,40,NA,40,1,0,1,1,1
0.805477364039869,0.78849278492212,0,0.563800069190649,15,5,3,2933,402360,3,3,-1,-1,-3,1,-1,-1,1,-1,1,1,-1,-1,-1,-1,-1,-3,19,NA,19,2,0,2,2,2
0.739574468760676,0.71820982308785,15,0.719757450983384,0,0,2,475,301184,3,3,-1,-1,-3,1,1,-1,1,-1,1,1,2,1,2,-3,-3,-3,17,NA,17,2,2,0,2,2
NA,NA,70,2.91766404182053,95,NA,99,4166,405461,NA,99,3,-1,-3,3,-1,NA,1,-1,NA,4,-1,-1,-1,-1,-1,-3,27,NA,27,1,0,1,1,NA
NA,NA,85,3.50905200720933,100,NA,6,382,300956,NA,6,-1,-1,-3,3,2,NA,1,-1,NA,1,2,1,2,-3,-3,-3,16,NA,16,2,2,0,2,NA
1.29938805582179,1.27326700117492,40,1.13084676708118,0,20,3,605,301465,4,5,-1,-1,-3,3,1,-1,1,-1,1,1,2,1,2,-3,-3,-3,26,NA,26,1,1,0,1,1
NA,NA,61,1.30901572786002,-6,NA,4,3427,403606,NA,4,3,-6,-3,-1,-1,NA,5,-6,NA,4,-1,-1,-1,-1,-1,-3,53,NA,53,2,0,2,2,NA
3.29003967508814,3.2760049549172,-9,3.36696154408657,0,40,4,2870,402202,99,99,2,-1,-3,-1,-1,-1,5,-1,2,2,-1,-1,-1,-1,-1,-3,29,NA,29,2,0,2,2,2
0.584848919482917,0.661128058546822,50,1.38457746123414,30,30,5,113,300244,5,5,-1,-1,-3,3,2,-1,1,-1,1,6,2,1,2,-3,-3,-3,37,NA,37,1,1,0,1,1
0.540712319683007,0.564636670619655,0,0.54940758904259,0,0,4,3702,404307,4,6,-1,-1,-3,-1,-1,-1,5,-1,1,1,-1,-1,-1,-1,-1,-3,26,NA,26,1,0,1,1,1
1.82424692970761,NA,77,1.31410006308164,100,-7,4,3378,403480,4,99,-9,-1,-3,-1,-1,-1,5,-1,1,1,-1,-1,-1,-1,-1,-3,6,NA,6,2,0,2,2,2
NA,NA,31,0.702952262355442,70,NA,7,2864,402188,NA,6,-1,-1,-3,3,-1,NA,1,-1,NA,1,-1,-1,-1,-1,-1,-3,36,NA,36,2,0,2,2,NA
0.537199101252052,0.53611079971822,60,0.643082439664896,85,85,6,2470,401183,6,6,-1,-1,-3,3,-1,-1,1,-1,1,1,-1,-1,-1,-1,-1,-3,12,NA,12,1,0,1,1,1
0.502726222906049,0.463363282333506,30,0.625641829493607,30,15,3,2549,401381,4,3,-1,-1,-3,-1,-1,-1,5,-1,1,1,-1,-1,-1,-1,-1,-3,42,NA,42,1,0,1,1,1
2.01243213429216,2.06223636382853,0,1.55883237335722,0,2,4,1122,302741,99,99,-9,-1,-3,7,2,-1,1,-1,-9,-9,2,1,2,-3,-3,-3,53,NA,53,1,1,0,1,1
1.67568832167994,1.70810944973618,60,1.65663037142645,0,0,4,1171,302866,4,3,-1,-1,-3,1,2,-1,1,-1,1,1,2,1,2,-3,-3,-3,48,NA,48,2,2,0,2,2
0.815305721547059,0.810614212351919,15,1.54397732237663,0,0,3,1068,302604,4,3,-1,-1,-3,1,2,-1,1,-1,1,1,2,1,2,-3,-3,-3,20,NA,20,1,1,0,1,1
4.23057025486847,4.76864460862424,75,1.45487735772381,70,-9,4,4485,406291,6,5,-1,4,-3,-1,-1,-1,5,-1,1,1,-1,-1,-1,-1,-1,-3,12,NA,12,1,0,1,1,1
0.520833483105665,0.501552188108543,16,0.683182752326178,0,5,2,2136,400352,2,2,-1,-1,-3,1,-1,-1,1,-1,1,1,-1,-1,-1,-1,-1,-3,4,NA,4,2,0,2,2,2
0.630488524474541,0.63542628669677,0,0.453300564748848,0,5,3,758,301840,3,4,1,-1,-3,-1,2,-1,5,-1,6,6,1,2,2,-3,-3,-3,24,NA,24,2,2,0,2,2
0.445732385135677,NA,70,0.748630629514198,60,-6,99,4759,406968,99,99,2,-1,-3,-1,-1,-1,5,-1,1,1,-1,-1,-1,-1,-1,-3,1,NA,1,2,0,2,2,2
0.438345709406581,0.414680542032996,0,0.730533310128657,0,0,3,3770,404491,4,3,-1,-1,-3,1,-1,-1,1,-1,1,1,-1,-1,-1,-1,-1,-3,41,NA,41,1,0,1,1,1
2.19490409175739,2.05006036539001,40,2.58472087768724,85,85,5,3560,403945,5,5,-1,-1,-3,-1,-1,-1,5,-1,1,1,-1,-1,-1,-1,-1,-3,36,NA,36,1,0,1,1,1
1.02783413960043,0.928648995443326,85,0.70582888282755,100,95,6,3626,404092,6,6,-1,-1,-3,3,-1,-1,1,-1,6,1,-1,-1,-1,-1,-1,-3,8,NA,8,2,0,2,2,2
NA,NA,15,0.723971760688576,0,NA,2,4562,406501,NA,5,-1,-1,-3,1,-1,NA,1,-1,NA,1,-1,-1,-1,-1,-1,-3,25,NA,44,1,0,1,1,NA
0.826814055418227,NA,5,0.818879697398979,0,-6,2,3221,403093,2,2,-1,-1,-3,1,-1,-1,1,-1,1,1,-1,-1,-1,-1,-1,-3,48,NA,48,1,0,1,1,1
0.616570587747281,0.596669140770166,15,0.505099065202376,15,10,5,4664,406749,5,6,-1,-1,-3,-1,-1,-1,5,-1,1,1,-1,-1,-1,-1,-1,-3,21,NA,6,1,0,1,1,1
NA,NA,70,2.01043053715288,15,NA,99,294,300732,NA,99,2,-1,-3,-1,2,NA,5,-1,NA,2,2,1,2,-3,-3,-3,28,NA,28,1,1,0,1,NA
1.25282571878296,1.20149940028198,0,1.12832918729221,0,0,4,4066,405199,6,4,2,-1,-3,1,-1,-1,1,-1,3,3,-1,-1,-1,-1,-1,-3,40,NA,40,1,0,1,1,1
0.238872203197844,0.229525226701029,85,0.412504844500316,100,100,6,3365,403443,6,6,-1,-1,-3,3,-1,-1,1,-1,1,1,-1,-1,-1,-1,-1,-3,29,NA,29,1,0,1,1,1
1.15443665566751,1.12693566516158,0,0.54020153777295,1,15,4,4299,405794,4,4,3,-1,-3,-1,-1,-1,5,-1,4,5,-1,-1,-1,-1,-1,-3,17,NA,17,2,0,2,2,2
0.588860879749902,0.629699208963819,0,0.457458197694954,0,0,4,3890,404796,4,4,3,-1,-3,1,-1,-1,1,-1,2,2,-1,-1,-1,-1,-1,-3,17,NA,12,2,0,2,2,2
NA,NA,40,1.25110388457823,30,NA,3,3159,402912,NA,4,2,-1,-3,-1,-1,NA,5,-5,NA,1,-1,-1,-1,-1,-1,-3,16,NA,16,2,0,2,2,NA
0.457819721406541,0.450788157845439,15,0.668251157233421,0,0,3,3081,402735,2,2,-1,-1,-3,-1,-1,-1,5,-1,1,1,-1,-1,-1,-1,-1,-3,13,NA,13,1,0,1,1,1
0.650090871076516,0.609211123270119,100,0.880412024747608,100,100,7,345,300864,7,7,-1,-1,-3,3,2,-1,1,-1,6,1,2,1,2,-3,-3,-3,28,NA,28,1,1,0,1,1
0.621789672845693,0.561699562821484,85,1.06148606224915,100,100,4,765,301856,5,4,1,-1,-3,3,2,-1,1,-1,1,1,2,2,1,-3,-3,-3,18,NA,18,2,2,0,2,2
0.556464170604661,0.507298451653417,31,0.573631490354546,30,20,6,4635,406680,5,6,-1,-1,-3,3,-1,-1,1,-1,1,1,-1,-1,-1,-1,-1,-3,8,NA,8,2,0,2,2,2
0.437525315813013,0.431471785331032,50,0.369698888794677,15,0,6,4037,405138,6,6,-1,-1,-3,3,-1,-1,1,-1,1,1,-1,-1,-1,-1,-1,-3,6,NA,6,2,0,2,2,2
0.208802581239881,0.213668819742986,85,0.414387381216985,-9,0,4,526,301305,3,5,-1,-1,-3,-1,2,-1,5,-1,1,1,2,1,2,-3,-3,-3,35,NA,35,2,2,0,2,2
0.350466436795216,0.357378806503636,0,0.54328443392496,0,0,2,2197,400509,2,3,-1,-1,-3,1,-1,-1,1,-1,1,1,-1,-1,-1,-1,-1,-3,12,NA,55,1,0,1,1,1
2.41746931932141,2.55048335414852,62,1.53249259725938,75,100,5,2983,402512,6,5,-1,-1,-3,3,-1,-1,1,-1,6,4,-1,-1,-1,-1,-1,-3,13,NA,13,2,0,2,2,2
0.606359715355544,0.672997824931967,100,1.11626667779434,85,90,6,4667,406756,6,6,-1,-1,-3,3,-1,-1,1,-1,1,1,-1,-1,-1,-1,-1,-3,39,NA,39,2,0,2,2,2
0.740123004115231,0.760223421958031,0,0.694262611024961,0,0,2,3425,403603,2,2,-1,-1,-3,1,-1,-1,1,-1,1,1,-1,-1,-1,-1,-1,-3,8,NA,8,1,0,1,1,1
NA,NA,0,0.675597098041593,-6,NA,2,3374,403471,NA,2,-1,-6,-3,1,-1,NA,1,-6,NA,1,-1,-1,-1,-1,-1,-3,4,NA,4,1,0,1,1,NA
1.06612484197642,1.18944220637645,70,0.891782400276956,100,100,99,3318,403348,99,5,-1,-1,-3,3,-1,-1,1,-1,1,1,-1,-1,-1,-1,-1,-3,51,NA,51,2,0,2,2,2
0.877097114527415,0.892187272720329,100,1.55895868123537,100,100,99,2025,400062,6,99,3,-1,-3,3,-1,-1,1,-1,1,1,-1,-1,-1,-1,-1,-3,13,NA,13,2,0,2,2,2
NA,NA,50,2.3199340764523,-6,NA,4,525,301304,NA,6,-1,-6,-3,-1,2,NA,5,-6,NA,1,2,1,2,-3,-3,-3,47,NA,47,1,1,0,1,NA
2.11370007424997,2.03296183954579,8,1.95053037283526,0,0,2,4009,405062,2,3,-1,-1,-3,-1,-1,-1,5,-1,6,6,-1,-1,-1,-1,-1,-3,6,NA,6,2,0,2,2,2
0.484059604076222,0.428298200536795,70,0.633928035694952,100,100,99,3558,403941,6,99,3,-1,-3,3,-1,-1,1,-1,1,1,-1,-1,-1,-1,-1,-3,36,NA,36,1,0,1,1,1
NA,NA,30,0.476518408719422,0,NA,1,72,300165,NA,99,3,-1,-3,1,1,NA,1,-1,NA,2,2,1,2,-3,-3,-3,47,NA,47,2,2,0,2,NA
0.190237617854458,0.194488683223916,1,0.288188137210281,0,0,2,3497,403781,2,2,-1,-1,-3,1,-1,-1,1,-1,1,1,-1,-1,-1,-1,-1,-3,31,NA,31,1,0,1,1,1
0.623535661765159,0.584661458418982,20,0.698552859809152,0,30,3,3042,402642,4,6,-1,-1,-3,3,-1,-1,1,-1,1,1,-1,-1,-1,-1,-1,-3,13,NA,13,2,0,2,2,2
2.7314600571602,3.25822406188697,50,2.46440152545292,0,15,4,185,300454,99,99,2,-1,-3,-1,1,-1,5,-1,2,2,2,2,1,-3,-3,-3,28,NA,28,1,1,0,1,1
1.58053048997746,1.44443491530044,0,0.691825907295572,0,0,4,1139,302785,5,4,2,-1,-3,1,2,-1,1,-1,3,3,2,1,2,-3,-3,-3,4,NA,4,2,2,0,2,2
0.132768499472148,0.136231708957644,40,0.296702610696682,0,60,7,2782,401959,4,2,-1,-1,-3,1,-1,-1,1,-1,1,1,-1,-1,-1,-1,-1,-3,13,NA,13,1,0,1,1,1
0.758937857178491,0.733045249857027,0,1.35327859467438,0,0,99,5042,407689,2,4,3,-1,-3,-1,-1,-1,5,-1,1,1,-1,-1,-1,-1,-1,-3,49,NA,49,1,0,1,1,1
0.739976203313303,0.718829628398792,15,1.16732028155215,0,15,4,86,300185,3,3,-1,-1,-3,1,1,-1,1,-1,1,1,2,1,2,-3,-3,-3,27,NA,27,2,2,0,2,2
0.496250504255674,0.473323182278642,100,0.448762613488066,60,85,4,4518,406374,4,99,3,-1,-3,-1,-1,-1,5,-1,3,3,-1,-1,-1,-1,-1,-3,48,NA,48,2,0,2,2,2
2.35557034502447,2.39842332109096,50,3.57468695170206,15,0,4,293,300731,3,99,2,-1,-3,-1,2,-1,5,-1,2,2,2,1,2,-3,-3,-3,22,NA,22,2,2,0,2,2
0.388220207272836,0.406606922025925,40,0.36515860040405,0,0,2,830,301992,2,2,-1,-1,-3,1,2,-1,1,-1,1,1,2,1,2,-3,-3,-3,33,NA,33,1,1,0,1,1
0.691022287747586,0.716393021763172,70,0.439334860103129,60,60,5,3554,403936,5,3,-1,-1,-3,-1,-1,-1,5,-1,1,1,-1,-1,-1,-1,-1,-3,9,NA,9,2,0,2,2,2
1.38737467618165,1.25719607605971,0,0.693969650972013,0,0,4,4259,405685,4,3,-1,-1,-3,1,-1,-1,1,-1,6,1,-1,-1,-1,-1,-1,-3,12,NA,12,1,0,1,1,1
0.662792518520244,0.661294934944736,0,0.927762128270414,70,70,4,5066,407734,3,2,-1,-1,-3,-1,-1,-1,5,-1,1,1,-1,-1,-1,-1,-1,-3,8,NA,8,2,0,2,2,2
NA,NA,0,0.217999094727116,15,NA,3,922,302218,NA,99,-8,-1,-3,-1,2,NA,5,-1,NA,1,2,2,2,-3,-3,-3,17,NA,17,1,1,0,1,NA
2.66592909281287,2.67205099343226,50,1.68726296211739,50,50,4,2802,402017,99,99,2,-1,-3,-1,-1,-1,5,-1,1,1,-1,-1,-1,-1,-1,-3,53,NA,53,1,0,1,1,1
0.360650105457094,0.339417794255944,100,0.814595574180683,100,100,7,1060,302583,6,6,-1,-1,-3,3,1,-1,1,-1,1,1,1,2,2,-3,-3,-3,9,NA,9,2,2,0,2,2
0.182146775192916,0.170228754644854,85,0.334720751267245,100,100,7,3513,403837,7,6,-1,-1,-3,7,-1,-1,1,-1,1,1,-1,-1,-1,-1,-1,-3,36,NA,36,1,0,1,1,1
1.18993538414719,1.25038291704501,15,0.522128946791861,0,15,99,2678,401694,2,99,3,-1,-3,1,-1,-1,1,-1,2,2,-1,-1,-1,-1,-1,-3,18,NA,18,2,0,2,2,2
0.79020606610554,0.751387862763784,0,0.669983705056354,0,0,2,4582,406551,2,2,-1,-1,-3,1,-1,-1,1,-1,1,1,-1,-1,-1,-1,-1,-3,27,NA,26,1,0,1,1,1
4.50140730901626,4.96173326447455,85,1.71104966837872,85,100,99,2906,402301,4,6,-1,-1,-3,-1,-1,-1,5,-1,4,4,-1,-1,-1,-1,-1,-3,48,NA,48,1,0,1,1,1
NA,NA,42,0.410031144532299,15,NA,3,4845,407191,NA,3,-1,-1,-3,3,-1,NA,1,-1,NA,1,-1,-1,-1,-1,-1,-3,17,NA,17,1,0,1,1,NA
0.138080836552948,0.136477398199007,1,0.262812844878536,0,0,2,4235,405638,2,2,-1,-1,-3,1,-1,-1,1,-1,1,1,-1,-1,-1,-1,-1,-3,6,NA,6,2,0,2,2,2
0.360432817405609,0.336771584598157,0,0.587289118094409,0,0,2,4021,405088,3,2,-1,-1,-3,1,-1,-1,1,-1,1,1,-1,-1,-1,-1,-1,-3,42,NA,42,2,0,2,2,2
0.593192697704956,0.604445731023863,70,0.722420932133794,85,90,7,4700,406830,7,7,-1,-1,-3,3,-1,-1,1,-1,1,1,-1,-1,-1,-1,-1,-3,30,NA,30,2,0,2,2,2
0.411550319010026,0.436461518978259,0,0.386147910849181,0,0,2,951,302295,2,2,-1,-1,-3,1,1,-1,1,-1,1,1,1,2,2,-3,-3,-3,6,NA,6,2,2,0,2,2
NA,NA,0,1.47581266164459,0,NA,99,5061,407725,NA,99,2,-1,-3,-1,-1,NA,5,-1,NA,2,-1,-1,-1,-1,-1,-3,28,NA,28,1,0,1,1,NA
0.579419814704531,0.605036985268833,85,0.958323146632895,100,95,7,1087,302653,7,6,-1,-1,-3,3,2,-1,1,-1,1,1,2,1,2,-3,-3,-3,47,NA,47,1,1,0,1,1
NA,NA,70,1.1894685651619,70,NA,99,886,302130,NA,4,2,-1,-3,3,1,NA,1,-1,NA,1,1,2,2,-3,-3,-3,6,NA,6,2,2,0,2,NA
NA,NA,0,1.01688335558834,0,NA,2,5062,407726,NA,2,-1,-1,-3,1,-1,NA,1,-1,NA,3,-1,-1,-1,-1,-1,-3,35,NA,35,2,0,2,2,NA
NA,NA,15,0.722991854622471,-7,NA,2,17,300039,NA,2,-1,-7,-3,1,1,NA,1,-7,NA,1,2,1,2,-3,-3,-3,11,NA,11,2,2,0,2,NA
0.565091870630183,0.547941274444706,100,0.778823975028589,70,98,7,2289,400735,7,7,-1,-1,-3,-1,-1,-1,5,-1,1,1,-1,-1,-1,-1,-1,-3,28,NA,28,1,0,1,1,1
1.89299175326987,1.93908899809228,70,1.74951837221714,100,100,6,2934,402365,7,6,-1,-1,-3,3,-1,-1,1,-1,1,1,-1,-1,-1,-1,-1,-3,12,NA,12,1,0,1,1,1
NA,NA,60,0.742322511856527,-6,NA,6,3983,404999,NA,5,-1,-6,-3,3,-1,NA,1,-6,NA,1,-1,-1,-1,-1,-1,-3,6,NA,6,1,0,1,1,NA
1.5930740783647,1.49271699597295,85,0.855485772442857,85,85,99,2074,400195,4,5,-1,-1,-3,-1,-1,-1,5,-1,3,3,-1,-1,-1,-1,-1,-3,32,NA,48,1,0,1,1,1
2.75865921469888,2.97569634610309,0,2.10298416745273,0,85,99,2456,401150,99,99,3,-1,-3,1,-1,-1,1,-1,3,3,-1,-1,-1,-1,-1,-3,19,NA,8,2,0,2,2,2
NA,NA,40,1.30649156512727,100,NA,99,3514,403841,NA,5,-1,-1,-3,1,-1,NA,1,-1,NA,1,-1,-1,-1,-1,-1,-3,36,NA,36,1,0,1,1,NA
1.08858173932707,1.10394614247856,6,0.857387408142923,30,5,5,3068,402700,5,3,-1,-1,-3,3,-1,-1,1,-1,1,1,-1,-1,-1,-1,-1,-3,6,NA,6,2,0,2,2,2
NA,NA,60,3.41534702745721,50,NA,3,3750,404438,NA,99,2,-1,-3,3,-1,NA,1,-1,NA,2,-1,-1,-1,-1,-1,-3,48,NA,48,2,0,2,2,NA
0.500091763053288,0.481089138643198,30,0.794592838306917,30,30,3,2124,400321,5,5,-1,-1,-3,-1,-1,-1,5,-1,1,1,-1,-1,-1,-1,-1,-3,12,NA,12,1,0,1,1,1
0.740704816170517,0.81936670789429,53,0.795881394770495,51,60,5,4116,405328,6,5,-1,-1,-3,-1,-1,-1,5,-1,1,1,-1,-1,-1,-1,-1,-3,51,NA,51,2,0,2,2,2
0.311802919227831,0.31902649896972,0,0.630131341604369,0,10,4,2747,401874,4,4,3,-1,-3,-1,-1,-1,5,-1,1,1,-1,-1,-1,-1,-1,-3,6,NA,6,2,0,2,2,2
0.359581276704875,0.315117060264924,85,0.534202772964651,-9,100,7,3784,404531,7,7,-1,-1,-3,3,-1,-1,1,-1,1,1,-1,-1,-1,-1,-1,-3,42,NA,42,1,0,1,1,1
0.321545384317259,0.310039205028935,58,0.459311053107764,0,15,3,2823,402067,4,6,-1,-1,-3,-1,-1,-1,5,-1,1,1,-1,-1,-1,-1,-1,-3,53,NA,53,1,0,1,1,1
1.3705905935965,1.43190768554406,60,1.2420047844701,100,100,5,3062,402692,6,3,-1,-1,-3,1,-1,-1,1,-1,1,1,-1,-1,-1,-1,-1,-3,39,NA,39,2,0,2,2,2
0.974475443119596,0.987918119506767,1,1.54803554534692,0,0,2,4984,407559,3,2,-1,-1,-3,1,-1,-1,1,-1,1,1,-1,-1,-1,-1,-1,-3,37,NA,37,1,0,1,1,1
NA,NA,0,0.314077550534417,0,NA,1,4251,405673,NA,1,-1,-1,-3,1,-1,NA,1,-1,NA,1,-1,-1,-1,-1,-1,-3,17,NA,17,1,0,1,1,NA
0.350788822543312,0.336230954670861,85,0.35108663558691,85,100,6,3287,403272,6,6,-1,-1,-3,3,-1,-1,1,-1,1,1,-1,-1,-1,-1,-1,-3,37,NA,37,2,0,2,2,2
NA,NA,0,0.531255101627321,-7,NA,2,4106,405301,NA,3,-1,-7,-3,1,-1,NA,1,-7,NA,1,-1,-1,-1,-1,-1,-3,27,NA,27,1,0,1,1,NA
0.331042814555233,NA,1,0.430961027049737,0,-6,3,2481,401211,4,3,-1,-1,-3,1,-1,-1,1,-5,1,1,-1,-1,-1,-1,-1,-3,39,NA,39,1,0,1,1,1
0.245130336313327,0.254849914786632,60,0.358692979208885,100,85,99,430,301089,99,4,1,-1,-3,-1,1,-1,5,-1,1,1,2,1,2,-3,-3,-3,5,NA,5,1,1,0,1,1
0.567641154071,0.569992170493747,15,0.350112200761097,30,3,2,1083,302645,2,4,2,-1,-3,-1,1,-1,5,-1,3,3,1,2,2,-3,-3,-3,48,NA,48,2,2,0,2,2
2.85087089319696,3.46195395586093,0,1.38648215363319,0,0,2,4720,406878,2,4,3,-1,-3,-1,-1,-1,5,-1,2,2,-1,-1,-1,-1,-1,-3,13,NA,36,2,0,2,2,2
0.306553359090608,0.304944225526539,15,0.347241981682548,0,0,2,2655,401622,1,2,-1,-1,-3,1,-1,-1,1,-1,1,1,-1,-1,-1,-1,-1,-3,24,NA,24,2,0,2,2,2
NA,NA,50,2.46290384463781,0,NA,99,930,302238,NA,99,3,1,-3,-1,2,NA,-8,-1,NA,1,2,2,2,-3,-3,-3,16,NA,16,2,2,0,2,NA
1.95211439934887,2.04822514668228,60,1.62919462070806,85,60,6,1044,302542,5,5,-1,-1,-3,3,1,-1,1,-1,1,1,2,2,2,-3,-3,-3,17,NA,17,1,1,0,1,1
0.355468633150381,0.343019184492997,90,0.716548886915891,85,90,4,3680,404252,5,5,-1,-1,-3,-1,-1,-1,5,-1,1,1,-1,-1,-1,-1,-1,-3,34,NA,34,2,0,2,2,2
0.532719680150495,0.504308221534732,0,0.752423837987883,0,0,4,350,300875,4,4,1,-1,-3,1,2,-1,1,-1,1,1,2,1,2,-3,-3,-3,33,NA,33,1,1,0,1,1
NA,NA,4,1.1752979266165,0,NA,3,2006,400015,NA,2,-1,-1,-3,1,-1,NA,1,-1,NA,1,-1,-1,-1,-1,-1,-3,37,NA,37,1,0,1,1,NA
0.110722988144156,0.104912655113663,60,0.224571429189334,0,0,3,1065,302593,3,3,-1,-1,-3,-1,1,-1,5,-1,1,1,2,1,2,-3,-3,-3,27,NA,27,2,2,0,2,2
4.99999998289759,5.00000000943276,100,3.40521153602245,100,100,7,4089,405259,6,6,-1,-1,-3,-1,-1,-1,5,-1,1,1,-1,-1,-1,-1,-1,-3,39,NA,39,1,0,1,1,1
NA,NA,-9,0.364563574126604,0,NA,2,3674,404240,NA,1,-1,-1,-3,-1,-1,NA,5,-1,NA,1,-1,-1,-1,-1,-1,-3,20,NA,20,2,0,2,2,NA
0.341345412621523,0.36424552957244,15,0.363515867701726,0,25,2,3941,404914,2,3,-1,-1,-3,1,-1,-1,1,-1,1,1,-1,-1,-1,-1,-1,-3,6,NA,6,2,0,2,2,2
NA,NA,50,0.595978422018389,-6,NA,4,5022,407648,NA,4,3,-6,-3,-1,-1,NA,5,-6,NA,1,-1,-1,-1,-1,-1,-3,49,NA,49,2,0,2,2,NA
4.99999998289759,5.00000000943276,0,3.29281317543879,0,0,99,2734,401841,2,99,1,-1,-3,1,-1,-1,1,-1,2,2,-1,-1,-1,-1,-1,-3,37,NA,37,1,0,1,1,1
0.636234601680242,0.647322103326761,70,0.820861547464157,85,70,6,2084,400232,6,6,-1,-1,-3,3,-1,-1,1,-1,1,1,-1,-1,-1,-1,-1,-3,55,NA,55,2,0,2,2,2
NA,NA,15,1.14936620653892,-9,NA,2,713,301717,NA,4,2,-1,-3,1,2,NA,1,-1,NA,4,2,1,2,-3,-3,-3,53,NA,53,1,1,0,1,NA
0.329694925207714,0.327273905991405,15,0.489027584293481,0,85,4,814,301961,6,4,2,-1,-3,1,1,-1,1,-1,3,3,1,2,2,-3,-3,-3,48,NA,48,2,2,0,2,2
0.422869388478423,0.401044687488642,0,0.848575684879343,0,15,2,2995,402538,99,99,1,-1,-3,1,-1,-1,1,-1,2,2,-1,-1,-1,-1,-1,-3,17,NA,17,2,0,2,2,2
1.38664369683459,1.18972893871179,0,1.53954584232396,50,70,99,2917,402320,99,99,3,-1,-3,-1,-1,-1,5,-1,2,5,-1,-1,-1,-1,-1,-3,45,NA,45,2,0,2,2,2
NA,NA,70,1.82399123540097,-6,NA,6,151,300336,NA,99,1,-6,-3,-1,2,NA,5,-6,NA,1,2,1,2,-3,-3,-3,42,NA,42,1,1,0,1,NA
0.388372504388265,0.380973975089487,15,0.894237626695842,0,0,3,834,302007,3,4,1,-1,-3,1,1,-1,1,-1,1,1,1,2,2,-3,-3,-3,9,NA,9,2,2,0,2,2
NA,NA,0,1.22062578286965,0,NA,2,819,301971,NA,2,-1,-1,-3,7,2,NA,1,-1,NA,1,1,2,2,-3,-3,-3,6,NA,6,2,2,0,2,NA
0.264209018916934,0.268409442064227,85,0.462263225976726,30,100,99,979,302385,99,99,-8,-1,-3,-1,2,-1,5,-1,1,1,2,1,2,-3,-3,-3,33,NA,33,1,1,0,1,1
0.55684305851086,0.51520232796933,30,0.691355473099933,0,0,4,2184,400481,4,3,-1,-1,-3,1,-1,-1,1,-1,1,1,-1,-1,-1,-1,-1,-3,21,NA,21,1,0,1,1,1
0.425054567571542,0.431780291015986,40,0.334850564894799,0,0,99,153,300342,4,99,-8,-1,-3,-1,2,-1,5,-1,1,1,2,1,2,-3,-3,-3,20,NA,20,1,1,0,1,1
0.515048866491626,0.467527638116666,0,0.603811453079241,30,40,5,214,300546,6,6,-1,-1,-3,-1,2,-1,5,-1,1,1,2,1,2,-3,-3,-3,20,NA,20,2,2,0,2,2
1.28619434681827,1.11521823125281,100,0.498450037203189,100,100,6,2876,402213,7,4,3,-1,-3,-1,-1,-1,5,-1,6,1,-1,-1,-1,-1,-1,-3,47,NA,47,1,0,1,1,1
0.265655714522392,0.268966742810079,51,0.45251416173094,100,70,5,2558,401398,99,99,3,-1,-3,-1,-1,-1,5,-1,1,1,-1,-1,-1,-1,-1,-3,55,NA,55,2,0,2,2,2
NA,NA,40,0.589938365913132,0,NA,4,2614,401537,NA,5,-1,-1,-3,-1,-1,NA,5,-1,NA,1,-1,-1,-1,-1,-1,-3,47,NA,47,1,0,1,1,NA
1.26632845572956,1.23932944139401,70,1.85163656093749,70,60,7,355,300887,6,6,-1,-1,-3,3,1,-1,1,-1,1,1,2,1,2,-3,-3,-3,5,NA,5,1,1,0,1,1
1.65841847134605,1.67650804646043,30,0.957709785094609,0,0,2,164,300376,2,2,-1,-1,-3,1,2,-1,1,-1,3,3,2,1,2,-3,-3,-3,20,NA,20,2,2,0,2,2
NA,NA,30,0.548368675824325,0,NA,99,725,301760,NA,3,-1,-1,-3,1,2,NA,1,-1,NA,6,2,1,2,-3,-3,-3,6,NA,6,1,1,0,1,NA
1.10650831123842,1.15342458397707,64,0.595058626229757,100,85,7,5079,407770,6,6,-1,-1,-3,3,-1,-1,1,-1,1,1,-1,-1,-1,-1,-1,-3,36,NA,36,2,0,2,2,2
4.99999998289759,5.00000000943276,60,1.76077640232463,50,100,5,4963,407510,5,99,1,-1,-3,1,-1,-1,1,-1,2,2,-1,-1,-1,-1,-1,-3,13,NA,13,2,0,2,2,2
NA,NA,0,0.603828959381776,-6,NA,99,4776,407003,NA,4,3,-6,-3,1,-1,NA,1,-6,NA,2,-1,-1,-1,-1,-1,-3,24,NA,24,1,0,1,1,NA
NA,NA,82,1.45793904404103,-6,NA,4,2310,400777,NA,5,-1,-6,-3,-1,-1,NA,5,-6,NA,1,-1,-1,-1,-1,-1,-3,23,NA,23,1,0,1,1,NA
0.236213433703946,0.225183180216064,15,0.420359467909004,0,15,6,2241,400609,7,6,-1,-1,-3,-1,-1,-1,5,-1,3,3,-1,-1,-1,-1,-1,-3,48,NA,48,1,0,1,1,1
0.481766264292102,0.451690168927222,0,0.625061910392009,0,0,3,3482,403749,2,3,-1,-1,-3,-1,-1,-1,5,-1,1,1,-1,-1,-1,-1,-1,-3,50,NA,50,1,0,1,1,1
NA,NA,25,0.293376533501506,15,NA,2,4381,406032,NA,3,-1,-1,-3,-1,-1,NA,5,-1,NA,1,-1,-1,-1,-1,-1,-3,18,NA,18,2,0,2,2,NA
0.288590870036087,0.260794452540786,0,0.342820173050653,0,0,2,2438,401104,3,3,-1,-1,-3,1,-1,-1,1,-1,1,1,-1,-1,-1,-1,-1,-3,6,NA,6,2,0,2,2,2
0.938102027666981,0.934861394758724,40,1.8175164146068301,15,0,4,2756,401903,99,4,3,-1,-3,-1,-1,-1,5,-1,2,5,-1,-1,-1,-1,-1,-3,39,NA,39,1,0,1,1,1
1.45772236974938,1.39459878317599,5,1.55575664708905,0,0,2,4096,405286,2,2,-1,-1,-3,1,-1,-1,1,-1,1,1,-1,-1,-1,-1,-1,-3,17,NA,17,2,0,2,2,2
0.239124336963076,0.233960660863576,93,0.373932018446118,100,100,6,4930,407407,6,4,3,-1,-3,3,-1,-1,1,-1,1,1,-1,-1,-1,-1,-1,-3,55,NA,55,1,0,1,1,1
0.823082098540524,0.792468030050015,85,0.729373001101817,100,60,7,3061,402691,6,4,2,-1,-3,-1,-1,-1,5,-1,1,1,-1,-1,-1,-1,-1,-3,20,NA,20,1,0,1,1,1
0.290823888863588,0.287842508154898,0,0.941098502818235,0,0,2,29,300058,2,1,-1,-1,-3,1,2,-1,1,-1,1,1,2,1,2,-3,-3,-3,25,NA,25,2,2,0,2,2
0.410009716645403,0.397502569647596,58,0.652439301388639,85,85,6,2832,402104,6,5,-1,-1,-3,-1,-1,-1,5,-1,1,1,-1,-1,-1,-1,-1,-3,37,NA,37,2,0,2,2,2
NA,NA,1,1.36692233590311,0,NA,4,3466,403707,NA,4,1,-1,-3,1,-1,NA,1,-1,NA,1,-1,-1,-1,-1,-1,-3,42,NA,42,1,0,1,1,NA
0.922175671289758,0.925030008585241,50,1.71397212663135,0,0,4,62,300144,4,99,1,-1,-3,1,2,-1,1,-1,2,2,2,1,2,-3,-3,-3,28,NA,28,1,1,0,1,1
0.643271195673816,0.700480285681402,55,0.385648292262362,85,85,6,2005,400009,6,99,3,-1,-3,-1,-1,-1,5,-1,1,1,-1,-1,-1,-1,-1,-3,48,NA,48,1,0,1,1,1
1.02359132029185,1.13588785216016,0,1.12141870639165,0,0,2,4745,406947,2,2,-1,-1,-3,1,-1,-1,1,-1,1,1,-1,-1,-1,-1,-1,-3,36,NA,36,1,0,1,1,1
0.853371123291642,0.82720529516505,70,1.28218095597787,70,100,5,2016,400044,6,5,-1,-1,-3,3,-1,-1,1,-1,1,1,-1,-1,-1,-1,-1,-3,48,NA,48,2,0,2,2,2
0.571378738998028,0.596255349499031,85,0.480506494768479,100,100,6,3305,403314,99,5,-1,-1,-3,-1,-1,-1,5,-1,1,1,-1,-1,-1,-1,-1,-3,47,NA,47,2,0,2,2,2
NA,NA,0,0.609821516290484,0,NA,4,1085,302651,NA,3,-1,-1,-3,-1,2,NA,5,-1,NA,1,2,1,2,-3,-3,-3,25,NA,25,3,3,0,3,NA
0.568744900200558,0.537926133559318,60,1.34987793253379,85,80,6,4260,405688,4,6,-1,-1,-3,3,-1,-1,1,-1,1,1,-1,-1,-1,-1,-1,-3,42,NA,42,2,0,2,2,2
NA,NA,0,1.17855975098134,0,NA,1,1016,302467,NA,99,3,-1,-3,1,2,NA,1,-1,NA,3,2,1,2,-3,-3,-3,8,NA,8,1,1,0,1,NA
0.333156477278051,0.332081397388313,50,0.486915215530712,0,0,99,2676,401686,4,99,3,-1,-3,3,-1,-1,1,-1,3,3,-1,-1,-1,-1,-1,-3,48,NA,48,2,0,2,2,2
NA,NA,50,0.906453729050427,60,NA,6,3773,404507,NA,4,3,-1,-3,-1,-1,NA,5,-1,NA,3,-1,-1,-1,-1,-1,-3,17,NA,17,1,0,1,1,NA
NA,NA,70,0.655616747448849,-6,NA,5,280,300703,NA,6,-1,-6,-3,3,2,NA,1,-6,NA,3,2,1,2,-3,-3,-3,40,NA,40,2,2,0,2,NA
0.566872736433512,NA,15,0.410497801783024,0,-6,1,967,302358,2,3,-1,-1,-3,1,1,-1,1,-1,1,1,2,1,2,-3,-3,-3,11,NA,11,2,2,0,2,2
0.468519132610326,0.480022110212775,50,0.423776472612414,100,60,3,2977,402493,4,2,-1,-1,-3,-1,-1,-1,5,-1,1,1,-1,-1,-1,-1,-1,-3,16,NA,16,1,0,1,1,1
1.35575200505671,1.4072303720717,70,2.41638539268195,85,85,6,413,301047,6,4,2,-1,-3,3,1,-1,1,-1,1,1,2,1,2,-3,-3,-3,39,NA,39,2,2,0,2,2
2.2915588576883,2.63765525739729,0,1.09594046180378,0,0,1,3035,402629,1,2,-1,-1,-3,-1,-1,-1,5,-1,1,1,-1,-1,-1,-1,-1,-3,25,NA,25,1,0,1,1,1
0.973823453554161,0.975340657251219,70,0.700958491446687,100,100,7,2365,400945,6,7,-1,-1,-3,-1,-1,-1,5,-1,1,1,-1,-1,-1,-1,-1,-3,48,NA,48,1,0,1,1,1
NA,NA,60,0.571658099005647,15,NA,5,807,301948,NA,5,-1,-1,-3,3,2,NA,1,-1,NA,1,2,1,2,-3,-3,-3,16,NA,16,2,2,0,2,NA
NA,NA,30,2.19779340905564,-6,NA,4,40,300094,NA,3,-1,-6,-3,1,2,NA,1,-6,NA,2,2,2,1,-3,-3,-3,13,NA,13,1,1,0,1,NA
0.31307271484981,0.314430783596324,60,0.605442140149397,70,85,7,537,301324,7,7,-1,-1,-3,3,2,-1,1,-1,1,1,2,1,2,-3,-3,-3,45,NA,45,2,2,0,2,2
1.38993684020504,1.41924281990721,72,1.29105346846647,100,100,5,3204,403033,6,5,-1,-1,-3,-1,-1,-1,5,-1,1,1,-1,-1,-1,-1,-1,-3,36,NA,36,1,0,1,1,1
1.78185052823011,1.8433136317666,50,3.20225446935667,0,0,6,2790,401985,4,4,3,-1,-3,1,-1,-1,1,-1,2,2,-1,-1,-1,-1,-1,-3,24,NA,24,1,0,1,1,1
NA,NA,0,4.96813387043076,0,NA,2,3645,404147,NA,2,-1,-1,-3,1,-1,NA,1,-1,NA,2,-1,-1,-1,-1,-1,-3,26,NA,26,1,0,1,1,NA
NA,NA,0,5.412415673462,0,NA,4,3938,404910,NA,4,3,-1,-3,-1,-1,NA,5,-1,NA,3,-1,-1,-1,-1,-1,-3,6,NA,6,2,0,2,2,NA
0.313072032950988,0.300750661600379,0,0.500253481387103,0,15,3,3355,403419,3,2,-1,-1,-3,1,-1,-1,1,-1,1,1,-1,-1,-1,-1,-1,-3,34,NA,34,1,0,1,1,1
NA,NA,-9,1.03339415632635,0,NA,5,2142,400371,NA,3,-1,-1,-3,1,-1,NA,1,-1,NA,3,-1,-1,-1,-1,-1,-3,48,NA,48,1,0,1,1,NA
0.833501654802542,0.899798402166971,0,1.70158722148471,0,0,99,974,302374,4,2,-1,-1,-3,1,2,-1,1,-1,1,1,2,2,2,-3,-3,-3,17,NA,17,1,1,0,1,1
NA,NA,0,1.09827229337124,10,NA,3,2057,400147,NA,4,3,-1,-3,-1,-1,NA,5,-1,NA,3,-1,-1,-1,-1,-1,-3,41,NA,41,1,0,1,1,NA
0.0809322762607773,0.0910267371218289,0,0.352042303751643,0,0,99,303,300749,3,3,-1,-1,-3,-1,1,-1,5,-1,3,3,1,2,2,-3,-3,-3,48,NA,48,2,2,0,2,2
NA,NA,15,4.55921913519952,0,NA,2,67,300152,NA,2,-1,-1,-3,1,2,NA,1,-1,NA,1,2,1,2,-3,-3,-3,25,NA,25,1,1,0,1,NA
NA,NA,0,0.302187450093069,0,NA,2,3383,403495,NA,2,-1,-1,-3,1,-1,NA,1,-1,NA,1,-1,-1,-1,-1,-1,-3,55,NA,55,1,0,1,1,NA
0.305507408312671,0.307090734876474,100,0.522268951729231,100,100,7,3946,404922,7,7,-1,-1,-3,3,-1,-1,1,-1,1,1,-1,-1,-1,-1,-1,-3,27,NA,27,2,0,2,2,2
0.137304859650961,0.140029044654381,70,0.109821944586558,40,60,99,735,301782,5,4,3,-1,-3,-1,2,-1,5,-1,1,1,2,2,2,-3,-3,-3,17,NA,17,1,1,0,1,1
0.499708245247461,0.541393707129705,60,0.741654841920915,60,90,6,4605,406616,7,6,-1,-1,-3,3,-1,-1,1,-1,1,1,-1,-1,-1,-1,-1,-3,39,NA,39,2,0,2,2,2
0.911658530672403,1.01021497912166,15,0.617300763408402,0,0,3,2467,401174,4,3,-1,-1,-3,-1,-1,-1,5,-1,2,2,-1,-1,-1,-1,-1,-3,24,NA,6,2,0,2,2,2
NA,NA,59,1.703168198314,1,NA,99,2862,402179,NA,99,3,-1,-3,-1,-1,NA,5,-1,NA,6,-1,-1,-1,-1,-1,-3,6,NA,6,1,0,1,1,NA
0.244140313085306,0.241618138647925,85,0.337226520048051,100,85,6,4728,406905,5,5,-1,-1,-3,-1,-1,-1,5,-1,1,1,-1,-1,-1,-1,-1,-3,42,NA,42,1,0,1,1,1
0.429058104390837,0.406292692935135,15,0.813395290710285,0,0,3,4032,405119,4,4,1,-1,-3,-1,-1,-1,5,-1,1,1,-1,-1,-1,-1,-1,-3,12,NA,12,1,0,1,1,1
0.329758877186845,0.303591665839617,0,0.269271294050547,0,0,2,3888,404794,2,2,-1,-1,-3,1,-1,-1,1,-1,1,1,-1,-1,-1,-1,-1,-3,17,NA,17,2,0,2,2,2
1.09869325436372,1.24419359102003,70,1.11115932036742,85,50,5,427,301081,5,4,2,-1,-3,-1,2,-1,5,-1,1,1,2,1,2,-3,-3,-3,48,NA,48,2,2,0,2,2
0.600715335215319,0.579871055166774,0,0.834228337166735,0,0,4,3650,404158,6,4,3,-1,-3,1,-1,-1,1,-1,1,1,-1,-1,-1,-1,-1,-3,39,NA,39,2,0,2,2,2
0.601507138843224,0.610416714827508,30,0.52992436469495,10,15,5,3543,403912,2,3,-1,-1,-3,1,-1,-1,1,-1,1,1,-1,-1,-1,-1,-1,-3,12,NA,12,2,0,2,2,2
1.80025093268126,2.03817674140893,0,1.07321467133833,40,0,5,565,301377,4,4,2,-1,-3,-1,2,-1,5,-1,1,1,2,2,2,-3,-3,-3,24,NA,24,1,1,0,1,1
0.612172251327832,0.58727698467233,40,1.19175260182282,50,60,4,2475,401195,5,4,3,-1,-3,-1,-1,-1,5,-1,1,1,-1,-1,-1,-1,-1,-3,26,NA,26,1,0,1,1,1
0.867474950949937,0.853755858316016,16,1.26378788073907,0,0,2,4949,407458,2,4,3,-1,-3,-1,-1,-1,5,-1,1,1,-1,-1,-1,-1,-1,-3,12,NA,12,2,0,2,2,2
0.520859206666515,0.469318827520986,25,0.816178392670701,60,60,6,2203,400531,6,5,-1,-1,-3,-1,-1,-1,5,-1,1,1,-1,-1,-1,-1,-1,-3,9,NA,9,1,0,1,1,1
NA,NA,70,0.661618804708102,100,NA,6,348,300873,NA,6,-1,-1,-3,-1,2,NA,5,-1,NA,1,2,1,2,-3,-3,-3,48,NA,48,2,2,0,2,NA
NA,NA,60,0.567559225884727,70,NA,5,2887,402244,NA,5,-1,-1,-3,-1,-1,NA,5,-1,NA,1,-1,-1,-1,-1,-1,-3,8,NA,8,2,0,2,2,NA
0.173387462654657,0.178809890124531,60,0.55372646582108,50,30,3,3114,402820,2,3,-1,-1,-3,1,-1,-1,1,-1,2,2,-1,-1,-1,-1,-1,-3,48,NA,48,2,0,2,2,2
2.19429738626965,NA,0,2.51412044651454,0,-6,4,1025,302492,3,3,-1,-1,-3,-1,2,-1,5,-1,1,1,2,1,2,-3,-3,-3,35,NA,35,2,2,0,2,2
0.614075598651918,0.593895625442063,87,0.679045564263267,100,100,5,4989,407566,6,5,-1,-1,-3,-1,-1,-1,5,-1,1,1,-1,-1,-1,-1,-1,-3,37,NA,12,2,0,2,2,2
0.408766472591988,0.40567998871728,60,0.586627336132536,0,15,2,3275,403226,2,6,-1,-1,-3,3,-1,-1,1,-1,1,1,-1,-1,-1,-1,-1,-3,25,NA,25,2,0,2,2,2
1.13007973318566,1.1321167867431,0,1.26064940571776,0,0,2,2256,400658,2,2,-1,-1,-3,1,-1,-1,1,-1,2,2,-1,-1,-1,-1,-1,-3,6,NA,6,2,0,2,2,2
NA,NA,50,0.611174859035581,0,NA,2,1020,302476,NA,99,1,-1,-3,-1,2,NA,5,-1,NA,2,2,1,2,-3,-3,-3,9,NA,9,2,2,0,2,NA
NA,NA,15,2.10751480391534,-6,NA,4,4671,406764,NA,99,3,-6,-3,-1,-1,NA,5,-6,NA,1,-1,-1,-1,-1,-1,-3,29,NA,29,2,0,2,2,NA
0.393339918521707,0.399902456574812,0,0.583760433869196,0,0,1,4607,406620,3,99,1,-1,-3,-1,-1,-1,5,-1,2,2,-1,-1,-1,-1,-1,-3,1,NA,1,2,0,2,2,2
0.845722672505847,0.810930086293936,90,0.688079903535591,100,100,6,3361,403431,7,6,-1,-1,-3,3,-1,-1,1,-1,1,1,-1,-1,-1,-1,-1,-3,12,NA,12,1,0,1,1,1
NA,NA,60,0.988231822543875,40,NA,4,2039,400108,NA,99,3,-1,-3,-1,-1,NA,5,-1,NA,1,-1,-1,-1,-1,-1,-3,36,NA,36,2,0,2,2,NA
0.478586371846693,0.526207130886416,0,0.650377646534164,0,0,4,2646,401602,2,4,3,-1,-3,-1,-1,-1,5,-1,1,1,-1,-1,-1,-1,-1,-3,51,NA,51,2,0,2,2,2
0.379478608355511,0.346774993144539,15,0.665627131756634,85,70,6,4623,406653,6,4,2,-1,-3,-1,-1,-1,-9,-1,3,3,-1,-1,-1,-1,-1,-3,17,NA,17,1,0,1,1,1
0.887300787625815,0.830775510955231,0,1.1337245721246,0,0,3,4469,406254,4,2,-1,-1,-3,1,-1,-1,1,-1,2,2,-1,-1,-1,-1,-1,-3,36,NA,36,2,0,2,2,2
0.799575633308063,0.866448346170792,100,0.861440931358452,85,99,7,4039,405142,7,7,-1,-1,-3,3,-1,-1,1,-1,1,1,-1,-1,-1,-1,-1,-3,13,NA,13,2,0,2,2,2
NA,NA,85,0.38792464540921,-6,NA,6,938,302261,NA,6,-1,-6,-3,3,1,NA,1,-6,NA,3,1,2,2,-3,-3,-3,9,NA,9,2,2,0,2,NA
1.3097462397607,1.30896380915697,85,2.18963136134193,70,80,6,529,301313,7,6,-1,-1,-3,3,2,-1,1,-1,1,1,2,1,2,-3,-3,-3,8,NA,8,2,2,0,2,2
0.878410890501036,0.934865354367629,70,1.20877558418976,0,100,99,3222,403097,99,99,2,-1,-3,-1,-1,-1,5,-1,2,2,-1,-1,-1,-1,-1,-3,24,NA,24,1,0,1,1,1
4.99999998289759,5.00000000943276,100,2.01820931617918,60,100,4,2430,401086,2,6,-1,-1,-3,3,-1,-1,1,-1,3,3,-1,-1,-1,-1,-1,-3,8,NA,8,2,0,2,2,2
0.535287999884606,0.522828781640942,0,0.921619793940841,0,0,3,552,301355,3,2,-1,-1,-3,1,2,-1,1,-1,1,1,2,1,2,-3,-3,-3,27,NA,55,1,1,0,1,1
2.31344168914808,2.22766311225953,30,1.46321486313978,30,15,99,4414,406127,4,99,3,-1,-3,-1,-1,-1,5,-1,2,2,-1,-1,-1,-1,-1,-3,13,NA,40,1,0,1,1,1
0.318634450270869,0.343067456295141,100,0.452817115738661,100,100,6,559,301369,6,5,-1,2,-3,3,1,-1,1,-1,1,1,2,1,2,-3,-3,-3,5,NA,5,1,1,0,1,1
NA,NA,70,0.165218781825178,-6,NA,6,720,301741,NA,6,-1,-6,-3,3,2,NA,1,-6,NA,1,2,1,2,-3,-3,-3,20,NA,20,1,1,0,1,NA
2.037913554902,2.20172607939164,61,2.50052364023799,85,85,4,3237,403128,5,2,-1,-1,-3,3,-1,-1,1,-1,1,1,-1,-1,-1,-1,-1,-3,51,NA,51,2,0,2,2,2
NA,NA,1,0.500389546027785,0,NA,2,3972,404980,NA,2,-1,-1,-3,1,-1,NA,1,-1,NA,1,-1,-1,-1,-1,-1,-3,36,NA,36,2,0,2,2,NA
1.51867260413435,1.54733922314747,52,1.7401846216872,100,100,99,2874,402210,7,2,-1,-1,-3,7,-1,-1,1,-1,3,3,-1,-1,-1,-1,-1,-3,12,NA,12,2,0,2,2,2
NA,NA,85,0.400095525256171,85,NA,5,664,301610,NA,5,-1,-1,-3,3,2,NA,1,-1,NA,1,2,1,2,-3,-3,-3,16,NA,16,2,2,0,2,NA
NA,NA,1,0.681649433544972,0,NA,3,3961,404961,NA,3,-1,-1,-3,1,-1,NA,1,-1,NA,2,-1,-1,-1,-1,-1,-3,12,NA,12,1,0,1,1,NA
NA,NA,0,0.753328117185202,-6,NA,1,2496,401245,NA,2,-1,-6,-3,1,-1,NA,1,-6,NA,3,-1,-1,-1,-1,-1,-3,29,NA,29,1,0,1,1,NA
NA,NA,0,0.426552719697818,0,NA,2,2736,401850,NA,2,-1,-1,-3,1,-1,NA,1,-1,NA,1,-1,-1,-1,-1,-1,-3,24,NA,24,2,0,2,2,NA
0.355593711208887,0.346936871184471,11,0.596565485685581,0,0,2,3265,403203,2,2,-1,-1,-3,-1,-1,-1,5,-1,1,1,-1,-1,-1,-1,-1,-3,41,NA,41,1,0,1,1,1
NA,NA,5,1.18641962517475,0,NA,2,2746,401872,NA,1,-1,-1,-3,1,-1,NA,1,-1,NA,1,-1,-1,-1,-1,-1,-3,39,NA,39,2,0,2,2,NA
0.317761936144184,0.303881847744566,67,0.548060006595017,90,95,6,2285,400727,6,5,-1,-1,-3,-1,-1,-1,5,-1,1,1,-1,-1,-1,-1,-1,-3,24,NA,24,1,0,1,1,1
0.771678653071191,0.75064815314538,70,0.695788148148976,100,85,4,4995,407581,99,4,3,-1,-3,1,-1,-1,1,-1,1,1,-1,-1,-1,-1,-1,-3,18,NA,18,1,0,1,1,1
0.234630812129098,0.213732041576212,0,0.525213526190623,0,60,4,2718,401804,4,4,3,-1,-3,-1,-1,-1,5,-1,2,2,-1,-1,-1,-1,-1,-3,45,NA,51,2,0,2,2,2
1.28360352207617,1.21571032179326,70,3.09823652209217,30,20,4,925,302223,4,99,1,-1,-3,-1,2,-1,5,-1,2,2,2,1,2,-3,-3,-3,20,NA,20,2,2,0,2,2
0.564261835052952,0.586725807074785,15,0.680576616888921,0,0,4,3246,403154,3,3,-1,-1,-3,1,-1,-1,1,-1,1,1,-1,-1,-1,-1,-1,-3,42,NA,42,2,0,2,2,2
1.19753877791621,1.13631120781996,85,1.12490603666109,100,85,6,4823,407138,6,6,-1,-1,-3,-1,-1,-1,5,-1,1,1,-1,-1,-1,-1,-1,-3,49,NA,49,2,0,2,2,2
NA,NA,70,1.09166376564585,-6,NA,6,825,301983,NA,5,-1,-6,-3,3,2,NA,1,-6,NA,-9,2,1,2,-3,-3,-3,51,NA,51,1,1,0,1,NA
0.215856366262576,0.235577017059368,85,0.4671697970174,85,85,6,506,301262,6,5,-1,-1,-3,3,1,-1,1,-1,1,1,2,1,2,-3,-3,-3,12,NA,12,1,1,0,1,1
NA,NA,0,0.693115436242689,-6,NA,6,707,301706,NA,5,-1,-6,-3,3,2,NA,1,-6,NA,1,2,1,2,-3,-3,-3,35,NA,35,2,2,0,2,NA
2.33290449704516,2.22014923000148,0,1.32855652924382,0,0,2,782,301891,2,4,1,-1,-3,1,2,-1,1,-1,1,1,2,2,2,-3,-3,-3,24,NA,24,1,1,0,1,1
4.43392685937178,4.40794049679779,60,2.1717067375918,96,85,6,2341,400886,6,99,3,-1,-3,-1,-1,-1,5,-1,1,1,-1,-1,-1,-1,-1,-3,24,NA,24,2,0,2,2,2
0.762377378979168,0.773360804062762,75,0.769674104345873,95,85,6,2282,400712,6,5,-1,-1,-3,-1,-1,-1,5,-1,1,1,-1,-1,-1,-1,-1,-3,24,NA,24,2,0,2,2,2
3.40861713935934,NA,0,1.5079789621863,0,-6,99,80,300177,4,4,3,-1,-3,-1,2,-1,5,-1,2,2,2,2,1,-3,-3,-3,11,NA,11,2,2,0,2,2
0.511535110298443,0.508190512918669,60,0.597510207698137,85,75,6,3569,403962,6,6,-1,-1,-3,3,-1,-1,1,-1,1,5,-1,-1,-1,-1,-1,-3,6,NA,6,2,0,2,2,2
0.225188238065058,0.234179560174218,15,0.395130971109778,15,0,99,4222,405603,4,3,-1,-1,-3,1,-1,-1,1,-1,1,1,-1,-1,-1,-1,-1,-3,25,NA,25,1,0,1,1,1
0.822377940229501,0.857954399438112,60,0.769075745224456,70,40,5,398,301010,6,6,-1,-1,-3,3,2,-1,1,-1,1,5,2,1,2,-3,-3,-3,13,NA,13,1,1,0,1,1
1.57641268086459,1.60981960719436,0,1.35368999930966,0,0,2,488,301215,2,2,-1,-1,-3,1,1,-1,1,-1,1,1,2,1,2,-3,-3,-3,11,NA,11,2,2,0,2,2
0.528854669342113,0.529054388184066,100,0.709402247491436,100,100,6,2697,401748,6,5,-1,-1,-3,-1,-1,-1,5,-1,1,1,-1,-1,-1,-1,-1,-3,24,NA,24,2,0,2,2,2
0.489919979517949,0.487998361328054,50,1.27694105712846,0,85,4,3252,403170,4,4,3,-1,-3,-1,-1,-1,5,-1,2,2,-1,-1,-1,-1,-1,-3,28,NA,28,2,0,2,2,2
1.36212651868161,1.45947550729169,70,0.795545027905981,85,85,6,4760,406970,6,6,-1,-1,-3,3,-1,-1,1,-1,1,1,-1,-1,-1,-1,-1,-3,39,NA,39,2,0,2,2,2
0.606692272753804,0.578838371240694,60,0.714460300866515,60,60,5,4478,406269,6,5,-1,-1,-3,-1,-1,-1,5,-1,1,1,-1,-1,-1,-1,-1,-3,27,NA,27,1,0,1,1,1
NA,NA,60,1.3770590563408,30,NA,4,2240,400607,NA,6,-1,-1,-3,-1,-1,NA,5,-1,NA,1,-1,-1,-1,-1,-1,-3,48,NA,48,1,0,1,1,NA
1.75640628598207,1.67950618129672,0,0.704002318959423,30,50,4,2326,400834,4,4,3,-1,-3,3,-1,-1,1,-1,3,3,-1,-1,-1,-1,-1,-3,48,NA,48,2,0,2,2,2
0.808358104567547,0.763551438232538,54,0.738998251473509,0,0,4,4263,405692,3,5,-1,-1,-3,3,-1,-1,1,-1,1,1,-1,-1,-1,-1,-1,-3,19,NA,19,2,0,2,2,2
0.405136647411597,NA,61,0.421104829098609,80,-6,5,3834,404666,6,3,-1,-1,-3,3,-1,-1,1,-1,1,1,-1,-1,-1,-1,-1,-3,35,NA,48,2,0,2,2,2
NA,NA,85,0.70495649654094,100,NA,4,511,301274,NA,4,2,-1,-3,3,2,NA,1,-1,NA,1,2,1,2,-3,-3,-3,40,NA,40,2,2,0,2,NA
NA,NA,0,0.308481465278876,0,NA,2,3066,402698,NA,2,-1,-1,-3,1,-1,NA,1,-1,NA,2,-1,-1,-1,-1,-1,-3,39,NA,39,2,0,2,2,NA
1.49814483827578,1.35340568154076,0,1.08929605872646,0,0,1,4321,405865,2,99,3,-1,-3,1,-1,-1,1,-1,2,2,-1,-1,-1,-1,-1,-3,45,NA,45,1,0,1,1,1
1.45497043981533,1.44030039882102,30,0.841782054128235,0,0,99,4985,407561,4,4,3,-1,-3,-1,-1,-1,5,-1,2,2,-1,-1,-1,-1,-1,-3,55,NA,55,1,0,1,1,1
0.335935117386996,0.330815619551089,42,0.380753752684113,0,0,6,3971,404979,2,5,-1,-1,-3,-1,-1,-1,5,-1,1,1,-1,-1,-1,-1,-1,-3,8,NA,8,1,0,1,1,1
NA,NA,16,1.26435076659026,-7,NA,4,4738,406929,NA,4,3,-7,-3,-1,-1,NA,5,-7,NA,3,-1,-1,-1,-1,-1,-3,36,NA,36,1,0,1,1,NA
NA,NA,2,1.76184197442081,0,NA,99,3488,403761,NA,99,1,-1,-3,1,-1,NA,1,-1,NA,3,-1,-1,-1,-1,-1,-3,6,NA,6,1,0,1,1,NA
NA,NA,40,0.83412965625129,-6,NA,5,13,300026,NA,5,-1,-6,-3,-1,2,NA,5,-6,NA,3,2,1,2,-3,-3,-3,9,NA,9,2,2,0,2,NA
0.463673817360567,0.421745900054243,40,0.477497806640013,0,0,4,2388,400997,4,4,3,-1,-3,1,-1,-1,1,-1,1,1,-1,-1,-1,-1,-1,-3,9,NA,9,1,0,1,1,1
1.97155087992387,2.191047877029,50,1.95264710746747,70,85,4,3105,402790,5,4,3,-1,-3,-1,-1,-1,5,-1,1,4,-1,-1,-1,-1,-1,-3,51,NA,51,2,0,2,2,2
1.67408623408408,1.86383407021751,100,0.817285119351236,100,100,99,4379,406023,4,99,3,-1,-3,3,-1,-1,1,-1,1,1,-1,-1,-1,-1,-1,-3,1,NA,1,1,0,1,1,1
0.788544305717537,0.845102068852924,60,0.994647664455947,95,85,6,542,301337,6,6,-1,-1,-3,3,2,-1,1,-1,1,1,2,1,2,-3,-3,-3,34,NA,34,1,1,0,1,1
0.769610281358762,NA,41,1.43000634435076,85,-6,7,2576,401438,7,6,-1,-1,-3,-1,-1,-1,5,-1,1,1,-1,-1,-1,-1,-1,-3,49,NA,49,2,0,2,2,2
0.337192961185934,0.327153425490151,1,0.304329028669551,0,0,2,4813,407117,3,2,-1,-1,-3,1,-1,-1,1,-1,1,1,-1,-1,-1,-1,-1,-3,17,NA,17,1,0,1,1,1
1.39393367200624,1.3441269216038,0,1.63998390881376,0,0,4,4689,406808,3,3,-1,-1,-3,-1,-1,-1,5,-1,1,1,-1,-1,-1,-1,-1,-3,35,NA,35,2,0,2,2,2
NA,NA,60,0.539529332523468,30,NA,4,623,301513,NA,4,1,-1,-3,1,1,NA,1,-1,NA,1,2,1,2,-3,-3,-3,27,NA,27,2,2,0,2,NA
NA,NA,100,1.36765662103729,100,NA,99,3676,404245,NA,99,3,-1,-3,3,-1,NA,1,-1,NA,1,-1,-1,-1,-1,-1,-3,45,NA,45,1,0,1,1,NA
1.12542041707077,1.15986009076352,70,0.818261446773682,70,60,4,4563,406502,4,5,-1,-1,-3,-1,-1,-1,5,-1,-9,1,-1,-1,-1,-1,-1,-3,39,NA,39,2,0,2,2,2
NA,NA,0,0.325446476315497,0,NA,2,3614,404061,NA,2,-1,-1,-3,-1,-1,NA,5,-1,NA,1,-1,-1,-1,-1,-1,-3,25,NA,25,1,0,1,1,NA
NA,NA,15,0.921387776082263,0,NA,2,1105,302709,NA,3,-1,-1,-3,1,1,NA,1,-1,NA,1,2,1,2,-3,-3,-3,11,NA,11,2,2,0,2,NA
0.774618673856743,0.743367317656006,70,0.997953381376315,85,85,4,781,301890,5,2,-1,-1,-3,-1,2,-1,5,-1,3,3,1,2,2,-3,-3,-3,6,NA,6,1,1,0,1,1
4.99999998289759,NA,0,1.90211605411789,15,-6,4,4652,406726,4,4,3,-1,-3,1,-1,-1,1,-1,2,2,-1,-1,-1,-1,-1,-3,17,NA,17,2,0,2,2,2
1.22159450775163,1.20518963796187,40,0.836708283591233,80,85,5,4103,405295,5,5,-1,-1,-3,-1,-1,-1,5,-1,3,3,-1,-1,-1,-1,-1,-3,48,NA,48,1,0,1,1,1
0.970419009699073,0.963508721099893,50,0.976137718178217,0,0,2,714,301720,99,4,1,-1,-3,1,2,-1,1,-1,3,3,1,2,2,-3,-3,-3,6,NA,6,1,1,0,1,1
NA,NA,1,1.25374115545203,0,NA,2,2338,400879,NA,2,-1,-1,-3,1,-1,NA,1,-1,NA,2,-1,-1,-1,-1,-1,-3,48,NA,48,1,0,1,1,NA
0.518565455258226,0.564204706950247,0,0.369101615006886,0,0,3,2652,401611,3,2,-1,-1,-3,-1,-1,-1,5,-1,1,1,-1,-1,-1,-1,-1,-3,48,NA,48,1,0,1,1,1
3.1683872615697,3.20410361385626,1,1.8547132263937,0,0,99,3652,404168,6,99,1,4,-3,1,-1,-1,1,-1,3,3,-1,-1,-1,-1,-1,-3,12,NA,12,2,0,2,2,2
1.01446023969323,NA,50,1.20812896662204,85,-6,5,95,300207,5,5,-1,-1,-3,3,2,-1,1,-1,1,1,2,2,1,-3,-3,-3,22,NA,22,2,2,0,2,2
0.387284177421533,0.404165875125216,0,0.517105106164165,0,0,2,3781,404528,3,3,-1,-1,-3,-1,-1,-1,5,-1,1,1,-1,-1,-1,-1,-1,-3,18,NA,18,2,0,2,2,2
3.22729932809421,2.93564070231605,70,1.10156333408618,70,30,6,946,302275,6,5,-1,-1,-3,3,2,-1,1,-1,1,1,1,2,2,-3,-3,-3,49,NA,6,2,2,0,2,2
4.99999998289759,5.00000000943276,40,3.34419078801692,60,60,4,4679,406782,4,4,3,-1,-3,-1,-1,-1,5,-1,1,1,-1,-1,-1,-1,-1,-3,25,NA,25,2,0,2,2,2
0.463936960595266,0.444919675110001,2,0.653995933067293,0,0,2,4848,407195,3,3,-1,-1,-3,-1,-1,-1,5,-1,1,1,-1,-1,-1,-1,-1,-3,39,NA,39,1,0,1,1,1
0.443295680297572,0.425148588758292,15,0.629936393408436,0,0,4,2312,400783,4,4,3,-1,-3,3,-1,-1,1,-1,1,1,-1,-1,-1,-1,-1,-3,36,NA,36,1,0,1,1,1
0.529586386664959,0.518672560201225,40,0.879676372882052,15,15,5,2531,401346,6,6,-1,-1,-3,3,-1,-1,1,-1,1,1,-1,-1,-1,-1,-1,-3,25,NA,25,2,0,2,2,2
0.228458942895024,0.239069245321676,0,0.513230069523315,0,0,2,4551,406466,2,2,-1,-1,-3,1,-1,-1,1,-1,1,1,-1,-1,-1,-1,-1,-3,13,NA,13,2,0,2,2,2
NA,NA,30,0.980327170968843,60,NA,5,2167,400426,NA,99,3,-1,-3,-1,-1,NA,5,-1,NA,3,-1,-1,-1,-1,-1,-3,17,NA,17,2,0,2,2,NA
0.779964155258476,0.729325447575485,15,0.802385247183509,0,0,3,2051,400133,2,5,-1,-1,-3,-1,-1,-1,-9,-1,-9,1,-1,-1,-1,-1,-1,-3,42,NA,12,1,0,1,1,1
0.661141671302766,0.673925182581723,15,0.569120035876844,0,0,2,4406,406105,2,2,-1,-1,-3,1,-1,-1,1,-1,1,1,-1,-1,-1,-1,-1,-3,42,NA,42,1,0,1,1,1
NA,NA,86,1.15156777182104,-6,NA,6,2644,401598,NA,5,-1,-6,-3,3,-1,NA,1,-6,NA,1,-1,-1,-1,-1,-1,-3,39,NA,39,2,0,2,2,NA
0.415194219250151,0.413233551460471,0,1.40593914507023,0,0,2,3258,403178,2,1,-1,-1,-3,1,-1,-1,1,-1,2,2,-1,-1,-1,-1,-1,-3,37,NA,37,2,0,2,2,2
0.407048191719959,0.411985945208211,61,0.372397194822721,30,40,4,4645,406705,4,4,3,-1,-3,3,-1,-1,1,-1,1,1,-1,-1,-1,-1,-1,-3,51,NA,51,1,0,1,1,1
0.365679848930954,0.351234733539464,20,0.366500022412566,45,30,4,1041,302535,4,4,1,-1,-3,-1,2,-1,5,-1,1,1,2,1,2,-3,-3,-3,9,NA,9,2,2,0,2,2
1.03732431401086,1.10775120364673,15,0.704876169922646,0,0,2,2877,402215,3,2,-1,-1,-3,1,-1,-1,1,-1,4,4,-1,-1,-1,-1,-1,-3,6,NA,6,1,0,1,1,1
0.531420630500168,0.497784522974448,16,0.599481624552732,0,0,4,2890,402254,4,6,-1,-1,-3,-1,-1,-1,5,-1,1,1,-1,-1,-1,-1,-1,-3,36,NA,36,2,0,2,2,2
0.693184262516643,0.66944535283637,41,0.615154344865336,60,85,5,2669,401664,5,4,3,-1,-3,-1,-1,-1,5,-1,1,1,-1,-1,-1,-1,-1,-3,26,NA,26,2,0,2,2,2
0.810636486665533,0.800667708929034,15,0.801617654077842,0,0,3,913,302195,2,3,-1,-1,-3,-1,1,-1,5,-1,1,1,2,1,2,-3,-3,-3,47,NA,47,2,2,0,2,2
0.626019361711333,0.618314159771702,60,0.616966925188132,85,92,7,635,301541,6,5,-1,-1,-3,3,2,-1,1,-1,1,6,2,1,2,-3,-3,-3,47,NA,47,1,1,0,1,1
NA,NA,40,0.377786445396937,40,NA,4,2749,401876,NA,4,3,4,-3,-1,-1,NA,5,-1,NA,1,-1,-1,-1,-1,-1,-3,41,NA,41,2,0,2,2,NA
1.1544587804599,1.1227497232327,0,1.10538088707848,0,0,2,3848,404716,2,2,-1,-1,-3,1,-1,-1,1,-1,-9,-9,-1,-1,-1,-1,-1,-3,6,NA,6,2,0,2,2,2
1.56434118181397,1.5040128616880999,64,1.46399642522576,60,40,5,3480,403746,4,4,3,-1,-3,3,-1,-1,1,-1,1,1,-1,-1,-1,-1,-1,-3,5,NA,5,2,0,2,2,2
NA,NA,71,0.309974454080628,85,NA,6,4364,405982,NA,6,-1,-1,-3,3,-1,NA,1,-1,NA,1,-1,-1,-1,-1,-1,-3,37,NA,37,2,0,2,2,NA
1.79274380419664,1.74596887826575,30,1.01995127278716,0,15,5,3897,404811,99,6,-1,-1,-3,3,-1,-1,1,-1,1,1,-1,-1,-1,-1,-1,-3,6,NA,6,1,0,1,1,1
0.365324740310048,0.357237328454286,25,0.503467777507496,0,0,3,3326,403373,4,3,-1,-1,-3,7,-1,-1,1,-1,1,1,-1,-1,-1,-1,-1,-3,16,NA,16,1,0,1,1,1
1.21035195585091,1.32756590476041,50,1.99663359668856,60,50,5,854,302054,4,99,1,-1,-3,-1,2,-1,5,-1,1,1,2,1,2,-3,-3,-3,17,NA,17,1,1,0,1,1
0.452406480383718,0.444966349068165,3,0.597582750630884,0,0,7,3697,404294,4,6,-1,-1,-3,-1,-1,-1,5,-1,1,1,-1,-1,-1,-1,-1,-3,42,NA,42,2,0,2,2,2
1.81977129502332,2.07637342372408,15,0.954517031587869,0,0,2,5085,407789,1,3,-1,-1,-3,-1,-1,-1,5,-1,4,4,-1,-1,-1,-1,-1,-3,53,NA,53,1,0,1,1,1
NA,NA,40,1.06269190146483,40,NA,4,4083,405243,NA,4,3,-1,-3,-1,-1,NA,5,-1,NA,1,-1,-1,-1,-1,-1,-3,12,NA,12,1,0,1,1,NA
NA,NA,70,0.796981242640561,100,NA,5,2205,400533,NA,6,-1,-1,-3,-1,-1,NA,5,-1,NA,1,-1,-1,-1,-1,-1,-3,27,NA,27,1,0,1,1,NA
NA,NA,0,0.674674952147831,-6,NA,4,4424,406144,NA,2,-1,-6,-3,-1,-1,NA,5,-6,NA,3,-1,-1,-1,-1,-1,-3,42,NA,42,2,0,2,2,NA
1.18591581011417,1.22042963278537,40,1.97392043081144,25,30,3,4488,406302,3,2,-1,-1,-3,1,-1,-1,1,-1,3,3,-1,-1,-1,-1,-1,-3,6,NA,6,2,0,2,2,2
2.72265169834739,2.44436208130968,0,1.40430142748079,0,0,5,2866,402191,5,4,3,-1,-3,-1,-1,-1,5,-1,1,1,-1,-1,-1,-1,-1,-3,4,NA,4,1,0,1,1,1
0.52527217327004,0.499736750187257,0,0.727186318471614,1,0,3,4356,405965,3,3,-1,-1,-3,-1,-1,-1,5,-1,1,1,-1,-1,-1,-1,-1,-3,6,NA,6,1,0,1,1,1
NA,NA,85,1.85161900509133,100,NA,6,576,301408,NA,6,-1,-1,-3,3,2,NA,1,-1,NA,1,2,1,2,-3,-3,-3,20,NA,20,2,2,0,2,NA
0.633765785442388,0.596498947188933,70,0.781175669687664,85,100,6,2383,400984,6,5,-1,-1,-3,3,-1,-1,1,-1,1,1,-1,-1,-1,-1,-1,-3,13,NA,13,2,0,2,2,2
NA,NA,30,0.863602506924407,60,NA,5,3547,403921,NA,2,-1,-1,-3,-1,-1,NA,5,-1,NA,1,-1,-1,-1,-1,-1,-3,16,NA,16,1,0,1,1,NA
0.247602875434807,0.254715331827008,2,0.644406066701716,0,0,99,4956,407485,99,99,3,-1,-3,-1,-1,-1,5,-1,2,2,-1,-1,-1,-1,-1,-3,48,NA,48,1,0,1,1,1
0.465124277948322,0.451078560570827,1,0.780983422713379,15,50,99,3644,404143,5,6,-1,-1,-3,1,-1,-1,1,-1,3,3,-1,-1,-1,-1,-1,-3,42,NA,42,1,0,1,1,1
NA,NA,70,0.659252190692502,100,NA,5,1103,302699,NA,6,-1,-1,-3,3,2,NA,1,-1,NA,1,2,1,2,-3,-3,-3,25,NA,25,3,3,0,3,NA
0.260692282112403,0.257790479929246,1,0.27856193513424,0,0,2,2722,401812,2,2,-1,-1,-3,1,-1,-1,1,-1,1,1,-1,-1,-1,-1,-1,-3,37,NA,37,2,0,2,2,2
0.72130799786661,0.710053323199883,10,0.719026276976949,0,0,3,2122,400318,4,3,-1,-1,-3,-1,-1,-1,5,-1,1,1,-1,-1,-1,-1,-1,-3,27,NA,27,2,0,2,2,2
0.819514458590238,0.842572285825761,60,1.56141522807091,70,85,99,2731,401835,99,4,3,-1,-3,-1,-1,-1,5,-1,1,1,-1,-1,-1,-1,-1,-3,39,NA,39,1,0,1,1,1
0.967349006173408,1.10337277082186,15,0.766260548297648,0,0,2,3595,404021,2,2,-1,-1,-3,1,-1,-1,1,-1,1,1,-1,-1,-1,-1,-1,-3,12,NA,12,1,0,1,1,1
0.486598472586803,0.466121999147618,15,0.725890265302724,35,0,99,2505,401267,4,99,3,-1,-3,-1,-1,-1,5,-1,1,1,-1,-1,-1,-1,-1,-3,26,NA,26,1,0,1,1,1
0.356644102924483,0.373797728060241,15,0.490724258094484,0,0,4,694,301677,3,2,-1,-1,-3,1,2,-1,1,-1,1,1,2,1,2,-3,-3,-3,20,NA,20,1,1,0,1,1
NA,NA,0,1.2363131869799,0,NA,2,46,300107,NA,2,-1,-1,-3,1,1,NA,1,-1,NA,1,2,2,2,-3,-3,-3,4,NA,17,1,1,0,1,NA
0.66105104369015,0.662085655019446,0,1.37476548587637,0,15,3,1180,302880,3,2,-1,-1,-3,1,2,-1,1,-1,1,1,1,2,2,-3,-3,-3,6,NA,6,2,2,0,2,2
0.798764627806584,0.773485254823903,0,1.38201767900079,40,85,3,2855,402168,4,3,-1,-1,-3,1,-1,-1,1,-1,1,1,-1,-1,-1,-1,-1,-3,21,NA,21,2,0,2,2,2
4.63493040037778,4.99172838020388,85,3.51087676166399,80,73,5,490,301225,5,5,-1,-1,-3,3,2,-1,1,-1,5,6,2,1,2,-3,-3,-3,42,NA,42,2,2,0,2,2
2.26464005621353,2.31784698248241,70,3.71708998175735,60,70,4,3657,404184,4,5,-1,-1,-3,3,-1,-1,1,-1,1,1,-1,-1,-1,-1,-1,-3,48,NA,48,2,0,2,2,2
NA,NA,0,0.373262558763972,0,NA,4,4462,406243,NA,4,1,-1,-3,-1,-1,NA,5,-1,NA,2,-1,-1,-1,-1,-1,-3,48,NA,48,1,0,1,1,NA
0.623392846121028,0.601674125969376,86,0.622735543771333,85,85,4,4286,405769,5,4,3,-1,-3,3,-1,-1,1,-1,1,1,-1,-1,-1,-1,-1,-3,21,NA,21,1,0,1,1,1
0.70151501533686,0.748560426686581,70,0.81566890795565306,85,100,7,2536,401352,7,7,-1,-1,-3,3,-1,-1,1,-1,1,1,-1,-1,-1,-1,-1,-3,26,NA,26,2,0,2,2,2
1.26364713892884,1.27462653691398,30,0.750149120914688,40,15,3,372,300926,4,3,-1,-1,-3,1,2,-1,1,-1,4,4,2,1,2,-3,-3,-3,39,NA,39,1,1,0,1,1
0.823139231976674,0.801205423015964,70,0.772119814305741,85,85,6,3033,402626,4,6,-1,-1,-3,7,-1,-1,1,-1,1,1,-1,-1,-1,-1,-1,-3,37,NA,37,2,0,2,2,2
2.66130860805668,2.48582386105699,0,1.61937934224408,0,30,1,4167,405462,2,1,-1,-1,-3,1,-1,-1,1,-1,3,3,-1,-1,-1,-1,-1,-3,25,NA,25,2,0,2,2,2
NA,NA,0,1.15166245174792,0,NA,2,792,301910,NA,1,-1,-1,-3,1,2,NA,1,-1,NA,1,2,2,1,-3,-3,-3,24,NA,11,2,2,0,2,NA
0.360432817405609,0.336771584598157,1,0.587289118094409,0,0,2,4082,405242,2,2,-1,-1,-3,1,-1,-1,1,-1,1,1,-1,-1,-1,-1,-1,-3,42,NA,42,2,0,2,2,2
0.214289400799065,0.230890266510245,60,0.219035905172676,70,100,6,995,302420,99,6,-1,-1,-3,3,1,-1,1,-1,1,1,2,1,2,-3,-3,-3,26,NA,26,1,1,0,1,1
NA,NA,85,1.17221450582351,-7,NA,4,3857,404731,NA,4,2,-7,-3,-9,-1,NA,1,-7,NA,1,-1,-1,-1,-1,-1,-3,47,NA,47,1,0,1,1,NA
NA,NA,0,1.31894919210259,0,NA,1,2332,400860,NA,1,-1,-1,-3,7,-1,NA,1,-1,NA,1,-1,-1,-1,-1,-1,-3,6,NA,6,2,0,2,2,NA
3.26223247685994,3.04476933733481,0,1.95529794234116,0,0,1,977,302380,2,2,-1,-1,-3,1,2,-1,1,-1,6,4,2,1,2,-3,-3,-3,8,NA,8,1,1,0,1,1
2.7940425467591,2.61783478076284,50,2.95115623648324,15,0,2,411,301043,99,99,1,-1,-3,1,1,-1,1,-1,3,3,1,2,2,-3,-3,-3,8,NA,8,2,2,0,2,2
0.887556593143121,0.858908355895602,15,0.740446857288777,0,0,3,3478,403741,3,4,3,-1,-3,1,-1,-1,1,-1,1,1,-1,-1,-1,-1,-1,-3,21,NA,21,1,0,1,1,1
NA,NA,10,0.345729704470654,15,NA,2,4043,405147,NA,4,3,-1,-3,-1,-1,NA,5,-1,NA,1,-1,-1,-1,-1,-1,-3,20,NA,20,1,0,1,1,NA
NA,NA,59,1.50128908945878,-6,NA,4,2982,402510,NA,4,3,-6,-3,-1,-1,NA,5,-6,NA,1,-1,-1,-1,-1,-1,-3,27,NA,27,2,0,2,2,NA
0.906122056128031,0.921259901900918,85,1.68395304813481,40,65,3,283,300706,3,4,1,-1,-3,-1,2,-1,5,-1,1,1,2,1,2,-3,-3,-3,48,NA,48,1,1,0,1,1
3.77714135927958,3.4459925785288,85,2.60011997351339,85,90,6,4931,407409,6,6,-1,-1,-3,3,-1,-1,1,-1,1,1,-1,-1,-1,-1,-1,-3,16,NA,6,1,0,1,1,1
1.08635679742264,NA,61,0.717900276396853,0,-7,5,5086,407791,4,3,-1,-1,-3,1,-1,-1,1,-1,1,1,-1,-1,-1,-1,-1,-3,51,NA,51,1,0,1,1,1
0.474921017277307,0.523834957130102,89,0.770136882487025,100,100,99,4912,407366,4,99,3,2,-3,-1,-1,-1,5,-1,1,1,-1,-1,-1,-1,-1,-3,29,NA,29,2,0,2,2,2
3.34971642974782,NA,85,2.59756931975497,0,-6,1,4771,406994,1,4,1,-1,-3,-1,-1,-1,5,-1,2,1,-1,-1,-1,-1,-1,-3,24,NA,42,2,0,2,2,2
0.332653196504112,NA,51,0.563871652175624,0,-6,99,4435,406170,4,4,3,-1,-3,1,-1,-1,1,-1,2,2,-1,-1,-1,-1,-1,-3,29,NA,29,2,0,2,2,2
2.16083963583182,2.03996066829298,1,2.82855293092772,0,0,99,3167,402946,3,99,1,-1,-3,-1,-1,-1,5,-1,1,1,-1,-1,-1,-1,-1,-3,47,NA,47,2,0,2,2,2
1.60305564613831,1.51223664741188,40,0.637694734204098,85,95,6,4394,406073,6,6,-1,-1,-3,-1,-1,-1,5,-1,6,6,-1,-1,-1,-1,-1,-3,12,NA,12,1,0,1,1,1
0.723838003436814,0.745317741466324,50,0.867988428207785,50,0,4,3456,403684,4,99,3,-1,-3,-1,-1,-1,5,-1,6,1,-1,-1,-1,-1,-1,-3,39,NA,39,2,0,2,2,2
NA,NA,30,1.49963415925055,0,NA,4,494,301232,NA,2,-1,-1,-3,1,2,NA,1,-1,NA,2,2,1,2,-3,-3,-3,35,NA,35,2,2,0,2,NA
0.586605835604109,0.610998746022577,0,1.37393956098398,0,0,1,1147,302800,2,2,-1,-1,-3,1,2,-1,1,-1,1,1,2,1,2,-3,-3,-3,25,NA,25,1,1,0,1,1
0.539349211043838,0.535012643553535,60,1.06413438871913,0,0,3,2104,400277,4,99,2,-1,-3,-1,-1,-1,5,-5,1,1,-1,-1,-1,-1,-1,-3,26,NA,26,1,0,1,1,1
4.99999998289759,5.00000000943276,0,3.26405038045635,0,40,99,4526,406386,4,99,2,-1,-3,-1,-1,-1,5,-1,2,6,-1,-1,-1,-1,-1,-3,12,NA,12,2,0,2,2,2
0.829099188227473,0.804949885453329,15,0.719471535781497,0,15,4,4239,405648,3,3,-1,-1,-3,1,-1,-1,1,-1,1,1,-1,-1,-1,-1,-1,-3,17,NA,17,2,0,2,2,2
0.864950073161699,0.861839159843572,60,0.692949438884419,80,60,5,4162,405451,4,5,-1,-1,-3,-1,-1,-1,5,-1,1,1,-1,-1,-1,-1,-1,-3,48,NA,48,1,0,1,1,1
0.235957635344062,0.225094334714225,30,0.313918278441251,15,10,2,3898,404812,3,3,-1,-1,-3,1,-1,-1,1,-1,1,1,-1,-1,-1,-1,-1,-3,8,NA,8,2,0,2,2,2
2.70842633977497,2.5902867096821,16,1.68575634401864,15,15,4,3900,404815,4,4,3,-1,-3,1,-1,-1,1,-1,2,2,-1,-1,-1,-1,-1,-3,12,NA,12,1,0,1,1,1
0.948419232257734,0.9022808884711,45,0.719026276976949,30,40,4,2772,401928,4,4,3,-1,-3,-1,-1,-1,5,-1,6,6,-1,-1,-1,-1,-1,-3,20,NA,20,2,0,2,2,2
1.08921583141344,1.10179306187114,0,1.96029899947968,0,70,4,4554,406469,5,4,3,-1,-3,-1,-1,-1,5,-1,2,2,-1,-1,-1,-1,-1,-3,28,NA,28,1,0,1,1,1
0.480660046044029,0.473798002457488,15,0.347522796585596,0,15,99,3887,404791,99,99,3,-1,-3,1,-1,-1,1,-1,1,1,-1,-1,-1,-1,-1,-3,17,NA,17,1,0,1,1,1
0.226356808711405,0.25417123529946,70,0.46829850700001,90,-9,99,4800,407085,99,5,-1,-1,-3,7,-1,-1,1,-1,1,1,-1,-1,-1,-1,-1,-3,45,NA,45,1,0,1,1,1
NA,NA,0,0.800464511827763,0,NA,2,882,302124,NA,1,-1,-1,-3,1,1,NA,1,-1,NA,1,1,2,2,-3,-3,-3,6,NA,8,2,2,0,2,NA
0.498354496776767,0.454163968016704,1,0.621588264256193,0,0,5,3607,404048,7,6,-1,-1,-3,-1,-1,-1,5,-1,1,1,-1,-1,-1,-1,-1,-3,15,NA,15,2,0,2,2,2
0.286565385424968,0.294527580144495,60,0.613636443517403,85,100,6,3183,402976,6,6,-1,-1,-3,3,-1,-1,1,-1,1,1,-1,-1,-1,-1,-1,-3,45,NA,45,2,0,2,2,2
0.725753824379728,0.646246105621758,31,0.393175483213804,40,40,2,2098,400266,2,4,3,-1,-3,-1,-1,-1,5,-1,6,5,-1,-1,-1,-1,-1,-3,40,NA,40,2,0,2,2,2
1.83363365980578,1.88573108920366,70,1.34189286510086,100,100,7,1132,302765,7,7,-1,-1,-3,-1,2,-1,5,-1,1,1,2,1,2,-3,-3,-3,47,NA,47,1,1,0,1,1
0.291637675135213,0.270965192422202,2,0.427758663199578,0,0,2,2846,402147,2,2,-1,-1,-3,1,-1,-1,1,-1,1,1,-1,-1,-1,-1,-1,-3,6,NA,6,1,0,1,1,1
NA,NA,100,4.99907405308709,100,NA,6,1101,302680,NA,99,2,-1,-3,-1,2,NA,5,-1,NA,1,2,1,2,-3,-3,-3,22,NA,22,2,2,0,2,NA
2.22165213624798,2.42629773000947,50,1.73215820383167,0,0,99,210,300541,3,4,1,-1,-3,-1,2,-1,5,-1,2,2,2,1,2,-3,-3,-3,12,NA,13,1,1,0,1,1
0.932904426753211,0.921773120847834,30,1.72506307110419,15,15,7,861,302076,7,6,-1,-1,-3,3,2,-1,1,-1,1,1,2,1,2,-3,-3,-3,40,NA,40,2,2,0,2,2
2.15564487153044,2.2074786514061,84,0.459355084711182,100,85,4,3843,404699,3,4,-9,-1,-3,-1,-1,-1,5,-1,1,1,-1,-1,-1,-1,-1,-3,32,NA,32,1,0,1,1,1
NA,NA,50,0.36423951805408,0,NA,4,3214,403064,NA,99,3,-1,-3,-1,-1,NA,5,-1,NA,1,-1,-1,-1,-1,-1,-3,17,NA,17,2,0,2,2,NA
0.996938539216284,1.00855482685015,32,0.921379346545513,50,100,4,3620,404077,99,6,-1,-1,-3,1,-1,-1,1,-1,3,3,-1,-1,-1,-1,-1,-3,12,NA,12,1,0,1,1,1
0.495738357104796,0.482577088996523,20,0.891236617478627,0,0,2,1073,302614,3,3,-1,-1,-3,1,2,-1,1,-1,1,1,2,1,2,-3,-3,-3,33,NA,33,1,1,0,1,1
1.42907726861295,1.39521765005416,50,1.85048436100065,30,40,4,480,301193,99,99,3,-1,-3,-1,2,-1,5,-1,1,1,2,1,2,-3,-3,-3,25,NA,25,2,2,0,2,2
0.364856511591295,0.370928361925034,85,0.365723609258469,100,85,6,4436,406174,6,5,-1,-1,-3,3,-1,-1,1,-1,1,1,-1,-1,-1,-1,-1,-3,34,NA,34,2,0,2,2,2
0.360628426584463,0.344836934826671,30,0.390762792987704,0,0,5,3854,404725,3,2,-1,-1,-3,-1,-1,-1,5,-1,1,1,-1,-1,-1,-1,-1,-3,12,NA,36,1,0,1,1,1
NA,NA,0,1.29931252408019,-6,NA,3,3458,403688,NA,4,3,-6,-3,-1,-1,NA,5,-6,NA,2,-1,-1,-1,-1,-1,-3,47,NA,47,2,0,2,2,NA
NA,NA,3,0.6053394634065,0,NA,99,2220,400564,NA,4,2,-1,-3,-1,-1,NA,5,-1,NA,1,-1,-1,-1,-1,-1,-3,39,NA,39,2,0,2,2,NA
NA,NA,85,0.419219188176443,70,NA,6,1074,302615,NA,6,-1,-1,-3,3,2,NA,1,-1,NA,1,2,1,2,-3,-3,-3,40,NA,40,2,2,0,2,NA
0.617938199125666,0.586055306894952,17,0.483118419716655,0,-9,2,4719,406877,2,3,-1,-1,-3,1,-1,-1,1,-1,4,4,-1,-1,-1,-1,-1,-3,6,NA,6,1,0,1,1,1
NA,NA,0,2.50684909415516,0,NA,4,3164,402931,NA,99,3,-1,-3,-1,-1,NA,5,-1,NA,2,-1,-1,-1,-1,-1,-3,1,NA,1,1,0,1,1,NA
NA,NA,0,0.652212394330005,0,NA,4,2861,402175,NA,99,1,-1,-3,-1,-1,NA,5,-1,NA,2,-1,-1,-1,-1,-1,-3,55,NA,55,1,0,1,1,NA
0.651103336400213,0.598704089024755,0,0.922239241656245,0,0,99,4093,405278,99,4,3,-1,-3,-1,-1,-1,5,-1,2,2,-1,-1,-1,-1,-1,-3,12,NA,12,2,0,2,2,2
0.34139038020941,0.320379152665388,0,0.591052231704935,0,0,4,3859,404738,2,2,-1,1,-3,-1,-1,-1,5,-1,1,1,-1,-1,-1,-1,-1,-3,31,NA,31,2,0,2,2,2
4.358295893626,4.06992014089186,2,2.39016400757086,0,0,2,2004,400007,2,2,-1,-1,-3,1,-1,-1,1,-1,3,3,-1,-1,-1,-1,-1,-3,6,NA,6,1,0,1,1,1
NA,NA,2,0.761663749015756,-6,NA,3,4660,406741,NA,3,-1,-6,-3,7,-1,NA,1,-6,NA,1,-1,-1,-1,-1,-1,-3,41,NA,41,1,0,1,1,NA
0.690871920852246,0.687781461280045,0,0.663963354438374,0,0,2,2617,401543,3,2,-1,-1,-3,1,-1,-1,1,-1,1,1,-1,-1,-1,-1,-1,-3,53,NA,53,1,0,1,1,1
0.482775778960392,0.471484774365093,39,1.31538981136828,60,60,4,3762,404461,5,4,1,2,-3,1,-1,-1,1,-1,3,3,-1,-1,-1,-1,-1,-3,16,NA,16,1,0,1,1,1
NA,NA,0,2.42387590442383,-6,NA,4,3531,403885,NA,99,2,-6,-3,3,-1,NA,1,-6,NA,1,-1,-1,-1,-1,-1,-3,6,NA,6,1,0,1,1,NA
0.865231273673264,0.787216909351716,70,1.11453604658875,85,85,6,219,300555,6,99,2,-1,-3,3,2,-1,1,-1,1,1,2,1,2,-3,-3,-3,4,NA,4,1,1,0,1,1
4.08094002815028,3.88433862897836,50,1.41586157581514,0,-9,99,743,301801,2,2,-1,-1,-3,-1,2,-1,5,-1,3,3,1,2,2,-3,-3,-3,6,NA,6,1,1,0,1,1
NA,NA,50,1.5242197340343,40,NA,99,2714,401795,NA,5,-1,-1,-3,-1,-1,NA,5,-1,NA,1,-1,-1,-1,-1,-1,-3,12,NA,12,1,0,1,1,NA
NA,NA,100,2.03274523309254,0,NA,4,1061,302584,NA,99,2,-1,-3,-1,1,NA,5,-1,NA,1,2,2,2,-3,-3,-3,39,NA,17,1,1,0,1,NA
0.810702723034733,0.886445093129082,0,0.58788476158323,0,0,1,2542,401367,2,2,-1,-1,-3,1,-1,-1,1,-1,1,1,-1,-1,-1,-1,-1,-3,25,NA,25,1,0,1,1,1
2.13199428424527,2.09253824829686,40,1.44443238694349,85,60,99,744,301802,99,5,-1,-1,-3,-1,2,-1,5,-1,1,1,2,1,2,-3,-3,-3,55,NA,55,1,1,0,1,1
NA,NA,40,0.604818571684704,-6,NA,5,4211,405579,NA,5,-1,-6,-3,-1,-1,NA,5,-6,NA,1,-1,-1,-1,-1,-1,-3,12,NA,12,1,0,1,1,NA
0.565091531769342,0.5216058674898,51,0.435086956475513,100,-9,6,2447,401130,7,99,2,-1,-3,-1,-1,-1,5,-1,1,1,-1,-1,-1,-1,-1,-3,42,NA,42,2,0,2,2,2
0.39125853754262,0.389708019122727,100,0.635942925590038,100,100,6,4937,407430,6,6,-1,-1,-3,3,-1,-1,1,-1,1,1,-1,-1,-1,-1,-1,-3,42,NA,42,2,0,2,2,2
NA,NA,15,1.26368357907584,-6,NA,4,3209,403042,NA,99,2,-6,-3,1,-1,NA,1,-6,NA,3,-1,-1,-1,-1,-1,-3,6,NA,6,2,0,2,2,NA
3.52356713470349,3.30292544736037,60,1.00077236393134,100,80,7,736,301784,6,4,2,-1,-3,-1,2,-1,5,-1,4,4,2,1,2,-3,-3,-3,53,NA,53,1,1,0,1,1
NA,NA,60,0.36396218360474,75,NA,4,2711,401791,NA,4,2,-1,-3,-1,-1,NA,5,-1,NA,1,-1,-1,-1,-1,-1,-3,20,NA,20,1,0,1,1,NA
NA,NA,50,2.07585557809375,70,NA,4,592,301442,NA,4,-9,-1,-3,-1,2,NA,5,-1,NA,4,2,2,2,-3,-3,-3,24,NA,24,1,1,0,1,NA
2.19546079173013,NA,16,1.22990350105068,0,-7,2,2609,401522,2,3,-1,-1,-3,1,-1,-1,1,-1,6,6,-1,-1,-1,-1,-1,-3,37,NA,37,2,0,2,2,2
1.05769504463544,1.04150428857118,0,0.33055669685554,0,0,4,682,301651,3,2,-1,-1,-3,1,2,-1,1,-1,3,3,1,2,2,-3,-3,-3,6,NA,6,2,2,0,2,2
0.867283965898774,0.985452544232325,60,1.40643522289665,40,70,4,3515,403844,4,4,2,-1,-3,-1,-1,-1,5,-1,1,1,-1,-1,-1,-1,-1,-3,34,NA,34,2,0,2,2,2
0.369898823218881,0.363508783256519,15,0.726367617362589,15,15,4,3817,404618,4,4,3,-1,-3,-1,-1,-1,5,-1,1,1,-1,-1,-1,-1,-1,-3,37,NA,37,2,0,2,2,2
0.251649056589493,0.247454783668827,42,0.397427284372133,15,15,5,3461,403696,5,5,-1,-1,-3,-1,-1,-1,5,-1,1,1,-1,-1,-1,-1,-1,-3,37,NA,37,2,0,2,2,2
0.306966473579911,0.285441078706611,35,0.512924756762758,0,0,6,4954,407482,5,5,-1,-1,-3,-1,-1,-1,5,-1,1,1,-1,-1,-1,-1,-1,-3,19,NA,19,2,0,2,2,2
0.394819927867791,0.409965811421745,84,0.41214560265906097,85,100,6,2035,400098,6,6,-1,-1,-3,3,-1,-1,1,-1,1,1,-1,-1,-1,-1,-1,-3,45,NA,45,2,0,2,2,2
4.99999998289759,4.88358349849281,60,2.03579229197129,15,60,99,419,301061,4,99,1,-1,-3,-1,2,-1,5,-1,3,3,2,1,2,-3,-3,-3,48,NA,48,1,1,0,1,1
0.347103371785463,0.326825752865612,51,0.628641904679322,85,100,5,4226,405611,6,4,3,-1,-3,3,-1,-1,1,-1,1,1,-1,-1,-1,-1,-1,-3,55,NA,55,1,0,1,1,1
2.0015249197184,NA,31,1.57097465516802,15,-6,4,5007,407611,99,3,-1,-1,-3,-1,-1,-1,5,-1,1,1,-1,-1,-1,-1,-1,-3,9,NA,9,1,0,1,1,1
NA,NA,60,0.972551214641507,85,NA,6,887,302132,NA,6,-1,-1,-3,3,2,NA,1,-1,NA,1,2,1,2,-3,-3,-3,18,NA,18,2,2,0,2,NA
0.421430267175985,0.40896277317706897,99,0.700584945383512,100,100,99,4439,406186,6,4,3,-1,-3,-1,-1,-1,5,-1,1,1,-1,-1,-1,-1,-1,-3,34,NA,34,2,0,2,2,2
0.91230042716106,0.864711017170571,0,0.667596957040299,15,70,4,174,300403,5,4,2,-1,-3,-1,2,-1,5,-1,3,3,1,2,2,-3,-3,-3,6,NA,6,2,2,0,2,2
0.995774650658,0.978796709963605,0,0.623731372176376,30,0,99,2192,400500,99,4,3,-1,-3,-1,-1,-1,5,-1,-9,-9,-1,-1,-1,-1,-1,-3,40,NA,40,2,0,2,2,2
0.813858467235241,0.789110238825244,0,0.678920850175601,0,0,2,2843,402143,2,2,-1,-1,-3,1,-1,-1,1,-1,1,1,-1,-1,-1,-1,-1,-3,13,NA,13,1,0,1,1,1
0.550559093351657,0.562238591407404,70,0.499381011657659,60,70,6,1133,302770,5,5,-1,-1,-3,-1,2,-1,5,-1,1,1,2,1,2,-3,-3,-3,18,NA,18,2,2,0,2,2
2.59004854443579,2.65550492578694,85,1.98497915343104,100,100,4,4429,406154,4,4,3,-1,-3,-1,-1,-1,5,-1,6,1,-1,-1,-1,-1,-1,-3,4,NA,4,2,0,2,2,2
0.229105203302917,0.241597679020182,0,0.306206209776322,0,-9,99,2973,402481,99,99,2,-1,-3,-1,-1,-1,5,-1,2,2,-1,-1,-1,-1,-1,-3,26,NA,26,1,0,1,1,1
1.32655031705045,1.32296671644587,0,0.857387408142923,0,0,4,3654,404174,3,3,-1,-1,-3,1,-1,-1,1,-1,1,1,-1,-1,-1,-1,-1,-3,6,NA,6,2,0,2,2,2
0.896084678654563,0.816259340586335,2,0.884905380480654,100,50,5,2368,400950,5,5,-1,-1,-3,3,-1,-1,1,-1,1,1,-1,-1,-1,-1,-1,-3,20,NA,20,2,0,2,2,2
NA,NA,0,0.775424072794351,0,NA,4,2266,400680,NA,3,-1,-1,-3,-1,-1,NA,5,-1,NA,3,-1,-1,-1,-1,-1,-3,48,NA,48,2,0,2,2,NA
NA,NA,85,0.468912637731703,0,NA,99,4691,406812,NA,99,3,-1,-3,-1,-1,NA,5,-1,NA,1,-1,-1,-1,-1,-1,-3,36,NA,36,2,0,2,2,NA
0.331327175152993,0.305595554662802,40,0.39304117487426,15,0,4,4538,406420,4,5,-1,-1,-3,-1,-1,-1,5,-1,1,1,-1,-1,-1,-1,-1,-3,26,NA,26,2,0,2,2,2
1.16898103082966,1.09568594316399,60,0.739301815782755,40,40,99,3414,403567,6,5,-1,-1,-3,-1,-1,-1,5,-1,1,1,-1,-1,-1,-1,-1,-3,37,NA,37,1,0,1,1,1
0.438261804690871,0.402850921538281,30,0.693311282672062,0,40,4,4122,405342,4,2,-1,-1,-3,-1,-1,-1,5,-1,1,1,-1,-1,-1,-1,-1,-3,36,NA,6,2,0,2,2,2
0.687616855836282,0.62174482352945,14,0.546302835204891,-9,0,5,3154,402904,5,5,-1,-1,-3,-1,-1,-1,5,-1,1,1,-1,-1,-1,-1,-1,-3,53,NA,53,2,0,2,2,2
0.62738598084653,0.648303871625014,17,0.450830624698682,0,0,2,3818,404622,1,2,-1,-1,-3,-1,-1,-1,5,-1,1,1,-1,-1,-1,-1,-1,-3,6,NA,6,2,0,2,2,2
0.686108935483996,0.669670218413112,0,0.637472463427119,0,0,2,2951,402406,1,2,-1,-1,-3,-1,-1,-1,5,-1,1,1,-1,-1,-1,-1,-1,-3,50,NA,50,2,0,2,2,2
NA,NA,15,0.748269723972675,0,NA,3,115,300246,NA,99,3,-1,-3,-1,2,NA,5,-1,NA,3,2,1,2,-3,-3,-3,6,NA,6,2,2,0,2,NA
0.641265918606099,0.625662065635673,85,0.582968265447285,85,100,4,1173,302871,5,2,-1,-1,-3,3,2,-1,1,-1,1,1,2,1,2,-3,-3,-3,8,NA,8,2,2,0,2,2
1.45987912342952,1.34870167654728,69,1.29869947573915,85,80,4,2274,400697,5,5,-1,-1,-3,3,-1,-1,1,-1,1,1,-1,-1,-1,-1,-1,-3,8,NA,8,1,0,1,1,1
NA,NA,60,0.649276888122577,-6,NA,6,4272,405725,NA,6,-1,-6,-3,-1,-1,NA,5,-6,NA,1,-1,-1,-1,-1,-1,-3,22,NA,22,1,0,1,1,NA
0.549469064966479,0.557705059596844,70,0.41775673902635,70,70,6,446,301125,6,6,-1,-1,-3,3,2,-1,1,-1,1,1,2,2,1,-3,-3,-3,37,NA,37,2,2,0,2,2
NA,NA,40,1.36787617598514,0,NA,99,2253,400653,NA,99,3,-1,-3,1,-1,NA,1,-1,NA,2,-1,-1,-1,-1,-1,-3,37,NA,37,1,0,1,1,NA
0.592428571418982,0.645385351125462,60,0.835241346683717,70,85,5,5002,407597,6,4,2,-1,-3,-1,-1,-1,5,-1,1,1,-1,-1,-1,-1,-1,-3,48,NA,48,1,0,1,1,1
0.320531982743179,0.318766523107541,30,0.81838464314523,60,60,7,205,300518,7,7,-1,-1,-3,-1,1,-1,5,-1,1,1,2,1,2,-3,-3,-3,47,NA,47,2,2,0,2,2
0.467348769036037,0.467923677436128,15,1.10966219170594,0,0,4,1067,302602,4,5,-1,-1,-3,1,2,-1,1,-1,1,1,2,2,1,-3,-3,-3,6,NA,6,1,1,0,1,1
0.283214218907836,0.28069209080682,40,0.431321956918744,70,70,6,996,302421,6,6,-1,-1,-3,3,1,-1,1,-1,1,1,2,1,2,-3,-3,-3,27,NA,27,2,2,0,2,2
1.80982312399184,1.64838783144659,85,2.56346317720403,70,85,6,3576,403972,6,6,-1,-1,-3,-1,-1,-1,5,-1,1,1,-1,-1,-1,-1,-1,-3,54,NA,54,2,0,2,2,2
0.719242814817877,0.68138269513708,30,1.10966219170594,0,0,4,624,301514,4,4,2,-1,-3,3,2,-1,1,-1,1,1,2,2,1,-3,-3,-3,6,NA,6,1,1,0,1,1
0.559202691599848,0.519631093197179,40,0.613441215308808,30,0,5,931,302239,4,4,2,-1,-3,3,2,-1,1,-1,1,1,2,1,2,-3,-3,-3,25,NA,25,3,3,0,3,3
4.45931499723398,4.70296532729264,60,2.09931392264617,75,85,6,5059,407721,5,6,-1,-1,-3,-1,-1,-1,5,-1,1,1,-1,-1,-1,-1,-1,-3,1,NA,1,1,0,1,1,1
0.422332041410843,0.417822635069669,60,0.84849578049709,85,60,6,2216,400557,4,5,-1,-1,-3,3,-1,-1,1,-5,1,1,-1,-1,-1,-1,-1,-3,49,NA,49,1,0,1,1,1
NA,NA,70,0.730681892314982,0,NA,99,5041,407688,NA,99,3,-1,-3,1,-1,NA,1,-5,NA,2,-1,-1,-1,-1,-1,-3,26,NA,26,2,0,2,2,NA
0.486921091504721,0.476679075530513,100,0.613251311709424,100,100,5,2817,402052,6,99,1,-1,-3,3,-1,-1,1,-1,1,1,-1,-1,-1,-1,-1,-3,34,NA,34,2,0,2,2,2
0.559821890821071,0.60575965336079,85,0.368926993747282,95,100,6,3429,403612,5,6,-1,-1,-3,3,-1,-1,1,-1,1,1,-1,-1,-1,-1,-1,-3,29,NA,29,2,0,2,2,2
NA,NA,72,0.708544160544484,-6,NA,5,3571,403964,NA,5,-1,-6,-3,3,-1,NA,1,-6,NA,1,-1,-1,-1,-1,-1,-3,36,NA,36,2,0,2,2,NA
0.509593266576833,0.520880099795461,1,0.341684131203216,0,40,4,2083,400230,2,4,3,-1,-3,-1,-1,-1,5,-1,4,4,-1,-1,-1,-1,-1,-3,12,NA,12,2,0,2,2,2
0.479513362468009,0.503020934681747,60,0.77532671249743,60,50,4,806,301947,4,4,2,-1,-3,-1,1,-1,5,-1,1,1,2,1,2,-3,-3,-3,37,NA,37,2,2,0,2,2
0.7588783475838,0.746048177659696,0,0.466961936536191,0,0,4,2884,402237,4,3,-1,-1,-3,-1,-1,-1,5,-1,5,5,-1,-1,-1,-1,-1,-3,1,NA,1,1,0,1,1,1
0.800539058044261,0.772327026939097,0,0.649536920417834,0,0,3,4772,406995,3,3,-1,-1,-3,-1,-1,-1,5,-1,1,1,-1,-1,-1,-1,-1,-3,29,NA,29,1,0,1,1,1
NA,NA,100,0.34416891949143,85,NA,6,555,301365,NA,5,-1,-1,-3,3,2,NA,1,-1,NA,1,2,1,2,-3,-3,-3,9,NA,9,2,2,0,2,NA
0.661026154558134,0.648061427969417,0,0.599391874980046,0,0,2,2507,401271,2,2,-1,-1,-3,1,-1,-1,1,-1,1,1,-1,-1,-1,-1,-1,-3,24,NA,24,1,0,1,1,1
0.311697133806703,0.294101793412923,15,0.851182037972991,0,0,2,36,300082,2,2,-1,-1,-3,-1,2,-1,5,-1,1,1,2,1,2,-3,-3,-3,47,NA,47,1,1,0,1,1
1.37852451466821,1.27303588554424,0,1.73230351192375,0,0,4,3953,404938,5,4,3,-1,-3,1,-1,-1,1,-1,1,1,-1,-1,-1,-1,-1,-3,6,NA,6,2,0,2,2,2
NA,NA,18,0.31612628083982,0,NA,2,4194,405534,NA,3,-1,-1,-3,-1,-1,NA,5,-1,NA,1,-1,-1,-1,-1,-1,-3,51,NA,51,2,0,2,2,NA
NA,NA,70,0.726938491123945,100,NA,3,746,301804,NA,99,2,-1,-3,-1,2,NA,5,-1,NA,1,2,1,2,-3,-3,-3,18,NA,18,2,2,0,2,NA
NA,NA,0,0.400133968213621,0,NA,2,2564,401416,NA,2,-1,-1,-3,1,-1,NA,1,-1,NA,1,-1,-1,-1,-1,-1,-3,4,NA,13,2,0,2,2,NA
1.42154853992984,1.28564559741785,0,0.69578624527102,0,0,4,4123,405349,3,4,2,-1,-3,-1,-1,-1,5,-1,1,1,-1,-1,-1,-1,-1,-3,34,NA,34,1,0,1,1,1
NA,NA,0,0.348671344432254,0,NA,2,3868,404752,NA,2,-1,-1,-3,1,-1,NA,1,-1,NA,1,-1,-1,-1,-1,-1,-3,25,NA,25,2,0,2,2,NA
NA,NA,47,0.864404774682018,30,NA,3,4266,405703,NA,3,-1,-1,-3,-1,-1,NA,5,-1,NA,4,-1,-1,-1,-1,-1,-3,36,NA,36,1,0,1,1,NA
NA,NA,0,0.387712883867779,0,NA,2,220,300558,NA,2,-1,-1,-3,-1,2,NA,5,-1,NA,6,2,1,2,-3,-3,-3,12,NA,12,2,2,0,2,NA
1.43257316582696,1.38351301424406,0,1.18277735156341,0,0,3,3178,402965,4,3,-1,-1,-3,-1,-1,-1,5,-1,1,1,-1,-1,-1,-1,-1,-3,17,NA,17,1,0,1,1,1
0.762728107325987,0.806543092565797,5,0.955387560750799,0,0,3,4042,405146,2,4,3,-1,-3,-1,-1,-1,5,-1,1,1,-1,-1,-1,-1,-1,-3,34,NA,34,2,0,2,2,2
1.20573813615145,1.3212756212029,60,1.34951793987649,100,100,4,675,301634,3,99,3,-1,-3,-1,2,-1,5,-1,1,1,2,1,2,-3,-3,-3,4,NA,4,1,1,0,1,1
1.45315029330503,1.43424708752184,30,2.56434341781789,15,15,99,2257,400660,99,4,3,-1,-3,1,-1,-1,1,-1,3,3,-1,-1,-1,-1,-1,-3,25,NA,25,2,0,2,2,2
0.764272836889564,0.71293514946378,0,1.44883485444436,0,0,2,403,301020,3,2,-1,-1,-3,-1,2,-1,5,-1,3,3,2,1,2,-3,-3,-3,20,NA,20,2,2,0,2,2
0.464743216286642,0.447857203499318,25,0.698017937514511,0,15,1,3471,403718,4,3,-1,-1,-3,1,-1,-1,1,-1,1,1,-1,-1,-1,-1,-1,-3,34,NA,34,2,0,2,2,2
NA,NA,85,1.60832634936304,-6,NA,6,296,300735,NA,5,-1,-6,-3,3,2,NA,1,-6,NA,1,2,1,2,-3,-3,-3,45,NA,45,2,2,0,2,NA
0.648240483212777,0.63900312270896,50,0.729856304979803,20,40,6,4873,407246,6,6,-1,-1,-3,-1,-1,-1,5,-1,1,1,-1,-1,-1,-1,-1,-3,35,NA,35,2,0,2,2,2
0.289600098450851,0.265119376897912,85,0.636643507497114,85,70,6,2290,400737,5,5,-1,-1,-3,3,-1,-1,1,-1,1,1,-1,-1,-1,-1,-1,-3,8,NA,40,1,0,1,1,1
0.378309294817219,0.384629401165655,85,0.621363783043866,70,100,6,3436,403626,5,5,-1,-1,-3,3,-1,-1,1,-1,1,1,-1,-1,-1,-1,-1,-3,37,NA,37,2,0,2,2,2
2.76294559585521,2.56291920855892,50,1.03598926037742,0,0,4,354,300885,4,4,1,-1,-3,1,2,-1,1,-1,6,6,2,2,2,-3,-3,-3,16,NA,16,2,2,0,2,2
1.18850866239095,1.19651231834781,30,0.426163816448804,85,60,4,421,301065,4,99,2,-1,-3,-1,1,-1,5,-1,3,3,1,2,2,-3,-3,-3,6,NA,6,2,2,0,2,2
2.60322161394142,2.43392160053227,40,1.56596456248759,0,0,4,20,300042,4,6,-1,-1,-3,-1,2,-1,5,-1,1,1,2,1,2,-3,-3,-3,53,NA,53,1,1,0,1,1
0.757878078298984,NA,40,0.440027609560708,100,-6,6,5039,407681,6,99,3,-1,-3,-1,-1,-1,5,-1,4,4,-1,-1,-1,-1,-1,-3,6,NA,6,1,0,1,1,1
0.799488622769757,0.81284503031642,85,1.25446360548496,85,85,6,3833,404664,4,3,-1,-1,-3,-1,-1,-1,5,-1,1,1,-1,-1,-1,-1,-1,-3,24,NA,24,2,0,2,2,2
1.59510894631428,1.45333921924909,30,2.05037897414072,0,0,4,766,301857,3,2,-1,-1,-3,-1,2,-1,5,-1,1,1,2,2,2,-3,-3,-3,24,NA,24,1,1,0,1,1
0.736240496201954,0.749375613471062,85,1.09557043769598,85,70,6,3753,404445,6,5,-1,-1,-3,-1,-1,-1,5,-1,1,1,-1,-1,-1,-1,-1,-3,13,NA,13,1,0,1,1,1
NA,NA,60,0.892208276921998,85,NA,6,4589,406570,NA,4,3,-1,-3,-1,-1,NA,5,-1,NA,1,-1,-1,-1,-1,-1,-3,36,NA,36,2,0,2,2,NA
NA,NA,40,1.29561075181564,0,NA,99,2742,401860,NA,4,3,-1,-3,-1,-1,NA,5,-1,NA,1,-1,-1,-1,-1,-1,-3,48,NA,48,2,0,2,2,NA
0.479896266922882,0.498763579144802,0,0.393813921762321,0,0,4,4062,405189,3,4,3,-1,-3,-1,-1,-1,5,-1,1,1,-1,-1,-1,-1,-1,-3,48,NA,48,1,0,1,1,1
2.61999515248247,2.63749806267639,85,3.15205949859993,85,85,6,4496,406324,6,4,3,-1,-3,-1,-1,-1,5,-1,1,1,-1,-1,-1,-1,-1,-3,47,NA,47,2,0,2,2,2
NA,NA,100,0.752512451235482,70,NA,99,1072,302613,NA,99,2,-1,-3,-1,1,NA,5,-1,NA,1,2,1,2,-3,-3,-3,37,NA,37,2,2,0,2,NA
0.438653419036055,0.410476471138418,30,0.500253481387103,0,0,4,5047,407700,3,5,-1,-1,-3,3,-1,-1,1,-1,1,1,-1,-1,-1,-1,-1,-3,42,NA,42,2,0,2,2,2
0.368250988356439,0.354199016271821,77,0.334465052826384,0,0,3,4751,406955,2,5,-1,-1,-3,3,-1,-1,1,-1,1,6,-1,-1,-1,-1,-1,-3,30,NA,30,1,0,1,1,1
0.318832323711157,0.320167574184922,70,0.586588756359301,100,100,6,4410,406114,6,6,-1,-1,-3,3,-1,-1,1,-1,1,1,-1,-1,-1,-1,-1,-3,55,NA,55,2,0,2,2,2
2.60418655831576,2.71597079075154,0,1.31137211676794,0,0,1,4271,405712,1,1,-1,-1,-3,1,-1,-1,1,-1,1,1,-1,-1,-1,-1,-1,-3,24,NA,24,2,0,2,2,2
3.03049719101107,3.06440118963655,0,1.77793798523084,15,0,3,1099,302678,4,99,3,-1,-3,1,2,-1,1,-1,2,2,2,2,2,-3,-3,-3,48,NA,48,1,1,0,1,1
0.680721663556475,0.626743474849024,10,0.677306271488255,0,0,2,3824,404642,2,4,3,-1,-3,-1,-1,-1,5,-1,1,1,-1,-1,-1,-1,-1,-3,39,NA,39,2,0,2,2,2
0.343631830238452,0.33261908914675,0,0.356173155850085,0,0,1,2176,400458,2,1,-1,-1,-3,1,-1,-1,1,-1,1,1,-1,-1,-1,-1,-1,-3,53,NA,53,2,0,2,2,2
NA,NA,60,1.90778419300955,90,NA,4,5063,407727,NA,99,3,-1,-3,-1,-1,NA,5,-1,NA,1,-1,-1,-1,-1,-1,-3,36,NA,36,1,0,1,1,NA
2.02418914862333,2.01670409313697,100,0.845941916494486,100,90,7,4390,406058,7,6,-1,-1,-3,3,-1,-1,1,-1,1,1,-1,-1,-1,-1,-1,-3,1,NA,1,2,0,2,2,2
0.628510390657712,0.638303850462758,70,0.785125802224855,70,85,5,2851,402158,6,4,3,-1,-3,3,-1,-1,1,-1,1,1,-1,-1,-1,-1,-1,-3,6,NA,6,2,0,2,2,2
0.676045112480339,0.634626677422407,85,0.679625689318923,70,60,3,3904,404823,5,5,-1,-1,-3,3,-1,-1,1,-1,1,1,-1,-1,-1,-1,-1,-3,42,NA,42,1,0,1,1,1
0.642006470258504,0.629281172856923,70,0.664808528088547,90,95,6,4291,405785,6,5,-1,-1,-3,3,-1,-1,1,-1,1,1,-1,-1,-1,-1,-1,-3,45,NA,45,1,0,1,1,1
2.78497518416936,NA,33,1.43978669458722,10,-6,4,4201,405554,4,4,3,-1,-3,-1,-1,-1,5,-1,6,6,-1,-1,-1,-1,-1,-3,42,NA,42,2,0,2,2,2
0.240051064373901,0.224294838035658,62,0.36495371633292,85,80,5,3653,404169,5,5,-1,-1,-3,3,-1,-1,1,-1,1,1,-1,-1,-1,-1,-1,-3,8,NA,12,1,0,1,1,1
NA,NA,100,1.56852885352281,0,NA,99,1024,302491,NA,4,3,-1,-3,7,2,NA,1,-1,NA,1,2,1,2,-3,-3,-3,13,NA,13,1,1,0,1,NA
0.606761333917968,NA,85,0.761433716985795,86,-7,5,3274,403222,6,6,-1,-1,-3,-1,-1,-1,5,-1,1,1,-1,-1,-1,-1,-1,-3,27,NA,27,2,0,2,2,2
0.801931029562037,0.805326613597198,15,0.744700954699678,0,0,3,4920,407385,2,3,-1,-1,-3,1,-1,-1,1,-1,1,1,-1,-1,-1,-1,-1,-3,34,NA,34,1,0,1,1,1
3.08281410318908,2.98304700727841,30,1.45799464480952,0,60,5,504,301258,5,5,-1,-1,-3,-1,2,-1,5,-1,3,3,2,1,2,-3,-3,-3,34,NA,34,1,1,0,1,1
0.999814686511318,1.02149173992898,60,1.56483028690228,60,70,4,2223,400567,4,4,3,-1,-3,1,-1,-1,1,-1,1,1,-1,-1,-1,-1,-1,-3,26,NA,26,1,0,1,1,1
NA,NA,92,1.52761154669031,100,NA,7,2698,401749,NA,6,-1,-1,-3,3,-1,NA,1,-1,NA,1,-1,-1,-1,-1,-1,-3,45,NA,45,1,0,1,1,NA
0.564239449115661,0.57581631979381,60,0.576167886702754,30,15,6,3118,402825,6,6,-1,-1,-3,-1,-1,-1,5,-1,1,1,-1,-1,-1,-1,-1,-3,13,NA,13,1,0,1,1,1
0.90351088166185,0.849354281690209,60,1.06955948696634,40,60,5,4630,406664,5,4,2,-1,-3,-1,-1,-1,5,-1,1,1,-1,-1,-1,-1,-1,-3,18,NA,18,2,0,2,2,2
0.140476750772195,0.140706984544504,30,0.266079754569395,0,50,4,2591,401475,5,99,3,-1,-3,1,-1,-1,1,-1,2,2,-1,-1,-1,-1,-1,-3,37,NA,37,1,0,1,1,1
2.4713877730932,2.6386184574696,55,3.18963580344945,23,25,4,4213,405583,4,4,3,-1,-3,-1,-1,-1,5,-1,1,1,-1,-1,-1,-1,-1,-3,26,NA,26,1,0,1,1,1
0.535980527685939,0.557585871223184,88,0.654327115344672,100,100,7,5056,407712,7,6,-1,-1,-3,3,-1,-1,1,-1,1,1,-1,-1,-1,-1,-1,-3,6,NA,6,2,0,2,2,2
NA,NA,60,0.684299560373604,70,NA,4,304,300750,NA,4,2,-1,-3,7,2,NA,1,-1,NA,1,2,1,2,-3,-3,-3,17,NA,17,1,1,0,1,NA
0.613239973280433,0.641906221910888,40,0.694966114204698,0,35,2,539,301331,2,2,-1,-1,-3,-1,2,-1,5,-1,1,1,2,1,2,-3,-3,-3,18,NA,18,2,2,0,2,2
1.35371330657895,1.29262006140112,0,1.46906565937313,0,0,3,727,301766,1,3,-1,-1,-3,1,2,-1,1,-1,1,1,2,1,2,-3,-3,-3,42,NA,42,2,2,0,2,2
1.15115254174035,1.1237960828879,16,1.27861263953452,0,0,2,4725,406891,2,2,-1,-1,-3,-1,-1,-1,5,-1,1,1,-1,-1,-1,-1,-1,-3,41,NA,41,1,0,1,1,1
1.28538960274403,1.24774044643959,10,0.916338919310807,0,0,5,4794,407065,2,3,-1,-1,-3,1,-1,-1,1,-1,2,2,-1,-1,-1,-1,-1,-3,44,NA,44,1,0,1,1,1
1.2225025568998,1.18734708680017,70,2.02508013126237,85,85,5,3421,403581,5,6,-1,-1,-3,3,-1,-1,1,-1,1,1,-1,-1,-1,-1,-1,-3,6,NA,6,1,0,1,1,1
0.579952371128347,0.530771932272601,45,0.79224500446146,40,70,6,3441,403644,6,5,-1,-1,-3,3,-1,-1,1,-1,1,1,-1,-1,-1,-1,-1,-3,6,NA,53,2,0,2,2,2
0.501675953345422,0.5423404635644,0,0.942202620349099,0,0,2,2440,401111,2,2,-1,-1,-3,-1,-1,-1,5,-1,1,1,-1,-1,-1,-1,-1,-3,41,NA,41,1,0,1,1,1
2.03748936431615,1.7485632938920601,0,0.664078066586778,0,0,99,2664,401643,6,4,3,-1,-3,-1,-1,-1,5,-1,6,1,-1,-1,-1,-1,-1,-3,55,NA,55,1,0,1,1,1
0.540849765228332,0.513437614327396,0,0.538186836654332,0,0,1,2047,400126,1,4,1,-1,-3,-1,-1,-1,5,-1,2,2,-1,-1,-1,-1,-1,-3,12,NA,12,2,0,2,2,2
0.911789701464023,0.973617092186892,0,0.891461879291532,0,0,1,162,300371,1,1,-1,-1,-3,1,2,-1,1,-1,1,1,1,2,2,-3,-3,-3,24,NA,24,2,2,0,2,2
0.248381291827072,NA,92,0.351972315320848,90,-6,6,3109,402800,6,6,-1,-1,-3,-1,-1,-1,5,-1,1,1,-1,-1,-1,-1,-1,-3,24,NA,24,2,0,2,2,2
0.776977427157203,0.706115642588813,15,0.400597375529947,0,0,3,3847,404715,99,3,-1,-1,-3,1,-1,-1,1,-1,4,4,-1,-1,-1,-1,-1,-3,51,NA,51,1,0,1,1,1
0.899568919506008,0.887979194611653,55,0.744025572616942,65,70,4,2239,400605,5,5,-1,-1,-3,-1,-1,-1,5,-1,1,1,-1,-1,-1,-1,-1,-3,51,NA,51,1,0,1,1,1
0.603498346579248,0.586237115485067,84,0.615462901211218,100,90,99,3518,403853,99,6,-1,-1,-3,3,-1,-1,1,-1,1,1,-1,-1,-1,-1,-1,-3,29,NA,29,1,0,1,1,1
1.52993972846588,1.49728710730288,30,1.32581151286389,0,0,99,697,301685,3,4,1,-1,-3,-1,2,-1,5,-1,1,1,2,1,2,-3,-3,-3,39,NA,39,1,1,0,1,1
2.84699976906978,2.63703017475366,70,1.90436322135297,85,85,4,4304,405813,6,-9,1,-1,-3,-1,-1,-1,5,-1,2,2,-1,-1,-1,-1,-1,-3,13,NA,13,1,0,1,1,1
0.146066138263017,0.14546029010593,85,0.380592815846709,90,85,5,4108,405312,6,6,-1,-1,-3,3,-1,-1,1,-1,1,1,-1,-1,-1,-1,-1,-3,42,NA,42,2,0,2,2,2
0.438031247148513,0.451369516997893,60,0.516036281195845,85,100,3,2544,401372,6,99,2,-1,-3,3,-1,-1,1,-1,1,1,-1,-1,-1,-1,-1,-3,36,NA,36,2,0,2,2,2
0.191457927636524,0.183490028022599,20,0.311295843257743,0,0,1,3439,403635,2,2,-1,-1,-3,1,-1,-1,1,-1,1,1,-1,-1,-1,-1,-1,-3,18,NA,18,1,0,1,1,1
0.469110345017646,0.440270807842817,85,0.74153860446493,85,75,6,4541,406425,6,4,2,-1,-3,3,-1,-1,1,-1,1,1,-1,-1,-1,-1,-1,-3,47,NA,47,1,0,1,1,1
1.54671222588639,1.51791053443661,40,1.25510603968989,15,70,4,604,301464,99,6,-1,-1,-3,-1,2,-1,5,-1,3,1,1,2,2,-3,-3,-3,48,NA,48,1,1,0,1,1
NA,NA,60,0.616725643012596,40,NA,4,4783,407021,NA,4,3,-1,-3,-1,-1,NA,5,-1,NA,2,-1,-1,-1,-1,-1,-3,29,NA,29,1,0,1,1,NA
0.235552634324222,0.231224685689529,1,0.379408154985674,0,0,3,3172,402956,4,3,-1,-1,-3,1,-1,-1,1,-1,1,1,-1,-1,-1,-1,-1,-3,37,NA,37,2,0,2,2,2
0.740870945213151,0.678230207989731,70,0.605552589585987,70,75,6,4897,407319,6,6,-1,-1,-3,-1,-1,-1,5,-1,1,1,-1,-1,-1,-1,-1,-3,22,NA,22,1,0,1,1,1
0.302367433957131,0.329636095652672,44,0.395148748836582,15,40,3,3719,404351,4,4,3,-1,-3,-1,-1,-1,5,-1,1,1,-1,-1,-1,-1,-1,-3,46,NA,27,1,0,1,1,1
0.851497173600049,0.828718538129434,60,1.19552877614296,70,85,6,88,300187,6,99,2,-1,-3,3,2,-1,1,-1,1,1,2,1,2,-3,-3,-3,42,NA,42,1,1,0,1,1
0.70777577156722,0.686796451416957,60,0.6864533150807,30,70,6,4336,405905,6,6,-1,-1,-3,3,-1,-1,1,-1,1,1,-1,-1,-1,-1,-1,-3,17,NA,17,1,0,1,1,1
0.973460568804658,0.923518497996389,0,0.948818146264152,0,0,3,2454,401144,3,4,1,-1,-3,-1,-1,-1,5,-1,3,3,-1,-1,-1,-1,-1,-3,12,NA,12,2,0,2,2,2
0.788274347292202,0.852374687567219,80,0.977280325922637,60,40,99,3957,404953,2,4,3,-1,-3,3,-1,-1,1,-1,1,1,-1,-1,-1,-1,-1,-3,36,NA,36,1,0,1,1,1
0.377805305912147,0.382302610077634,60,0.391539212142589,30,70,5,2375,400965,5,5,-1,-1,-3,-1,-1,-1,5,-1,1,1,-1,-1,-1,-1,-1,-3,45,NA,24,1,0,1,1,1
1.35161253174372,NA,0,1.42887247154557,0,-6,99,4476,406265,99,99,2,-1,-3,-1,-1,-1,5,-1,1,1,-1,-1,-1,-1,-1,-3,17,NA,17,1,0,1,1,1
NA,NA,70,2.02781212961486,-6,NA,6,301,300745,NA,5,-1,-6,-3,-1,1,NA,5,-6,NA,1,2,1,2,-3,-3,-3,12,NA,12,1,1,0,1,NA
0.175301470203901,0.180260073624309,60,0.335137416603306,100,85,7,551,301354,6,6,-1,-1,-3,3,2,-1,1,-1,1,1,2,1,2,-3,-3,-3,20,NA,20,1,1,0,1,1
1.55290288710299,1.57934152659617,15,1.16056639516662,40,90,5,1125,302752,5,3,-1,-1,-3,-1,2,-1,5,-1,1,1,2,2,1,-3,-3,-3,13,NA,13,1,1,0,1,1
0.364364853667709,0.366537524821323,30,0.430961027049737,30,70,4,3800,404576,3,3,-1,-1,-3,-1,-1,-1,5,-1,1,1,-1,-1,-1,-1,-1,-3,39,NA,39,2,0,2,2,2
1.32657541141043,1.44494598319532,100,2.41314160707113,100,100,6,630,301528,7,6,-1,-1,-3,3,1,-1,1,-1,1,1,2,1,2,-3,-3,-3,39,NA,39,1,1,0,1,1
0.628035714977299,0.588420817411076,-9,1.15460647393009,85,100,6,2704,401761,6,-9,-9,-1,-3,-1,-1,-1,-9,-1,1,1,-1,-1,-1,-1,-1,-3,42,NA,42,1,0,1,1,1
0.800457467530801,0.966736036988507,0,0.470431727741089,0,0,2,4805,407100,3,3,-1,-1,-3,-1,-1,-1,5,-1,2,2,-1,-1,-1,-1,-1,-3,42,NA,42,2,0,2,2,2
3.98789668158483,4.24167198854398,0,3.31385924395238,0,1,1,2643,401597,1,1,-1,-1,-3,1,-1,-1,1,-1,1,1,-1,-1,-1,-1,-1,-3,17,NA,17,1,0,1,1,1
4.3397003560155,4.15779054847516,15,3.95939133093822,0,0,6,918,302207,2,6,-1,-1,-3,1,2,-1,1,-1,1,1,2,1,2,-3,-3,-3,48,NA,48,2,2,0,2,2
0.359582810157516,0.324480169236091,15,0.503108308698765,0,0,1,2516,401293,2,1,-1,-1,-3,-1,-1,-1,5,-1,1,1,-1,-1,-1,-1,-1,-3,50,NA,50,1,0,1,1,1
NA,NA,100,1.03630188106633,100,NA,99,2034,400096,NA,99,3,-1,-3,-1,-1,NA,5,-1,NA,1,-1,-1,-1,-1,-1,-3,39,NA,39,2,0,2,2,NA
0.157931391250796,0.148528466824888,0,0.27961201581602,0,0,3,4069,405206,2,2,-1,-1,-3,1,-1,-1,1,-1,1,1,-1,-1,-1,-1,-1,-3,4,NA,4,2,0,2,2,2
0.877851338243602,0.867334810746833,60,1.03800843545244,95,95,5,3706,404322,6,4,3,-1,-3,7,-1,-1,1,-1,1,1,-1,-1,-1,-1,-1,-3,55,NA,55,2,0,2,2,2
NA,NA,30,0.347064742509672,15,NA,2,370,300924,NA,6,-1,-1,-3,1,2,NA,1,-1,NA,2,2,2,1,-3,-3,-3,37,NA,37,2,2,0,2,NA
0.720015272066789,0.759956418572217,85,0.653007452788527,85,100,6,2685,401706,7,6,-1,-1,-3,3,-1,-1,1,-1,1,1,-1,-1,-1,-1,-1,-3,31,NA,31,2,0,2,2,2
0.346482475373343,0.332125769969675,15,0.483490019533804,0,0,1,3049,402664,1,2,-1,-1,-3,1,-1,-1,1,-1,1,1,-1,-1,-1,-1,-1,-3,34,NA,34,2,0,2,2,2
0.949430034839274,0.823986375819698,15,1.25200812388009,0,40,4,4709,406854,4,3,-1,-1,-3,1,-1,-1,1,-1,1,1,-1,-1,-1,-1,-1,-3,36,NA,36,2,0,2,2,2
0.371760048201739,0.389009786169582,60,0.662200602796631,-9,60,2,3211,403057,3,4,1,-1,-3,-1,-1,-1,5,-1,1,1,-1,-1,-1,-1,-1,-3,36,NA,36,1,0,1,1,1
0.542416806122229,0.473567561225601,0,0.703046360677348,85,85,4,267,300674,99,5,-1,-1,-3,-1,2,-1,5,-1,1,1,2,1,2,-3,-3,-3,33,NA,33,1,1,0,1,1
NA,NA,100,0.92572911480539,100,NA,7,202,300503,NA,6,-1,-1,-3,3,2,NA,1,-1,NA,3,2,2,2,-3,-3,-3,48,NA,48,1,1,0,1,NA
1.20191418108686,1.20902133003219,51,0.524192683510454,70,65,5,3865,404746,5,4,3,-1,-3,-1,-1,-1,5,-1,6,6,-1,-1,-1,-1,-1,-3,34,NA,34,2,0,2,2,2
NA,NA,60,0.376675035772194,85,NA,99,3045,402651,NA,5,-1,-1,-3,-1,-1,NA,5,-1,NA,4,-1,-1,-1,-1,-1,-3,51,NA,51,1,0,1,1,NA
2.08698109835549,2.01412713210635,60,1.87805353665402,60,79,99,3692,404282,99,4,3,-1,-3,-1,-1,-1,5,-1,1,1,-1,-1,-1,-1,-1,-3,5,NA,5,2,0,2,2,2
1.13266243717876,1.02967922552931,5,0.759044668243906,15,0,2,4196,405536,2,2,-1,-1,-3,1,-1,-1,1,-1,6,6,-1,-1,-1,-1,-1,-3,36,NA,36,2,0,2,2,2
NA,NA,15,0.330221520065625,0,NA,3,625,301515,NA,2,-1,-1,-3,-1,2,NA,5,-1,NA,3,2,2,1,-3,-3,-3,24,NA,24,2,2,0,2,NA
NA,NA,31,0.409771383931592,15,NA,4,3765,404476,NA,4,2,-1,-3,-1,-1,NA,5,-1,NA,6,-1,-1,-1,-1,-1,-3,36,NA,36,2,0,2,2,NA
1.35823402965464,1.44817512574988,0,0.892141956472474,0,0,1,4753,406958,1,2,-1,-1,-3,1,-1,-1,1,-1,1,1,-1,-1,-1,-1,-1,-3,36,NA,36,2,0,2,2,2
0.58864508917328,0.581749752625577,70,0.774011587639069,90,100,6,2785,401972,6,6,-1,-1,-3,3,-1,-1,1,-1,1,1,-1,-1,-1,-1,-1,-3,18,NA,18,2,0,2,2,2
1.37395987613119,1.34376653366853,15,1.44095976783015,70,70,2,2102,400274,3,3,-1,-1,-3,1,-1,-1,1,-1,1,1,-1,-1,-1,-1,-1,-3,27,NA,27,2,0,2,2,2
1.49101363308642,1.70790133004482,0,2.04400819915018,0,50,3,2436,401102,2,4,1,-1,-3,-1,-1,-1,5,-1,3,3,-1,-1,-1,-1,-1,-3,25,NA,25,2,0,2,2,2
0.176977799204828,0.167166722167429,100,0.532510671533989,100,100,4,4426,406147,4,4,3,-1,-3,-1,-1,-1,5,-1,1,5,-1,-1,-1,-1,-1,-3,36,NA,36,1,0,1,1,1
0.642374046245056,0.677249679494797,0,0.961694178498874,0,0,2,1049,302559,2,4,2,-1,-3,1,2,-1,1,-1,2,2,2,1,2,-3,-3,-3,34,NA,34,1,1,0,1,1
NA,NA,60,0.397409301061747,40,NA,6,4520,406376,NA,7,-1,-1,-3,-1,-1,NA,5,-1,NA,1,-1,-1,-1,-1,-1,-3,4,NA,4,2,0,2,2,NA
NA,NA,0,0.867894259922451,-6,NA,99,3474,403732,NA,99,3,-6,-3,1,-1,NA,1,-6,NA,1,-1,-1,-1,-1,-1,-3,48,NA,48,2,0,2,2,NA
0.823224411373302,NA,41,0.821551224118159,30,-6,2,4729,406906,4,3,-1,-1,-3,-1,-1,-1,5,-1,1,1,-1,-1,-1,-1,-1,-3,55,NA,55,2,0,2,2,2
NA,NA,20,0.527953684252662,0,NA,6,3673,404239,NA,4,3,-1,-3,-1,-1,NA,5,-1,NA,4,-1,-1,-1,-1,-1,-3,48,NA,48,1,0,1,1,NA
NA,NA,85,0.87540681168369,95,NA,99,2424,401073,NA,99,3,-1,-3,3,-1,NA,1,-1,NA,1,-1,-1,-1,-1,-1,-3,6,NA,6,1,0,1,1,NA
NA,NA,15,1.23818686530966,-6,NA,99,3852,404723,NA,3,-1,-6,-3,-1,-1,NA,5,-6,NA,3,-1,-1,-1,-1,-1,-3,6,NA,6,1,0,1,1,NA
0.843372547842303,NA,32,0.900094523181135,25,-6,99,4322,405872,6,99,2,-1,-3,3,-1,-1,1,-1,1,1,-1,-1,-1,-1,-1,-3,12,NA,12,2,0,2,2,2
NA,NA,0,1.00201358460516,0,NA,99,4077,405219,NA,99,3,-1,-3,-1,-1,NA,-9,-1,NA,5,-1,-1,-1,-1,-1,-3,46,NA,46,1,0,1,1,NA
0.288968804455775,0.278953944537709,2,0.359992764862252,5,0,2,4268,405707,1,2,-1,-1,-3,1,-1,-1,1,-1,1,1,-1,-1,-1,-1,-1,-3,48,NA,48,1,0,1,1,1
0.303499387910707,0.30948582844561,2,0.809164751191155,0,0,99,2400,401021,99,2,-1,-1,-3,1,-1,-1,1,-1,2,5,-1,-1,-1,-1,-1,-3,24,NA,24,1,0,1,1,1
1.37625668530381,1.4933894964834,85,0.600053301519418,30,70,5,4248,405664,2,99,3,-1,-3,3,-1,-1,1,-1,4,4,-1,-1,-1,-1,-1,-3,34,NA,34,2,0,2,2,2
0.578502435290199,0.557225909296152,0,0.544945978462169,0,0,4,2896,402267,3,2,-1,-1,-3,1,-1,-1,1,-1,1,1,-1,-1,-1,-1,-1,-3,36,NA,36,1,0,1,1,1
0.189539932516946,0.201402484657223,85,0.398391526493705,90,30,6,1096,302671,6,6,-1,-1,-3,3,1,-1,1,-1,1,1,2,1,2,-3,-3,-3,12,NA,12,1,1,0,1,1
1.14526134851484,1.14403060979568,15,0.829006934200185,0,10,3,3931,404891,2,4,3,-1,-3,-1,-1,-1,5,-1,3,3,-1,-1,-1,-1,-1,-3,53,NA,53,1,0,1,1,1
1.2671876786161,1.33425758595273,0,2.29581030843883,0,0,2,4558,406489,2,2,-1,-1,-3,1,-1,-1,1,-1,1,1,-1,-1,-1,-1,-1,-3,36,NA,36,1,0,1,1,1
0.678319304497308,NA,0,0.359623205898397,0,-7,2,3921,404870,2,2,-1,-1,-3,1,-1,-1,1,-1,4,4,-1,-1,-1,-1,-1,-3,51,NA,51,2,0,2,2,2
1.85882174252751,1.60126831703821,0,0.944584300864811,0,0,4,2234,400596,99,4,1,-1,-3,1,-1,-1,1,-1,1,1,-1,-1,-1,-1,-1,-3,6,NA,6,2,0,2,2,2
NA,NA,62,0.455093668130948,70,NA,6,4644,406704,NA,5,-1,-1,-3,-1,-1,NA,5,-1,NA,1,-1,-1,-1,-1,-1,-3,41,NA,41,2,0,2,2,NA
0.790435770160342,0.709293338919139,0,0.687705067962096,0,0,2,2916,402318,2,5,-1,-1,-3,1,-1,-1,1,-1,3,3,-1,-1,-1,-1,-1,-3,26,NA,26,2,0,2,2,2
NA,NA,70,0.350398451817067,0,NA,2,2225,400573,NA,3,-1,-1,-3,1,-1,NA,1,-1,NA,1,-1,-1,-1,-1,-1,-3,21,NA,21,1,0,1,1,NA
1.55050497151979,1.50774216932598,70,1.44287133848321,30,40,5,2815,402049,4,5,-1,-1,-3,-1,-1,-1,5,-1,1,1,-1,-1,-1,-1,-1,-3,17,NA,17,1,0,1,1,1
NA,NA,85,0.936859348198556,100,NA,6,3103,402785,NA,6,-1,-1,-3,3,-1,NA,1,-1,NA,1,-1,-1,-1,-1,-1,-3,13,NA,13,1,0,1,1,NA
1.24928468659742,1.37137190429749,71,1.55451443746503,85,85,5,3591,404011,5,5,-1,-1,-3,-1,-1,-1,5,-1,1,1,-1,-1,-1,-1,-1,-3,18,NA,18,1,0,1,1,1
NA,NA,59,0.912483045780687,40,NA,5,2581,401447,NA,5,-1,-1,-3,7,-1,NA,1,-1,NA,1,-1,-1,-1,-1,-1,-3,6,NA,6,1,0,1,1,NA
0.654325968342983,0.653259127055048,0,0.881547203055512,15,15,2,5053,407708,3,3,-1,-1,-3,1,-1,-1,1,-1,1,1,-1,-1,-1,-1,-1,-3,34,NA,34,2,0,2,2,2
3.79449368605082,3.97688108520506,29,4.45332405522056,0,70,5,4557,406484,99,4,1,-1,-3,1,-1,-1,1,-1,2,2,-1,-1,-1,-1,-1,-3,13,NA,13,2,0,2,2,2
0.330506985259346,NA,0,0.625064153140119,0,-6,1,1170,302865,1,1,-1,-1,-3,1,2,-1,1,-1,1,1,1,2,2,-3,-3,-3,24,NA,24,2,2,0,2,2
0.811259484328785,0.863051795914564,15,0.676145708836467,0,0,2,3893,404805,2,2,-1,-1,-3,1,-1,-1,1,-1,1,6,-1,-1,-1,-1,-1,-3,39,NA,39,1,0,1,1,1
1.90274535525823,1.82228931721299,85,2.11407441933451,100,85,7,2940,402374,7,6,-1,-1,-3,3,-1,-1,1,-1,1,1,-1,-1,-1,-1,-1,-3,47,NA,47,2,0,2,2,2
NA,NA,30,0.480146702269255,85,NA,4,3463,403698,NA,4,2,-1,-3,3,-1,NA,1,-1,NA,1,-1,-1,-1,-1,-1,-3,37,NA,37,2,0,2,2,NA
0.7648735324784,0.727128432720565,0,0.799961848286886,0,0,99,43,300100,1,2,-1,-1,-3,1,1,-1,1,-1,2,1,2,1,2,-3,-3,-3,11,NA,11,2,2,0,2,2
0.265058904388363,0.240271795350824,41,0.290044930461773,85,85,4,4315,405847,5,3,-1,-1,-3,1,-1,-1,1,-1,4,4,-1,-1,-1,-1,-1,-3,36,NA,36,1,0,1,1,1
0.119034506300094,0.120687022388987,15,0.615189147632877,15,15,4,118,300252,4,99,1,-1,-3,-1,2,-1,5,-1,3,3,2,1,2,-3,-3,-3,35,NA,35,2,2,0,2,2
1.06000972048116,0.990002194151718,0,1.10367375271956,0,0,1,137,300299,1,1,-1,-1,-3,-1,2,-1,5,-1,1,1,2,1,2,-3,-3,-3,20,NA,20,2,2,0,2,2
1.27746494230214,1.27732166462325,0,1.46816776223656,0,0,2,737,301786,2,2,-1,-1,-3,1,2,-1,1,-1,1,1,2,2,2,-3,-3,-3,36,NA,36,1,1,0,1,1
0.87407030513141,0.890803596477696,40,0.327428882484091,90,100,4,4706,406845,5,3,-1,-1,-3,-1,-1,-1,5,-1,6,6,-1,-1,-1,-1,-1,-3,55,NA,55,1,0,1,1,1
0.67784137690550506,0.681826741728164,85,1.11100572414491,100,100,7,1008,302450,7,6,-1,-1,-3,3,2,-1,1,-1,1,1,2,1,2,-3,-3,-3,4,NA,4,1,1,0,1,1
0.561980696116184,0.595251534155342,60,0.722492014843791,0,0,2,3959,404957,2,3,-1,-1,-3,-1,-1,-1,5,-1,1,1,-1,-1,-1,-1,-1,-3,12,NA,12,1,0,1,1,1
0.363799030552364,0.372943759200117,51,0.973317805833493,85,-5,6,4831,407158,6,4,1,-1,-3,-1,-1,-1,5,-1,1,5,-1,-1,-1,-1,-1,-3,12,NA,12,2,0,2,2,2
2.6994385090899,NA,0,1.66910048273038,0,-6,2,4088,405256,4,4,3,-1,-3,-1,-1,-1,5,-1,1,1,-1,-1,-1,-1,-1,-3,42,NA,42,2,0,2,2,2
2.41595826467226,2.42801646731708,0,2.54126588099655,0,30,99,4653,406729,3,99,3,-1,-3,-1,-1,-1,5,-1,2,2,-1,-1,-1,-1,-1,-3,21,NA,21,1,0,1,1,1
NA,NA,30,1.21852231139009,0,NA,99,251,300629,NA,99,1,-1,-3,-1,1,NA,5,-1,NA,2,2,2,1,-3,-3,-3,28,NA,28,1,1,0,1,NA
0.228834592344801,0.217423055337712,40,0.477752440713447,30,0,4,835,302009,4,4,2,-1,-3,-1,2,-1,5,-1,1,1,2,1,2,-3,-3,-3,42,NA,42,1,1,0,1,1
0.275038726377132,0.303810082209618,65,0.363737369354149,95,85,7,332,300820,7,6,-1,-1,-3,3,2,-1,1,-1,1,1,2,1,2,-3,-3,-3,39,NA,39,1,1,0,1,1
0.821449684441103,0.783774739263195,70,0.734858237477502,80,80,6,2331,400858,6,6,-1,-1,-3,3,-1,-1,1,-1,1,1,-1,-1,-1,-1,-1,-3,6,NA,6,2,0,2,2,2
0.391486743445231,0.413770873618586,50,0.545416284793169,100,100,3,612,301483,6,5,-1,-1,-3,-1,2,-1,5,-1,1,1,1,2,2,-3,-3,-3,6,NA,6,1,1,0,1,1
0.70988183621425,0.688121015155045,0,0.812429363183129,0,0,3,4127,405356,2,2,-1,-1,-3,1,-1,-1,1,-1,1,1,-1,-1,-1,-1,-1,-3,53,NA,53,2,0,2,2,2
1.18152869286463,1.16955603555157,0,1.19421410531048,0,0,4,645,301564,4,2,-1,-1,-3,1,1,-1,1,-1,1,1,2,1,2,-3,-3,-3,11,NA,11,2,2,0,2,2
0.641790597412454,0.720652980913329,70,0.925081777769775,85,90,6,3067,402699,6,6,-1,-1,-3,3,-1,-1,1,-1,1,1,-1,-1,-1,-1,-1,-3,37,NA,37,1,0,1,1,1
0.449811373393225,0.435623491516553,0,0.732281098201388,0,0,2,2691,401732,3,2,-1,-1,-3,1,-1,-1,1,-1,1,1,-1,-1,-1,-1,-1,-3,26,NA,26,2,0,2,2,2
0.686724288376035,0.696787979541725,15,0.810777233195793,85,70,4,477,301187,4,4,1,-1,-3,-1,2,-1,5,-1,1,1,2,1,2,-3,-3,-3,55,NA,55,1,1,0,1,1
0.714501582228211,0.736079880225051,88,0.77728122063498,100,100,7,2900,402284,7,7,-1,-1,-3,3,-1,-1,1,-1,1,1,-1,-1,-1,-1,-1,-3,48,NA,48,2,0,2,2,2
1.12643829400009,1.03443005384617,60,0.424045346172566,0,0,99,4952,407476,4,4,3,-1,-3,-1,-1,-1,5,-1,4,6,-1,-1,-1,-1,-1,-3,15,NA,15,2,0,2,2,2
NA,NA,0,1.74539718580687,-6,NA,5,4389,406054,NA,99,3,-6,-3,-1,-1,NA,5,-6,NA,1,-1,-1,-1,-1,-1,-3,29,NA,29,2,0,2,2,NA
NA,NA,0,0.339046457195069,0,NA,4,811,301956,NA,4,2,-1,-3,1,2,NA,1,-1,NA,2,2,2,2,-3,-3,-3,48,NA,48,2,2,0,2,NA
1.00415749754656,1.04831504012607,40,0.794281422497337,70,100,6,3403,403537,7,4,3,-1,-3,-1,-1,-1,5,-1,1,1,-1,-1,-1,-1,-1,-3,26,NA,26,1,0,1,1,1
1.88174969785438,1.83230656167047,50,0.906447292845156,85,100,4,2183,400473,5,4,3,-1,-3,-1,-1,-1,5,-1,1,1,-1,-1,-1,-1,-1,-3,12,NA,12,1,0,1,1,1
0.587798096590175,0.558754266313031,60,0.856784542114232,60,60,5,1090,302660,6,5,-1,-1,-3,3,2,-1,1,-1,1,1,2,2,1,-3,-3,-3,4,NA,4,1,1,0,1,1
1.29679849504009,1.30699332194602,0,1.54344148993257,0,0,4,4417,406134,4,4,2,-1,-3,-1,-1,-1,5,-1,3,3,-1,-1,-1,-1,-1,-3,48,NA,48,2,0,2,2,2
3.21709536648525,3.43494939443925,100,1.320902857058,100,100,7,4953,407479,6,4,3,-1,-3,-1,-1,-1,5,-1,1,1,-1,-1,-1,-1,-1,-3,42,NA,45,1,0,1,1,1
0.705569655474548,0.660068488564754,99,0.80464455420523,100,85,6,5030,407660,6,6,-1,-1,-3,3,-1,-1,1,-1,1,1,-1,-1,-1,-1,-1,-3,48,NA,48,2,0,2,2,2
0.533756179640045,0.558561714446202,1,0.608014484584109,0,0,4,4016,405080,4,2,-1,-1,-3,-1,-1,-1,5,-1,1,1,-1,-1,-1,-1,-1,-3,40,NA,40,2,0,2,2,2
1.07892872514873,1.08842256640544,0,1.14512776599911,0,0,2,377,300935,2,2,-1,-1,-3,7,2,-1,1,-1,1,1,2,2,1,-3,-3,-3,6,NA,6,1,1,0,1,1
0.365554299277838,0.367637088097238,40,0.500389546027785,0,0,3,2118,400308,2,2,-1,-1,-3,1,-1,-1,1,-1,1,1,-1,-1,-1,-1,-1,-3,42,NA,42,2,0,2,2,2
1.13248697652135,1.16537079447888,0,0.863622930870788,0,0,2,4264,405699,1,4,3,-1,-3,-1,-1,-1,5,-1,1,1,-1,-1,-1,-1,-1,-3,8,NA,8,1,0,1,1,1
NA,NA,70,0.60440766439805,-6,NA,6,4842,407184,NA,4,3,-6,-3,-1,-1,NA,5,-6,NA,1,-1,-1,-1,-1,-1,-3,12,NA,12,2,0,2,2,NA
1.27844668658996,1.1715249391407,0,1.23102515730597,0,0,4,864,302080,4,4,1,-1,-3,1,2,-1,1,-1,2,2,1,2,2,-3,-3,-3,24,NA,24,2,2,0,2,2
1.69331597555129,1.65586269921266,31,1.2482061363727,0,15,4,4258,405684,3,2,-1,-1,-3,1,-1,-1,1,-1,4,4,-1,-1,-1,-1,-1,-3,15,NA,15,2,0,2,2,2
0.365393998550801,0.360254510722478,0,0.482711529926212,0,15,1,3106,402793,99,99,2,-1,-3,-1,-1,-1,5,-1,1,1,-1,-1,-1,-1,-1,-3,21,NA,21,1,0,1,1,1
0.62869865606195,0.666544774012644,61,0.759244877482866,50,40,6,2787,401976,5,6,-1,-1,-3,3,-1,-1,1,-1,1,1,-1,-1,-1,-1,-1,-3,26,NA,26,2,0,2,2,2
0.618977155845209,0.578166249040929,100,1.05525425933592,100,100,7,240,300605,7,7,-1,-1,-3,3,2,-1,1,-1,1,1,2,1,2,-3,-3,-3,48,NA,48,2,2,0,2,2
0.454772271367796,0.505230858912957,60,0.709853689773342,0,0,4,3672,404238,2,4,3,-1,-3,-1,-1,-1,5,-1,1,1,-1,-1,-1,-1,-1,-3,37,NA,37,2,0,2,2,2
0.616022528924533,0.62385011586735,3,0.77853551224964,0,0,3,2103,400275,3,3,-1,-1,-3,1,-1,-1,1,-1,1,1,-1,-1,-1,-1,-1,-3,47,NA,47,1,0,1,1,1
NA,NA,50,0.83434446654098,85,NA,6,265,300660,NA,6,-1,-1,-3,3,2,NA,1,-1,NA,1,2,1,2,-3,-3,-3,29,NA,20,2,2,0,2,NA
0.230214694583465,0.213621286701063,40,0.349648285815729,40,85,6,4625,406657,6,6,-1,-1,-3,-1,-1,-1,5,-1,1,1,-1,-1,-1,-1,-1,-3,48,NA,48,1,0,1,1,1
NA,NA,50,0.982075271198357,-6,NA,6,1172,302867,NA,99,2,-6,-3,3,2,NA,1,-6,NA,-9,2,1,2,-3,-3,-3,20,NA,20,2,2,0,2,NA
1.03238121382556,1.01489012962237,15,0.621033254313086,40,10,3,1144,302793,4,3,-1,-1,-3,1,2,-1,1,-1,3,3,1,2,2,-3,-3,-3,48,NA,48,1,1,0,1,1
1.81918846650227,1.88771069312662,85,2.45505299715046,100,100,6,4606,406617,7,6,-1,-1,-3,3,-1,-1,1,-1,1,1,-1,-1,-1,-1,-1,-3,20,NA,20,1,0,1,1,1
0.698144389957024,0.682740021008251,5,1.05649967557837,0,1,1,723,301749,2,1,-1,-1,-3,1,2,-1,1,-1,1,1,2,2,1,-3,-3,-3,6,NA,6,1,1,0,1,1
0.452962194470308,0.415187562233868,100,0.618551006138156,100,100,6,2190,400498,6,5,-1,-1,-3,3,-1,-1,1,-1,1,1,-1,-1,-1,-1,-1,-3,4,NA,4,2,0,2,2,2
1.5901231998547,1.64936929573487,30,0.969449875418293,0,0,99,4868,407238,99,99,2,-1,-3,-1,-1,-1,5,-1,1,1,-1,-1,-1,-1,-1,-3,10,NA,10,2,0,2,2,2
2.7935679188044,2.66504322066896,16,2.81944725976082,0,0,4,4553,406468,5,4,3,-1,-3,-1,-1,-1,5,-1,1,1,-1,-1,-1,-1,-1,-3,26,NA,26,2,0,2,2,2
1.05856703278803,1.00082163605401,30,0.444604153070644,15,0,99,493,301228,3,4,3,-1,-3,-1,2,-1,5,-1,6,2,2,1,2,-3,-3,-3,28,NA,28,1,1,0,1,1
0.773204861754034,0.795193685786684,30,0.691367592965107,100,95,6,4477,406266,6,3,-1,-1,-3,-1,-1,-1,5,-1,1,1,-1,-1,-1,-1,-1,-3,17,NA,17,2,0,2,2,2
0.503481929250722,0.485292980427261,72,0.885357066604627,70,85,6,3457,403685,6,6,-1,-1,-3,3,-1,-1,1,-1,1,6,-1,-1,-1,-1,-1,-3,53,NA,53,1,0,1,1,1
0.945200738782869,0.904992839008638,84,1.60785466441665,100,99,7,2021,400054,7,6,-1,-1,-3,3,-1,-1,1,-1,1,1,-1,-1,-1,-1,-1,-3,26,NA,26,2,0,2,2,2
1.47012457836536,1.40526285072903,3,1.0961711724841,10,0,2,4742,406936,99,3,-1,-1,-3,1,-1,-1,1,-1,6,6,-1,-1,-1,-1,-1,-3,22,NA,22,2,0,2,2,2
0.388769034885658,0.39025103264214,70,0.574639123278886,60,60,4,308,300759,4,4,-8,-1,-3,-1,1,-1,5,-1,1,1,2,1,2,-3,-3,-3,27,NA,27,2,2,0,2,2
0.914259262317552,1.10926324375442,0,0.685241364319189,0,0,3,2195,400504,2,4,3,-1,-3,1,-1,-1,1,-1,2,2,-1,-1,-1,-1,-1,-3,22,NA,6,2,0,2,2,2
1.96931737373423,2.26130220257543,15,0.753784841912466,0,0,3,4100,405292,3,3,-1,4,-3,-1,-1,-1,5,-1,4,4,-1,-1,-1,-1,-1,-3,25,NA,25,2,0,2,2,2
4.99999998289759,5.00000000943276,70,5.27922600000731,0,0,1,4087,405254,99,7,-1,-1,-3,1,-1,-1,1,-1,2,2,-1,-1,-1,-1,-1,-3,1,NA,1,2,0,2,2,2
NA,NA,100,0.735950575237284,100,NA,6,3123,402835,NA,6,-1,-1,-3,3,-1,NA,1,-1,NA,1,-1,-1,-1,-1,-1,-3,26,NA,26,1,0,1,1,NA
NA,NA,30,0.581645040389769,-6,NA,3,767,301858,NA,3,-1,-6,-3,1,2,NA,1,-6,NA,2,2,1,2,-3,-3,-3,17,NA,17,1,1,0,1,NA
NA,NA,50,1.12826930732929,85,NA,4,975,302375,NA,99,3,-1,-3,-1,1,NA,5,-1,NA,1,2,1,2,-3,-3,-3,26,NA,26,1,1,0,1,NA
1.48093765476897,1.49199673836688,100,0.861440931358452,-9,85,4,3524,403867,6,4,3,-1,-3,-1,-1,-1,5,-1,1,1,-1,-1,-1,-1,-1,-3,51,NA,51,1,0,1,1,1
0.602385344162381,0.625254247585783,0,0.377945302616056,0,-9,4,3248,403159,3,4,3,-1,-3,-1,-1,-1,5,-1,1,-9,-1,-1,-1,-1,-1,-3,48,NA,48,1,0,1,1,1
4.2632146380025,4.06336640356011,41,1.39297765257021,85,-9,3,4506,406347,4,5,-1,-1,-3,-1,-1,-1,5,-1,1,1,-1,-1,-1,-1,-1,-3,53,NA,53,1,0,1,1,1
0.525155913082617,0.49491042495136,78,0.581505668264769,85,100,6,4329,405887,6,5,-1,-1,-3,3,-1,-1,1,-1,1,1,-1,-1,-1,-1,-1,-3,20,NA,20,1,0,1,1,1
NA,NA,50,0.912765983542611,-6,NA,99,2076,400200,NA,4,1,-6,-3,-1,-1,NA,5,-6,NA,3,-1,-1,-1,-1,-1,-3,4,NA,4,2,0,2,2,NA
0.382331768685441,0.388763158472984,60,0.367390943518954,70,85,6,2080,400214,6,6,-1,-1,-3,3,-1,-1,1,-1,1,1,-1,-1,-1,-1,-1,-3,55,NA,55,2,0,2,2,2
0.441066269360465,0.479069759250553,0,0.7601554362978,0,0,2,2317,400802,4,4,3,-1,-3,1,-1,-1,1,-1,1,1,-1,-1,-1,-1,-1,-3,37,NA,37,2,0,2,2,2
0.739820783426452,0.703808573474805,70,1.76475888134764,85,70,7,795,301918,6,5,-1,-1,-3,3,1,-1,1,-1,1,1,2,2,1,-3,-3,-3,28,NA,28,1,1,0,1,1
0.833580779232575,0.80149318239076806,55,0.697030696750613,35,30,4,2126,400330,99,99,3,-1,-3,-1,-1,-1,5,-1,4,4,-1,-1,-1,-1,-1,-3,42,NA,42,2,0,2,2,2
1.53581620259327,1.46498496907798,85,0.650372145198002,100,100,6,4074,405213,6,6,-1,-1,-3,-1,-1,-1,5,-1,1,1,-1,-1,-1,-1,-1,-3,13,NA,13,1,0,1,1,1
1.45165427165446,1.64322985289964,15,1.09377841438816,0,0,4,718,301731,4,6,-1,-1,-3,-1,2,-1,5,-1,2,2,2,2,1,-3,-3,-3,24,NA,24,2,2,0,2,2
0.340398143706902,0.369771096704292,100,0.463924310988429,100,85,6,4195,405535,6,5,-1,-1,-3,3,-1,-1,1,-1,1,1,-1,-1,-1,-1,-1,-3,17,NA,17,1,0,1,1,1
0.925665293702682,0.948052099894131,60,0.723555071432157,85,-9,99,2650,401609,99,5,-1,-1,-3,3,-1,-1,1,-1,-9,-9,-1,-1,-1,-1,-1,-3,47,NA,4,1,0,1,1,1
0.783449825252556,0.74285817271685906,0,1.09252190054689,0,0,3,4398,406082,2,2,-1,-1,-3,1,-1,-1,1,-1,1,1,-1,-1,-1,-1,-1,-3,6,NA,6,2,0,2,2,2
1.89745091704405,1.93518331043865,1,0.772213331650422,0,0,3,2316,400798,3,3,-1,-1,-3,1,-1,-1,1,-1,3,3,-1,-1,-1,-1,-1,-3,11,NA,11,2,0,2,2,2
0.481461487269635,0.517320163139486,0,0.74446412642984106,0,0,1,2413,401049,2,1,-1,-1,-3,1,-1,-1,1,-1,1,1,-1,-1,-1,-1,-1,-3,51,NA,51,1,0,1,1,1
NA,NA,60,0.758405560280215,85,NA,6,1007,302449,NA,4,2,-1,-3,-1,2,NA,5,-1,NA,1,2,1,2,-3,-3,-3,55,NA,55,1,1,0,1,NA
0.910198134163494,NA,0,0.666930158346802,0,-6,4,3979,404992,5,4,3,-1,-3,-1,-1,-1,5,-1,1,1,-1,-1,-1,-1,-1,-3,13,NA,48,2,0,2,2,2
0.480132173796404,0.495469155418337,85,0.54853771661938,100,100,6,3666,404224,6,5,-1,-1,-3,3,-1,-1,1,-1,1,1,-1,-1,-1,-1,-1,-3,29,NA,29,2,0,2,2,2
NA,NA,70,0.629770495333332,-6,NA,6,4662,406746,NA,6,-1,-6,-3,-1,-1,NA,5,-6,NA,1,-1,-1,-1,-1,-1,-3,42,NA,42,2,0,2,2,NA
NA,NA,60,1.83627237231976,-7,NA,7,1070,302610,NA,7,-1,-7,-3,3,2,NA,1,-7,NA,1,2,1,2,-3,-3,-3,42,NA,42,2,2,0,2,NA
0.93985560585484,0.999173451882914,0,1.74145244640998,0,15,4,4599,406605,99,99,2,-1,-3,-1,-1,-1,5,-1,1,1,-1,-1,-1,-1,-1,-3,55,NA,55,1,0,1,1,1
0.287604227115185,0.277443678014171,50,0.479276768498362,0,0,99,4595,406594,99,99,3,-1,-3,-1,-1,-1,5,-1,3,3,-1,-1,-1,-1,-1,-3,48,NA,48,2,0,2,2,2
1.98603742801134,2.10873674049799,100,2.66359928163229,100,100,7,5075,407764,6,5,-1,-1,-3,3,-1,-1,1,-1,1,1,-1,-1,-1,-1,-1,-3,12,NA,12,2,0,2,2,2
1.13467931194907,NA,0,0.852221344494226,0,-6,1,3733,404382,3,2,-1,-1,-3,-1,-1,-1,5,-1,1,1,-1,-1,-1,-1,-1,-3,6,NA,6,2,0,2,2,2
NA,NA,0,0.315450678777333,-6,NA,1,2984,402513,NA,1,-1,-6,-3,-1,-1,NA,5,-6,NA,1,-1,-1,-1,-1,-1,-3,25,NA,25,1,0,1,1,NA
0.24005652127472,0.225537193313596,70,0.340636639498202,70,15,6,820,301974,4,5,-1,-1,-3,3,1,-1,1,-1,1,1,2,1,2,-3,-3,-3,26,NA,26,1,1,0,1,1
1.98565259937429,2.24244238546742,0,1.90679804901102,0,0,2,247,300620,1,1,-1,-1,-3,1,2,-1,1,-1,6,6,2,1,2,-3,-3,-3,25,NA,25,2,2,0,2,2
NA,NA,55,0.396345989874133,60,NA,4,2164,400417,NA,99,3,-1,-3,-1,-1,NA,5,-1,NA,3,-1,-1,-1,-1,-1,-3,48,NA,48,1,0,1,1,NA
0.875978639992035,0.820667248871448,87,1.20055645703124,100,70,99,4482,406284,6,6,-1,-1,-3,-1,-1,-1,5,-1,1,1,-1,-1,-1,-1,-1,-3,33,NA,33,2,0,2,2,2
NA,NA,1,0.386904281262976,0,NA,2,5035,407672,NA,3,-1,-1,-3,1,-1,NA,1,-1,NA,1,-1,-1,-1,-1,-1,-3,36,NA,36,2,0,2,2,NA
1.11887924181486,1.14608361301187,100,1.72303483870603,60,85,99,3741,404413,4,4,3,-1,-3,3,-1,-1,1,-1,1,1,-1,-1,-1,-1,-1,-3,29,NA,29,1,0,1,1,1
0.319118830737377,0.302848232821125,70,1.10905290673811,100,100,6,859,302074,6,6,-1,-1,-3,3,2,-1,1,-1,3,3,1,2,2,-3,-3,-3,48,NA,48,1,1,0,1,1
0.588674010070092,0.577000679008449,0,0.638660158927449,0,40,99,291,300726,99,99,2,-1,-3,-1,2,-1,5,-1,1,1,2,1,2,-3,-3,-3,33,NA,33,1,1,0,1,1
0.379664595088415,0.384983701415711,0,0.430011235548828,0,0,2,4838,407176,2,1,-1,-1,-3,1,-1,-1,1,-1,1,1,-1,-1,-1,-1,-1,-3,17,NA,17,2,0,2,2,2
NA,NA,0,2.24185967817614,30,NA,3,4163,405457,NA,99,2,-1,-3,-1,-1,NA,5,-1,NA,3,-1,-1,-1,-1,-1,-3,32,NA,32,1,0,1,1,NA
NA,NA,85,1.28287467580684,85,NA,6,3160,402917,NA,99,2,-1,-3,3,-1,NA,1,-1,NA,1,-1,-1,-1,-1,-1,-3,29,NA,29,1,0,1,1,NA
NA,NA,70,0.547166028636545,70,NA,6,1064,302587,NA,6,-1,-1,-3,3,2,NA,1,-1,NA,3,2,1,2,-3,-3,-3,6,NA,37,1,1,0,1,NA
NA,NA,70,2.18576845125371,95,NA,6,575,301404,NA,6,-1,-1,-3,-1,2,NA,5,-1,NA,3,2,1,2,-3,-3,-3,48,NA,48,2,2,0,2,NA
0.458806138753194,0.454563567806522,90,0.633918722652868,100,95,7,4982,407554,7,99,2,-1,-3,3,-1,-1,1,-1,1,1,-1,-1,-1,-1,-1,-3,42,NA,42,2,0,2,2,2
1.16228426061497,1.21458995449585,60,1.18053856385243,60,30,99,992,302408,99,99,-8,-1,-3,3,2,-1,1,-1,1,1,2,1,2,-3,-3,-3,18,NA,18,2,2,0,2,2
0.377228142674329,0.383295535915867,100,0.465194779751121,70,0,6,156,300345,4,4,2,-1,-3,3,2,-1,1,-1,1,1,2,1,2,-3,-3,-3,33,NA,33,1,1,0,1,1
0.167627580242265,0.163996891598539,0,0.403544457969147,0,0,4,637,301545,5,4,1,-1,-3,1,2,-1,1,-1,2,2,2,1,2,-3,-3,-3,45,NA,45,2,2,0,2,2
1.20328191951529,1.13131097109156,0,1.28594590832737,0,0,99,2899,402282,4,4,3,-1,-3,1,-1,-1,1,-1,1,1,-1,-1,-1,-1,-1,-3,26,NA,26,2,0,2,2,2
0.781909021792723,0.749899406007957,31,0.801482078649256,15,60,4,4950,407460,4,4,3,-1,-3,-1,-1,-1,5,-1,1,1,-1,-1,-1,-1,-1,-3,54,NA,54,2,0,2,2,2
NA,NA,0,0.511867511769354,0,NA,4,4564,406506,NA,4,3,-1,-3,1,-1,NA,1,-1,NA,1,-1,-1,-1,-1,-1,-3,51,NA,51,2,0,2,2,NA
NA,NA,72,2.28837818942465,40,NA,4,2519,401304,NA,3,-1,-1,-3,3,-1,NA,1,-1,NA,3,-1,-1,-1,-1,-1,-3,51,NA,51,2,0,2,2,NA
0.130774453980232,0.131909920937608,70,0.318962704860051,50,60,6,3112,402817,4,6,-1,-1,-3,3,-1,-1,1,-1,1,5,-1,-1,-1,-1,-1,-3,5,NA,47,1,0,1,1,1
0.826100283820258,0.855156537633123,31,1.31381267526493,0,0,1,4749,406951,1,1,-1,-1,-3,-1,-1,-1,5,-1,1,1,-1,-1,-1,-1,-1,-3,12,NA,12,1,0,1,1,1
0.502825717364784,0.513537133836785,70,0.608527782918728,100,100,6,2464,401164,6,6,-1,-1,-3,3,-1,-1,1,-1,1,1,-1,-1,-1,-1,-1,-3,27,NA,2,2,0,2,2,2
0.199812367310835,0.188289770485186,30,0.36374442549446,60,40,7,2798,402003,6,6,-1,-1,-3,-1,-1,-1,5,-1,1,1,-1,-1,-1,-1,-1,-3,12,NA,12,1,0,1,1,1
0.551510296345726,0.523494250401507,41,1.28891976876465,0,0,5,2827,402078,4,99,3,-1,-3,1,-1,-1,1,-1,2,2,-1,-1,-1,-1,-1,-3,22,NA,22,2,0,2,2,2
NA,NA,60,0.738866018357194,100,NA,5,652,301584,NA,5,-1,-1,-3,-1,1,NA,5,-1,NA,1,2,1,2,-3,-3,-3,12,NA,12,1,1,0,1,NA
NA,NA,75,1.31381267526493,-6,NA,5,3026,402612,NA,6,-1,-6,-3,3,-1,NA,1,-6,NA,1,-1,-1,-1,-1,-1,-3,51,NA,51,2,0,2,2,NA
NA,NA,100,0.99405179752472,60,NA,4,4052,405172,NA,99,3,-1,-3,1,-1,NA,1,-1,NA,1,-1,-1,-1,-1,-1,-3,46,NA,46,2,0,2,2,NA
1.02220623573803,0.990726248511951,100,1.78656983649694,100,95,7,987,302402,7,7,-1,-1,-3,3,2,-1,1,-1,1,1,2,1,2,-3,-3,-3,12,NA,12,2,2,0,2,2
0.693333053578328,0.771237849759823,0,0.68228611981214,0,0,4,4576,406541,4,4,3,-1,-3,1,-1,-1,1,-1,2,2,-1,-1,-1,-1,-1,-3,6,NA,6,1,0,1,1,1
1.06453793283886,1.06986845985137,79,1.01400711780681,85,75,6,2699,401752,6,5,-1,-1,-3,3,-1,-1,1,-1,1,1,-1,-1,-1,-1,-1,-3,47,NA,47,2,0,2,2,2
1.51763934166302,1.36621497961673,87,0.966538263407952,85,85,6,4622,406652,6,6,-1,-1,-3,-1,-1,-1,5,-1,1,1,-1,-1,-1,-1,-1,-3,5,NA,5,2,0,2,2,2
2.30526271435271,2.10513616781452,50,2.28714653059953,100,85,99,631,301530,99,99,3,-1,-3,-1,2,-1,5,-1,1,1,2,1,2,-3,-3,-3,48,NA,48,2,2,0,2,2
4.99999998289759,5.00000000943276,30,2.34496214598523,100,100,99,4205,405562,99,99,3,-1,-3,-1,-1,-1,5,-1,1,1,-1,-1,-1,-1,-1,-3,51,NA,51,2,0,2,2,2
NA,NA,30,1.19638774527631,60,NA,4,3200,403025,NA,4,3,-1,-3,-1,-1,NA,5,-1,NA,3,-1,-1,-1,-1,-1,-3,6,NA,6,1,0,1,1,NA
0.619291735459847,0.56757150462273,60,0.763976244771423,50,85,4,5013,407625,99,99,3,-1,-3,-1,-1,-1,5,-1,1,1,-1,-1,-1,-1,-1,-3,6,NA,6,1,0,1,1,1
1.67754225125003,1.6318243192455,15,1.13339911859565,0,0,99,1019,302471,99,99,2,-1,-3,-1,2,-1,5,-1,1,1,2,1,2,-3,-3,-3,20,NA,20,2,2,0,2,2
NA,NA,100,0.800596136893399,0,NA,4,2819,402059,NA,4,2,-1,-3,3,-1,NA,1,-1,NA,1,-1,-1,-1,-1,-1,-3,34,NA,34,1,0,1,1,NA
1.23296906411431,NA,85,1.42389173232924,100,-6,7,2724,401821,6,6,-1,-1,-3,3,-1,-1,1,-1,1,1,-1,-1,-1,-1,-1,-3,54,NA,54,1,0,1,1,1
NA,NA,100,0.601646206101271,10,NA,4,4183,405500,NA,3,-1,-1,-3,-1,-1,NA,5,-5,NA,1,-1,-1,-1,-1,-1,-3,17,NA,17,2,0,2,2,NA
1.71580656013514,1.67573961861141,30,1.60676897545194,0,0,4,1040,302532,5,5,-1,-1,-3,-1,2,-1,5,-1,1,1,2,1,2,-3,-3,-3,48,NA,48,2,2,0,2,2
NA,NA,0,0.321969134439564,0,NA,2,5028,407658,NA,3,-1,-1,-3,1,-1,NA,1,-1,NA,1,-1,-1,-1,-1,-1,-3,26,NA,26,2,0,2,2,NA
NA,NA,15,0.722638659585005,60,NA,4,990,302405,NA,3,-1,-1,-3,1,2,NA,1,-1,NA,1,2,1,2,-3,-3,-3,20,NA,20,1,1,0,1,NA
0.21207164778355,0.2135532759824,59,0.393982794071719,15,0,2,3886,404788,2,4,3,-1,-3,-1,-1,-1,5,-1,1,1,-1,-1,-1,-1,-1,-3,29,NA,29,2,0,2,2,2
0.202747382537356,0.197337924831149,15,0.313366428159562,0,0,5,730,301774,5,3,-1,-1,-3,3,2,-1,1,-1,1,1,2,1,2,-3,-3,-3,18,NA,18,2,2,0,2,2
0.714766708390558,0.719512064430726,85,0.792795898667045,70,100,6,2621,401555,6,6,-1,-1,-3,3,-1,-1,1,-1,1,1,-1,-1,-1,-1,-1,-3,55,NA,55,1,0,1,1,1
0.473174092777674,0.446832206434001,0,0.837113622296907,0,0,4,567,301384,4,4,1,-1,-3,3,2,-1,1,-1,1,1,2,1,2,-3,-3,-3,39,NA,39,1,1,0,1,1
1.55911454935594,1.47652290243702,0,1.45589958076078,0,0,5,4547,406457,4,5,-1,-1,-3,-1,-1,-1,5,-1,1,1,-1,-1,-1,-1,-1,-3,25,NA,25,1,0,1,1,1
0.377237199303044,0.374556111143594,0,0.488245624870616,0,0,3,749,301809,3,3,-1,-1,-3,1,2,-1,1,-1,1,1,2,2,1,-3,-3,-3,18,NA,18,2,2,0,2,2
1.49474700762571,1.39296040873095,0,2.19231651438094,0,15,5,3616,404071,4,5,-1,-1,-3,1,-1,-1,1,-1,1,1,-1,-1,-1,-1,-1,-3,18,NA,18,1,0,1,1,1
NA,NA,0,1.75302851414248,15,NA,2,2659,401632,NA,6,-1,-1,-3,-1,-1,NA,5,-1,NA,1,-1,-1,-1,-1,-1,-3,6,NA,6,2,0,2,2,NA
2.08658465417016,2.41865670237627,85,2.98320247556591,0,50,99,2559,401400,99,99,1,-1,-3,-1,-1,-1,5,-1,1,1,-1,-1,-1,-1,-1,-3,42,NA,42,2,0,2,2,2
NA,NA,70,1.18418926863439,100,NA,6,2276,400703,NA,6,-1,-1,-3,3,-1,NA,1,-1,NA,1,-1,-1,-1,-1,-1,-3,16,NA,16,1,0,1,1,NA
1.70001209814696,1.80797288155534,60,0.692023883512163,60,70,5,3430,403616,3,6,-1,-1,-3,3,-1,-1,1,-1,1,1,-1,-1,-1,-1,-1,-3,42,NA,42,2,0,2,2,2
0.456468942365781,0.527735897341025,100,0.74548412528145,100,70,6,3828,404648,4,6,-1,-1,-3,3,-1,-1,1,-1,1,1,-1,-1,-1,-1,-1,-3,47,NA,32,2,0,2,2,2
0.639467396462522,NA,60,0.88150873739049,0,-6,99,908,302183,99,99,-8,4,-3,-1,2,-1,5,-1,1,1,2,1,2,-3,-3,-3,20,NA,20,1,1,0,1,1
0.541905221879567,0.532122471901894,60,0.605065677149874,70,60,5,24,300049,5,6,-1,-1,-3,-1,2,-1,5,-1,1,1,2,1,2,-3,-3,-3,20,NA,20,2,2,0,2,2
NA,NA,24,2.18688023107454,50,NA,1,4744,406945,NA,99,2,-1,-3,-1,-1,NA,5,-1,NA,1,-1,-1,-1,-1,-1,-3,39,NA,39,1,0,1,1,NA
NA,NA,15,2.08355010192275,0,NA,2,842,302030,NA,2,-1,-1,-3,1,2,NA,1,-1,NA,1,2,1,2,-3,-3,-3,16,NA,16,2,2,0,2,NA
0.236240597911956,0.247392560595739,0,0.301887804455434,0,15,4,483,301200,4,4,-8,-1,-3,-1,1,-1,5,-1,1,1,2,1,2,-3,-3,-3,26,NA,26,1,1,0,1,1
0.130017915642113,0.130354301444312,40,0.408466946102038,0,0,2,3808,404602,2,3,-1,-1,-3,1,-1,-1,1,-1,2,2,-1,-1,-1,-1,-1,-3,48,NA,48,2,0,2,2,2
NA,NA,100,0.290208898571889,-6,NA,7,515,301281,NA,6,-1,-6,-3,-1,2,NA,5,-6,NA,1,2,1,2,-3,-3,-3,47,NA,47,1,1,0,1,NA
NA,NA,60,0.631815155803098,70,NA,7,3312,403330,NA,7,-1,-1,-3,-1,-1,NA,5,-1,NA,1,-1,-1,-1,-1,-1,-3,28,NA,28,2,0,2,2,NA
0.489006856669094,0.497804426565113,71,0.907820272505277,85,75,7,3768,404485,6,6,-1,-1,-3,3,-1,-1,1,-1,1,1,-1,-1,-1,-1,-1,-3,6,NA,6,1,0,1,1,1
0.449015434572248,0.472828079353855,100,0.652439301388639,-9,100,7,4421,406138,7,7,-1,-1,-3,3,-1,-1,1,-1,1,1,-1,-1,-1,-1,-1,-3,39,NA,12,2,0,2,2,2
0.211759909801754,0.210671916564656,98,0.338037737380161,15,85,99,2392,401005,4,4,3,-1,-3,-1,-1,-1,5,-1,-9,-9,-1,-1,-1,-1,-1,-3,55,NA,55,1,0,1,1,1
0.780600954830161,0.747880039142485,85,0.633822806327675,100,100,4,2336,400870,4,4,3,-1,-3,-1,-1,-1,5,-1,1,1,-1,-1,-1,-1,-1,-3,21,NA,21,2,0,2,2,2
2.13491910473641,1.97314797639283,16,1.63913195991618,30,15,4,4754,406959,4,4,3,-1,-3,-1,-1,-1,5,-1,1,1,-1,-1,-1,-1,-1,-3,39,NA,39,1,0,1,1,1
2.62442128063535,3.14263138647992,31,1.46461155967446,0,0,1,3321,403354,2,2,-1,-1,-3,1,-1,-1,1,-1,2,2,-1,-1,-1,-1,-1,-3,40,NA,40,2,0,2,2,2
0.960762556320844,0.940126348424692,62,0.738364180631561,85,80,4,3561,403947,99,6,-1,-1,-3,-1,-1,-1,5,-1,1,1,-1,-1,-1,-1,-1,-3,55,NA,55,1,0,1,1,1
0.900523986285155,0.932897659367804,70,1.30343655962493,70,50,99,1156,302821,4,4,2,-1,-3,-1,2,-1,5,-1,1,1,2,1,2,-3,-3,-3,17,NA,17,1,1,0,1,1
2.94141204421185,3.20829620925908,89,1.73318962879335,100,100,99,4864,407229,4,5,-1,-1,-3,-1,-1,-1,5,-1,1,1,-1,-1,-1,-1,-1,-3,22,NA,22,1,0,1,1,1
0.134977465291461,0.122645058771793,60,0.339160438604205,100,100,6,2970,402472,6,5,-1,-1,-3,-1,-1,-1,5,-1,1,1,-1,-1,-1,-1,-1,-3,36,NA,24,2,0,2,2,2
0.313890314457479,0.346699325030852,0,0.699319756500901,0,0,3,4323,405875,3,2,-1,-1,-3,1,-1,-1,1,-1,1,6,-1,-1,-1,-1,-1,-3,13,NA,13,1,0,1,1,1
0.234521765381985,0.214369419304201,40,0.586717158284766,15,30,3,784,301894,4,4,3,-1,-3,1,2,-1,1,-1,3,3,2,2,2,-3,-3,-3,16,NA,16,2,2,0,2,2
NA,NA,62,2.56557296140215,40,NA,1,4221,405602,NA,5,-1,-1,-3,-1,-1,NA,5,-1,NA,2,-1,-1,-1,-1,-1,-3,48,NA,48,2,0,2,2,NA
0.552515215979536,0.630376118655851,100,0.713567652003781,100,100,7,4598,406601,6,6,-1,-1,-3,3,-1,-1,1,-1,1,1,-1,-1,-1,-1,-1,-3,6,NA,6,1,0,1,1,1
0.430996067112628,0.454165243129791,60,0.756210437856584,50,40,4,4690,406811,4,4,3,-1,-3,1,-1,-1,1,-1,1,1,-1,-1,-1,-1,-1,-3,37,NA,37,1,0,1,1,1
1.23659762141435,1.24433164376593,50,1.99235047559448,40,30,4,3472,403723,4,4,3,-1,-3,-1,-1,-1,5,-1,1,1,-1,-1,-1,-1,-1,-3,26,NA,26,1,0,1,1,1
0.666019690194401,0.616899771066086,15,0.710788983998839,15,30,4,4161,405450,5,4,1,-1,-3,1,-1,-1,1,-1,1,1,-1,-1,-1,-1,-1,-3,37,NA,37,2,0,2,2,2
0.343107905437795,0.351647227731646,40,0.390299740420689,70,40,6,4835,407173,5,5,-1,-1,-3,3,-1,-1,1,-1,1,1,-1,-1,-1,-1,-1,-3,12,NA,47,1,0,1,1,1
NA,NA,40,0.703048055592804,-6,NA,5,128,300273,NA,5,-1,-6,-3,-1,2,NA,5,-6,NA,1,2,1,2,-3,-3,-3,24,NA,24,1,1,0,1,NA
NA,NA,70,1.78342836829714,60,NA,5,3766,404477,NA,4,3,-1,-3,-1,-1,NA,5,-1,NA,1,-1,-1,-1,-1,-1,-3,6,NA,6,1,0,1,1,NA
0.561672052880509,0.528118773753959,30,0.549871971863827,0,0,3,2856,402170,4,5,-1,-1,-3,3,-1,-1,1,-1,1,1,-1,-1,-1,-1,-1,-3,34,NA,34,2,0,2,2,2
1.02695847884142,0.9943401561399,0,0.531502316300955,0,0,2,4314,405843,2,2,-1,-1,-3,1,-1,-1,1,-1,1,1,-1,-1,-1,-1,-1,-3,11,NA,11,1,0,1,1,1
NA,NA,6,0.372828629685525,0,NA,4,3502,403800,NA,4,3,-1,-3,-1,-1,NA,5,-1,NA,1,-1,-1,-1,-1,-1,-3,45,NA,45,2,0,2,2,NA
0.331725890369203,0.308464292134648,0,0.499503261432829,15,0,3,2593,401477,99,3,-1,-1,-3,1,-1,-1,1,-1,1,1,-1,-1,-1,-1,-1,-3,29,NA,29,1,0,1,1,1
1.76911544724467,NA,0,1.1843106819586,0,-6,2,785,301895,2,3,-1,-1,-3,-1,2,-1,5,-5,-4,1,2,1,2,-3,-3,-3,25,NA,25,1,1,0,1,1
0.925712414381879,0.869972910493174,15,0.658878332922439,30,15,4,4057,405183,6,6,-1,-1,-3,3,-1,-1,1,-1,1,1,-1,-1,-1,-1,-1,-3,49,NA,49,1,0,1,1,1
0.896509212750825,0.884199672565264,60,0.740829713392668,60,85,5,3745,404425,5,5,-1,-1,-3,-1,-1,-1,5,-1,4,6,-1,-1,-1,-1,-1,-3,6,NA,6,1,0,1,1,1
0.763914600538479,0.691610878907589,85,0.559260220586314,85,100,4,3790,404546,6,5,-1,-1,-3,-1,-1,-1,5,-1,4,4,-1,-1,-1,-1,-1,-3,6,NA,6,2,0,2,2,2
NA,NA,0,0.980623074563776,0,NA,3,1177,302876,NA,3,-1,-1,-3,1,1,NA,1,-1,NA,1,2,1,2,-3,-3,-3,11,NA,11,2,2,0,2,NA
0.442514737412972,0.427424672310951,70,0.386339272234303,50,75,4,3057,402682,4,4,2,-1,-3,3,-1,-1,1,-1,1,1,-1,-1,-1,-1,-1,-3,21,NA,21,2,0,2,2,2
0.587499476493461,0.547683107019584,85,0.775423111186122,100,100,99,2362,400937,99,4,3,-1,-3,-1,-1,-1,5,-1,1,1,-1,-1,-1,-1,-1,-3,13,NA,13,1,0,1,1,1
NA,NA,50,1.64925627398843,-7,NA,3,4618,406643,NA,99,3,-7,-3,-1,-1,NA,-9,-7,NA,3,-1,-1,-1,-1,-1,-3,31,NA,31,1,0,1,1,NA
1.68693087216427,NA,0,0.947427841130815,0,-6,2,3416,403571,2,2,-1,-1,-3,1,-1,-1,1,-1,2,2,-1,-1,-1,-1,-1,-3,9,NA,9,1,0,1,1,1
0.551915105680734,0.533375947034265,2,0.7019624720369,15,0,3,3102,402783,3,3,-1,-1,-3,1,-1,-1,1,-1,1,1,-1,-1,-1,-1,-1,-3,29,NA,29,1,0,1,1,1
NA,NA,0,1.32757320468622,0,NA,1,3598,404030,NA,4,1,-1,-3,1,-1,NA,1,-1,NA,1,-1,-1,-1,-1,-1,-3,42,NA,42,2,0,2,2,NA
0.740539217856338,0.743986928929992,0,1.22760206325603,85,90,6,4210,405578,6,99,3,-1,-3,-1,-1,-1,5,-1,1,1,-1,-1,-1,-1,-1,-3,48,NA,48,2,0,2,2,2
1.02965615989486,0.953026088196529,100,1.56376309766938,100,100,7,4115,405323,7,6,-1,-1,-3,3,-1,-1,1,-1,1,1,-1,-1,-1,-1,-1,-3,42,NA,42,1,0,1,1,1
NA,NA,70,0.807387054073355,85,NA,6,2616,401542,NA,5,-1,-1,-3,3,-1,NA,1,-1,NA,1,-1,-1,-1,-1,-1,-3,48,NA,48,2,0,2,2,NA
0.879326485893403,0.917325176048546,100,0.739971185641289,100,100,4,2578,401441,6,6,-1,-1,-3,3,-1,-1,1,-1,1,1,-1,-1,-1,-1,-1,-3,53,NA,53,1,0,1,1,1
0.620214749861085,0.608668229267442,2,1.46694411469582,0,-9,4,3903,404821,2,4,1,-1,-3,1,-1,-1,1,-1,3,3,-1,-1,-1,-1,-1,-3,12,NA,12,1,0,1,1,1
0.177624595755937,0.173432416487986,99,0.333225393164211,75,100,6,5052,407707,6,6,-1,-1,-3,3,-1,-1,1,-1,1,1,-1,-1,-1,-1,-1,-3,18,NA,18,1,0,1,1,1
0.210658782566605,0.204405681567986,15,0.429108942013052,0,-9,2,344,300860,2,2,-1,-1,-3,1,2,-1,1,-1,1,1,2,1,2,-3,-3,-3,40,NA,40,2,2,0,2,2
1.09758962794616,1.09878185961852,70,1.52959706963896,0,0,99,2486,401226,3,4,2,-1,-3,-1,-1,-1,5,-1,1,1,-1,-1,-1,-1,-1,-3,29,NA,29,2,0,2,2,2
NA,NA,60,0.939241117579448,50,NA,99,2763,401916,NA,4,3,-1,-3,-1,-1,NA,5,-1,NA,1,-1,-1,-1,-1,-1,-3,48,NA,48,2,0,2,2,NA
0.560813917470952,0.553911280349862,40,0.332428295116205,15,15,4,909,302186,99,99,1,-1,-3,-1,2,-1,5,-1,1,1,2,1,2,-3,-3,-3,40,NA,40,2,2,0,2,2
NA,NA,15,0.692621195517428,0,NA,2,4718,406874,NA,1,-1,-1,-3,-1,-1,NA,5,-1,NA,1,-1,-1,-1,-1,-1,-3,53,NA,53,2,0,2,2,NA
NA,NA,0,0.384012422499673,90,NA,4,4171,405467,NA,4,3,-1,-3,1,-1,NA,1,-1,NA,1,-1,-1,-1,-1,-1,-3,39,NA,39,1,0,1,1,NA
NA,NA,50,6.59062986522059,-6,NA,99,500,301242,NA,99,-8,-6,-3,-1,2,NA,5,-6,NA,1,2,1,2,-3,-3,-3,4,NA,4,1,1,0,1,NA
0.405020378456593,0.415555552698812,71,0.751426770978184,85,70,5,4445,406203,5,6,-1,-1,-3,3,-1,-1,1,-1,1,1,-1,-1,-1,-1,-1,-3,13,NA,13,1,0,1,1,1
0.900079000794101,0.855342898921133,60,1.39828950274404,60,60,4,1100,302679,99,99,3,-1,-3,-1,2,-1,5,-1,1,1,2,1,2,-3,-3,-3,34,NA,34,1,1,0,1,1
NA,NA,0,0.433134426691474,-6,NA,99,4348,405939,NA,99,3,-6,-3,-1,-1,NA,5,-6,NA,1,-1,-1,-1,-1,-1,-3,12,NA,12,1,0,1,1,NA
NA,NA,15,1.22168399963672,0,NA,5,417,301059,NA,4,2,-1,-3,1,2,NA,1,-1,NA,5,2,1,2,-3,-3,-3,39,NA,39,1,1,0,1,NA
NA,NA,60,1.23042804798321,30,NA,3,3465,403706,NA,4,3,-1,-3,3,-1,NA,1,-1,NA,1,-1,-1,-1,-1,-1,-3,4,NA,4,2,0,2,2,NA
0.156240047222088,0.148613668763643,51,0.318967660388329,15,50,6,4135,405383,7,7,-1,-1,-3,-1,-1,-1,5,-1,3,3,-1,-1,-1,-1,-1,-3,48,NA,48,1,0,1,1,1
0.477502682211634,0.433866377922298,0,0.864033256602345,0,0,2,706,301705,2,2,-1,-1,-3,1,2,-1,1,-1,1,1,2,1,2,-3,-3,-3,25,NA,25,3,3,0,3,3
0.120789730364153,NA,100,0.224029473692692,100,-6,6,34,300072,-9,6,-1,-1,-3,-1,2,-1,5,-1,1,1,2,2,1,-3,-3,-3,17,NA,17,2,2,0,2,2
1.06551365132468,1.10208624415131,15,1.60776647717756,0,0,2,621,301501,4,2,-1,-1,-3,1,2,-1,1,-1,1,1,2,1,2,-3,-3,-3,25,NA,25,3,3,0,3,3
0.928501518805258,0.977747985186965,79,0.690533136054871,40,3,3,3359,403427,3,4,3,-1,-3,-1,-1,-1,5,-1,1,1,-1,-1,-1,-1,-1,-3,53,NA,53,1,0,1,1,1
1.14351536268376,0.975710969841325,84,1.14717680961939,98,85,99,4928,407402,6,99,2,-1,-3,1,-1,-1,1,-1,1,1,-1,-1,-1,-1,-1,-3,42,NA,42,2,0,2,2,2
NA,NA,90,0.83792802950472,95,NA,5,4173,405471,NA,5,-1,-1,-3,3,-1,NA,1,-1,NA,1,-1,-1,-1,-1,-1,-3,48,NA,1,1,0,1,1,NA
NA,NA,60,0.564606485324975,70,NA,99,3819,404624,NA,99,3,-1,-3,-1,-1,NA,5,-1,NA,1,-1,-1,-1,-1,-1,-3,17,NA,17,2,0,2,2,NA
0.33468977806689,0.314071479284858,15,0.328692906841388,0,0,5,4447,406206,4,4,3,-1,-3,-1,-1,-1,5,-1,1,1,-1,-1,-1,-1,-1,-3,8,NA,8,2,0,2,2,2
0.796343352569719,0.689179097916907,15,0.68282309509224,0,0,4,258,300641,2,3,-1,-1,-3,1,2,-1,1,-1,3,3,1,2,2,-3,-3,-3,48,NA,48,1,1,0,1,1
NA,NA,1,0.586270995158229,30,NA,4,3803,404585,NA,5,-1,-1,-3,-1,-1,NA,5,-1,NA,3,-1,-1,-1,-1,-1,-3,55,NA,19,1,0,1,1,NA
1.3774817407359,1.18194223418583,60,0.752649165995051,0,0,4,4295,405790,3,99,3,-1,-3,-1,-1,-1,5,-1,1,1,-1,-1,-1,-1,-1,-3,6,NA,6,2,0,2,2,2
0.948164067764117,0.866126288075129,0,0.805504667266792,0,15,4,4063,405190,4,4,3,-1,-3,1,-1,-1,1,-1,1,1,-1,-1,-1,-1,-1,-3,51,NA,51,2,0,2,2,2
0.274355571221586,0.27199977796219,0,0.418344386753575,0,0,2,2997,402542,2,3,-1,-1,-3,1,-1,-1,1,-1,1,1,-1,-1,-1,-1,-1,-3,47,NA,47,2,0,2,2,2
0.972304481865084,0.929814115141525,0,1.35264810191568,15,35,6,4750,406953,5,2,-1,-1,-3,1,-1,-1,1,-1,1,1,-1,-1,-1,-1,-1,-3,34,NA,34,1,0,1,1,1
0.568921220028293,0.541736598580054,0,0.691459284297771,70,65,5,2064,400176,6,5,-1,-1,-3,3,-1,-1,1,-1,1,1,-1,-1,-1,-1,-1,-3,11,NA,11,2,0,2,2,2
1.24243618306129,1.39566246595452,100,1.59099617677915,100,100,7,437,301105,7,99,2,-1,-3,-1,1,-1,5,-1,1,1,2,1,2,-3,-3,-3,47,NA,47,2,2,0,2,2
1.75201459391206,1.71982400980157,30,1.77131547284218,15,15,2,447,301129,5,4,2,-1,-3,1,2,-1,1,-1,1,1,2,1,2,-3,-3,-3,20,NA,20,2,2,0,2,2
NA,NA,95,1.33225019892806,95,NA,6,2397,401013,NA,6,-1,-1,-3,-1,-1,NA,5,-1,NA,6,-1,-1,-1,-1,-1,-3,40,NA,40,1,0,1,1,NA
0.703726293842302,0.666012138215385,100,1.37271561161516,100,100,7,3110,402815,7,6,-1,-1,-3,3,-1,-1,1,-1,1,1,-1,-1,-1,-1,-1,-3,40,NA,40,1,0,1,1,1
0.638244609996111,0.670152825016819,85,1.34314182038728,85,90,6,644,301563,6,6,-1,-1,-3,3,2,-1,1,-1,1,1,2,1,2,-3,-3,-3,37,NA,37,1,1,0,1,1
1.59340780472336,1.58887096257259,0,1.41072923366468,0,0,2,73,300168,2,99,3,-1,-3,1,2,-1,1,-1,5,6,1,2,2,-3,-3,-3,24,NA,24,2,2,0,2,2
NA,NA,60,1.46607390452817,100,NA,7,3940,404912,NA,5,-1,-1,-3,-1,-1,NA,5,-1,NA,1,-1,-1,-1,-1,-1,-3,47,NA,47,2,0,2,2,NA
0.289802343536553,0.281399795132665,9,0.363429244955817,0,0,99,4337,405909,2,99,2,-1,-3,-1,-1,-1,5,-1,1,1,-1,-1,-1,-1,-1,-3,39,NA,39,1,0,1,1,1
0.621499127961221,0.600495488653574,60,0.733404668598281,85,100,7,4575,406538,7,6,-1,-1,-3,3,-1,-1,1,-1,1,1,-1,-1,-1,-1,-1,-3,47,NA,47,2,0,2,2,2
0.871866547838623,0.831731631117712,31,1.20764098594186,0,0,3,4284,405763,2,2,-1,-1,-3,1,-1,-1,1,-1,1,1,-1,-1,-1,-1,-1,-3,53,NA,41,1,0,1,1,1
NA,NA,1,0.60480033694572,-6,NA,4,3356,403421,NA,2,-1,-6,-3,1,-1,NA,1,-6,NA,1,-1,-1,-1,-1,-1,-3,19,NA,19,1,0,1,1,NA
1.03523642888345,1.05958071286563,0,2.06645117913178,0,0,2,669,301623,2,4,1,-1,-3,-1,2,-1,5,-1,1,1,2,1,2,-3,-3,-3,47,NA,47,1,1,0,1,1
0.927239667798911,0.941716820302841,16,0.511621875611973,0,0,99,4888,407290,5,5,-1,-1,-3,-1,-1,-1,5,-1,6,2,-1,-1,-1,-1,-1,-3,37,NA,37,2,0,2,2,2
3.56221236461326,3.76443063099594,50,1.65641623303694,15,90,99,2391,401003,99,5,-1,-1,-3,3,-1,-1,1,-1,1,1,-1,-1,-1,-1,-1,-3,56,NA,56,1,0,1,1,1
0.650193494431842,0.676325472653954,85,0.657293303006968,85,85,6,2619,401552,6,6,-1,-1,-3,3,-1,-1,1,-1,1,1,-1,-1,-1,-1,-1,-3,18,NA,18,2,0,2,2,2
NA,NA,15,0.616238616430669,-6,NA,2,3179,402966,NA,4,2,-6,-3,1,-1,NA,1,-6,NA,3,-1,-1,-1,-1,-1,-3,18,NA,18,2,0,2,2,NA
NA,NA,15,0.89886057588311,-6,NA,3,4624,406654,NA,5,-1,-6,-3,3,-1,NA,1,-6,NA,3,-1,-1,-1,-1,-1,-3,6,NA,6,2,0,2,2,NA
1.44368769542327,1.35479036749861,50,1.39374190334261,70,85,6,4347,405937,6,5,-1,-1,-3,3,-1,-1,1,-1,1,1,-1,-1,-1,-1,-1,-3,4,NA,4,1,0,1,1,1
0.606779440837152,0.620696090359072,25,0.829716590285361,60,15,5,3499,403792,4,4,3,-1,-3,-1,-1,-1,5,-1,1,1,-1,-1,-1,-1,-1,-3,31,NA,31,2,0,2,2,2
NA,NA,100,1.12956586221577,100,NA,4,4133,405375,NA,99,3,2,-3,-1,-1,NA,5,-1,NA,1,-1,-1,-1,-1,-1,-3,25,NA,9,1,0,1,1,NA
0.419672060020244,0.445153648829191,100,0.468090849861115,85,60,6,2191,400499,99,6,-1,-1,-3,-1,-1,-1,5,-1,1,1,-1,-1,-1,-1,-1,-3,6,NA,6,1,0,1,1,1
0.461748564216422,0.475330185519412,15,0.309112417025868,0,0,2,3291,403282,2,2,-1,-1,-3,1,-1,-1,1,-1,1,1,-1,-1,-1,-1,-1,-3,34,NA,34,2,0,2,2,2
0.944941431171135,1.01124159945945,100,0.62739844119519,70,85,5,2539,401356,6,6,-1,-1,-3,3,-1,-1,1,-1,1,1,-1,-1,-1,-1,-1,-3,48,NA,49,2,0,2,2,2
0.401987514321854,0.397197023906708,20,0.398745600149324,0,13,4,3975,404986,3,3,-1,-1,-3,1,-1,-1,1,-1,2,2,-1,-1,-1,-1,-1,-3,13,NA,13,2,0,2,2,2
0.208018686831884,0.198049829378109,17,0.356512434246952,15,15,3,4165,405460,3,4,2,-1,-3,-1,-1,-1,5,-1,1,1,-1,-1,-1,-1,-1,-3,19,NA,19,2,0,2,2,2
0.688845736653418,0.704715825222612,40,0.742272632850038,1,10,4,337,300839,4,4,-9,-1,-3,-1,2,-1,5,-1,1,1,2,2,2,-3,-3,-3,24,NA,24,1,1,0,1,1
1.07432727065882,1.05042410113125,30,0.584077894322801,0,0,3,2445,401127,3,4,1,-1,-3,-1,-1,-1,5,-1,4,4,-1,-1,-1,-1,-1,-3,34,NA,34,1,0,1,1,1
NA,NA,15,3.0733819219733,0,NA,4,2961,402435,NA,4,3,-1,-3,-1,-1,NA,5,-1,NA,1,-1,-1,-1,-1,-1,-3,6,NA,6,1,0,1,1,NA
0.602956003177164,0.571077758290154,0,0.649787960426059,0,0,2,4361,405972,3,2,-1,-1,-3,1,-1,-1,1,-1,1,1,-1,-1,-1,-1,-1,-3,25,NA,25,2,0,2,2,2
NA,NA,60,1.72372766203514,0,NA,99,2135,400351,NA,4,3,-1,-3,1,-1,NA,1,-1,NA,5,-1,-1,-1,-1,-1,-3,31,NA,31,1,0,1,1,NA
0.603302653736884,0.719649997389836,60,0.581449371302085,15,30,2,4571,406527,3,4,3,-1,-3,1,-1,-1,1,-1,2,2,-1,-1,-1,-1,-1,-3,51,NA,51,1,0,1,1,1
0.40419692309682,0.37353934462463,40,0.425404739244599,60,70,5,3858,404735,4,5,-1,-1,-3,-1,-1,-1,5,-1,1,1,-1,-1,-1,-1,-1,-3,34,NA,34,1,0,1,1,1
0.463024455922537,0.466670162024383,40,0.42293066210248,0,0,4,1050,302562,3,4,1,-1,-3,-1,2,-1,5,-1,1,1,2,2,2,-3,-3,-3,48,NA,48,1,1,0,1,1
0.620106618312714,0.614169305599703,1,1.18650164242925,0,0,1,4028,405104,4,2,-1,-1,-3,1,-1,-1,1,-1,2,2,-1,-1,-1,-1,-1,-3,17,NA,17,2,0,2,2,2
2.04057331921742,2.1473707187084,40,1.48681862874323,70,75,99,3875,404771,4,99,3,-1,-3,-1,-1,-1,5,-1,4,4,-1,-1,-1,-1,-1,-3,48,NA,48,1,0,1,1,1
0.895473669055464,0.953643101693322,62,0.863402810763654,85,85,6,4056,405181,-9,6,-1,-1,-3,3,-1,-1,1,-1,1,1,-1,-1,-1,-1,-1,-3,21,NA,21,1,0,1,1,1
0.657040247807086,0.614115046301992,15,1.15913598822852,15,60,5,1169,302864,5,5,-1,2,-3,3,2,-1,1,-1,1,1,2,1,2,-3,-3,-3,25,NA,25,3,3,0,3,3
0.428789660443859,0.441106753918552,71,1.06080203374572,0,85,4,3932,404893,99,4,3,-1,-3,-1,-1,-1,5,-1,2,2,-1,-1,-1,-1,-1,-3,37,NA,37,1,0,1,1,1
NA,NA,100,4.0717431887492,30,NA,3,2943,402384,NA,7,-1,-1,-3,-1,-1,NA,5,-1,NA,1,-1,-1,-1,-1,-1,-3,37,NA,37,2,0,2,2,NA
NA,NA,0,0.842499446925296,0,NA,2,2441,401112,NA,3,-1,-1,-3,-1,-1,NA,5,-1,NA,5,-1,-1,-1,-1,-1,-3,45,NA,45,2,0,2,2,NA
0.707363789269659,0.671586828841016,0,0.936791463562084,0,0,2,451,301135,2,2,-1,-1,-3,1,2,-1,1,-1,1,1,2,2,1,-3,-3,-3,8,NA,6,1,1,0,1,1
NA,NA,0,0.928265974297802,0,NA,1,2059,400158,NA,1,-1,-1,-3,1,-1,NA,1,-1,NA,1,-1,-1,-1,-1,-1,-3,41,NA,41,2,0,2,2,NA
0.958534991481447,1.0883402091395,50,0.8028789019489,30,60,6,3036,402630,7,6,-1,-1,-3,-1,-1,-1,5,-1,1,1,-1,-1,-1,-1,-1,-3,8,NA,8,2,0,2,2,2
NA,NA,30,0.402503135717501,0,NA,2,94,300204,NA,2,-1,-1,-3,1,2,NA,1,-1,NA,1,2,2,1,-3,-3,-3,4,NA,4,1,1,0,1,NA
0.652248208951993,0.620243879541032,70,0.905408794984776,40,0,4,2087,400237,99,99,3,-1,-3,-1,-1,-1,5,-1,1,1,-1,-1,-1,-1,-1,-3,12,NA,12,1,0,1,1,1
0.452457400987672,0.43157232772783,90,0.350342039323736,40,0,4,5071,407757,3,5,-1,-1,-3,-1,-1,-1,5,-1,1,1,-1,-1,-1,-1,-1,-3,42,NA,42,1,0,1,1,1
1.40377898855386,1.27979778250286,60,1.48103967323493,15,40,4,3997,405031,5,6,-1,-1,-3,3,-1,-1,1,-1,1,1,-1,-1,-1,-1,-1,-3,26,NA,26,1,0,1,1,1
0.41231810860621,0.402302790841556,14,0.478369215536596,0,0,3,2320,400815,3,3,-1,-1,-3,1,-1,-1,1,-1,1,1,-1,-1,-1,-1,-1,-3,26,NA,26,1,0,1,1,1
0.573772056711959,0.576026983662971,68,0.38530850834687,50,30,3,3918,404862,99,99,3,-1,-3,-1,-1,-1,5,-1,1,1,-1,-1,-1,-1,-1,-3,21,NA,36,2,0,2,2,2
0.884010988792321,0.844059468709581,30,0.99971647278947,0,30,4,387,300976,4,4,1,-1,-3,1,2,-1,1,-1,1,1,2,2,2,-3,-3,-3,24,NA,24,1,1,0,1,1
0.527743072203949,0.493893853509541,85,0.540526523994777,85,85,6,2958,402430,6,6,-1,-1,-3,3,-1,-1,1,-1,1,1,-1,-1,-1,-1,-1,-3,4,NA,4,2,0,2,2,2
2.9497944213837,2.67820133399693,60,3.55969841012162,30,50,4,522,301296,99,4,1,-1,-3,-1,2,-1,5,-1,1,1,2,2,2,-3,-3,-3,39,NA,39,2,2,0,2,2
0.448025283760087,0.42610781642531,50,0.435651920069906,0,0,99,955,302313,99,4,2,-1,-3,-1,2,-1,5,-1,1,1,2,1,2,-3,-3,-3,55,NA,55,1,1,0,1,1
NA,NA,15,0.564380078567898,0,NA,4,85,300184,NA,4,1,-1,-3,-1,2,NA,5,-1,NA,2,2,1,2,-3,-3,-3,34,NA,34,2,2,0,2,NA
0.599013670393603,0.684647319696013,70,0.554011216232512,70,100,99,3840,404689,99,2,-1,-1,-3,3,-1,-1,1,-1,4,4,-1,-1,-1,-1,-1,-3,37,NA,37,1,0,1,1,1
NA,NA,0,0.421321807714116,-6,NA,1,2885,402240,NA,1,-1,-6,-3,-1,-1,NA,5,-6,NA,1,-1,-1,-1,-1,-1,-3,36,NA,36,2,0,2,2,NA
0.198406638452014,0.218758057331695,41,0.466693316581315,40,40,4,2344,400894,4,99,3,-1,-3,-1,-1,-1,5,-1,1,1,-1,-1,-1,-1,-1,-3,51,NA,51,2,0,2,2,2
0.61111536223378,0.576050294196305,17,0.685155230491667,0,0,2,3814,404612,2,2,-1,-1,-3,1,-1,-1,1,-1,1,1,-1,-1,-1,-1,-1,-3,33,NA,33,2,0,2,2,2
0.187521918582223,0.175521295094701,15,0.579073215903327,0,15,2,2361,400935,99,99,3,-1,-3,-1,-1,-1,5,-1,2,2,-1,-1,-1,-1,-1,-3,45,NA,45,1,0,1,1,1
0.835898562237358,0.771944170345839,15,0.747167472067674,0,15,4,2999,402547,4,4,3,-1,-3,1,-1,-1,1,-1,1,1,-1,-1,-1,-1,-1,-3,39,NA,39,1,0,1,1,1
0.177442503331412,0.185400667523771,85,0.327291591850213,85,75,6,168,300387,6,6,-1,-1,-3,3,1,-1,1,-1,1,1,2,1,2,-3,-3,-3,51,NA,51,1,1,0,1,1
NA,NA,0,0.550935391209189,0,NA,2,4713,406864,NA,2,-1,-1,-3,1,-1,NA,1,-1,NA,1,-1,-1,-1,-1,-1,-3,27,NA,27,2,0,2,2,NA
0.926053963996543,0.995365572104018,0,0.532154170346265,0,0,2,4281,405757,2,2,-1,-1,-3,1,-1,-1,1,-1,6,6,-1,-1,-1,-1,-1,-3,13,NA,13,1,0,1,1,1
NA,NA,0,0.69766370498915,15,NA,4,4909,407357,NA,3,-1,-1,-3,-1,-1,NA,5,-1,NA,5,-1,-1,-1,-1,-1,-3,36,NA,36,1,0,1,1,NA
0.784460098911515,0.788976470197018,31,0.584336335787512,15,15,3,2354,400923,99,4,3,-1,-3,1,-1,-1,1,-1,2,2,-1,-1,-1,-1,-1,-3,26,NA,26,1,0,1,1,1
NA,NA,50,0.499961164489922,80,NA,99,3293,403285,NA,4,1,-1,-3,-1,-1,NA,5,-1,NA,1,-1,-1,-1,-1,-1,-3,12,NA,12,1,0,1,1,NA
0.775316291689389,0.804144435765382,85,1.07643622851808,70,100,6,2079,400213,6,4,3,-1,-3,-1,-1,-1,5,-1,1,1,-1,-1,-1,-1,-1,-3,17,NA,17,1,0,1,1,1
0.418376407977404,0.489449509781141,100,0.472119760923289,75,85,4,2930,402350,4,4,3,-1,-3,-1,-1,-1,5,-1,1,1,-1,-1,-1,-1,-1,-3,29,NA,29,2,0,2,2,2
0.697650495825533,0.680729810806513,70,0.581854655803138,65,85,6,2159,400404,7,6,-1,-1,-3,3,-1,-1,1,-1,1,1,-1,-1,-1,-1,-1,-3,45,NA,37,2,0,2,2,2
NA,NA,70,0.795430783987188,-7,NA,6,531,301316,NA,6,-1,-7,-3,3,2,NA,1,-7,NA,1,2,2,1,-3,-3,-3,17,NA,17,2,2,0,2,NA
0.703546064043139,0.688850779828862,1,0.658666890945009,0,0,3,2366,400947,2,4,3,-1,-3,1,-1,-1,1,-1,1,1,-1,-1,-1,-1,-1,-3,48,NA,48,1,0,1,1,1
0.33579977875865,0.316926862777235,15,0.443405794899831,0,0,4,3490,403764,3,3,-1,-1,-3,-1,-1,-1,5,-1,1,1,-1,-1,-1,-1,-1,-3,6,NA,6,2,0,2,2,2
0.320420689656447,0.357326621267555,15,0.338839912293634,0,0,99,2796,402001,99,4,3,-1,-3,1,-1,-1,1,-1,1,1,-1,-1,-1,-1,-1,-3,55,NA,55,1,0,1,1,1
0.718980744570219,0.757806208869501,85,0.641214888099688,60,70,6,3126,402838,4,6,-1,-1,-3,3,-1,-1,1,-1,1,1,-1,-1,-1,-1,-1,-3,27,NA,27,2,0,2,2,2
1.56282171299729,1.63036483828645,50,0.929460471983699,100,100,4,5024,407653,4,4,2,-1,-3,-1,-1,-1,5,-1,1,1,-1,-1,-1,-1,-1,-3,21,NA,21,1,0,1,1,1
NA,NA,60,0.592767422721092,15,NA,3,10,300020,NA,2,-1,-1,-3,1,1,NA,1,-1,NA,1,2,2,1,-3,-3,-3,28,NA,28,1,1,0,1,NA
2.41624416597261,2.71904114608465,21,1.87414092944492,50,100,3,4711,406862,99,99,2,-1,-3,-1,-1,-1,5,-1,3,3,-1,-1,-1,-1,-1,-3,48,NA,48,2,0,2,2,2
NA,NA,2,0.673393710019217,0,NA,4,4466,406249,NA,6,-1,-1,-3,-1,-1,NA,5,-1,NA,1,-1,-1,-1,-1,-1,-3,4,NA,4,1,0,1,1,NA
0.183589699799009,0.163788190535545,0,0.326953211536564,0,0,1,2309,400775,1,1,-1,-1,-3,1,-1,-1,1,-1,1,1,-1,-1,-1,-1,-1,-3,19,NA,19,1,0,1,1,1
0.471695494909474,0.490890288260079,85,0.333037259701027,100,100,6,2194,400503,6,6,-1,-1,-3,-1,-1,-1,5,-1,1,1,-1,-1,-1,-1,-1,-3,48,NA,48,1,0,1,1,1
0.468618374108515,0.473211802543608,0,0.814360718199133,0,0,3,4826,407145,4,2,-1,-1,-3,1,-1,-1,1,-1,1,1,-1,-1,-1,-1,-1,-3,39,NA,39,1,0,1,1,1
1.51331931926746,1.59079565598462,60,0.810983273716963,15,80,3,4694,406817,3,99,3,-1,-3,-1,-1,-1,5,-1,4,4,-1,-1,-1,-1,-1,-3,6,NA,6,1,0,1,1,1
0.526009151170631,0.530145308949589,85,0.657979097748981,100,85,6,4448,406212,6,6,-1,-1,-3,3,-1,-1,1,-1,1,1,-1,-1,-1,-1,-1,-3,48,NA,48,2,0,2,2,2
0.530995538046169,0.543385876913701,40,0.476655224405334,30,30,4,2302,400759,4,4,3,-1,-3,-1,-1,-1,5,-1,1,1,-1,-1,-1,-1,-1,-3,30,NA,30,1,0,1,1,1
NA,NA,0,0.32361962433992,0,NA,1,213,300545,NA,2,-1,-1,-3,1,2,NA,1,-1,NA,1,2,1,2,-3,-3,-3,16,NA,16,2,2,0,2,NA
0.819143244640406,0.839724501128662,0,0.727349247192174,0,0,1,2712,401792,1,1,-1,-1,-3,-1,-1,-1,5,-1,1,1,-1,-1,-1,-1,-1,-3,44,NA,44,2,0,2,2,2
0.33669655500887,0.382259140843711,60,0.572424043676902,70,70,6,3023,402602,5,5,-1,-1,-3,3,-1,-1,1,-1,1,1,-1,-1,-1,-1,-1,-3,12,NA,12,2,0,2,2,2
2.6712542208655,2.46191958484336,98,1.19443629178317,60,100,2,3309,403322,2,5,-1,-1,-3,3,-1,-1,1,-1,4,4,-1,-1,-1,-1,-1,-3,48,NA,48,2,0,2,2,2
NA,NA,0,0.455317589375374,0,NA,4,4172,405468,NA,2,-1,-1,-3,-1,-1,NA,5,-1,NA,2,-1,-1,-1,-1,-1,-3,39,NA,39,2,0,2,2,NA
0.252158488038501,0.25024287635035,0,0.302241576493461,0,15,4,2739,401856,2,4,1,-1,-3,-1,-1,-1,5,-1,1,1,-1,-1,-1,-1,-1,-3,6,NA,6,2,0,2,2,2
0.308641010140899,0.286998191822996,71,0.524951848083565,15,0,4,4036,405136,4,4,3,-1,-3,-1,-1,-1,5,-1,1,1,-1,-1,-1,-1,-1,-3,26,NA,26,2,0,2,2,2
4.99999998289759,5.00000000943276,0,5.17251160215827,0,0,1,2793,401993,2,2,-1,-1,-3,1,-1,-1,1,-1,2,2,-1,-1,-1,-1,-1,-3,42,NA,42,1,0,1,1,1
0.981247247830332,1.10924331066662,70,1.12420121461171,60,65,6,546,301345,5,6,-1,-1,-3,3,2,-1,1,-1,1,1,2,1,2,-3,-3,-3,20,NA,20,1,1,0,1,1
NA,NA,90,1.02899589302866,100,NA,6,4459,406238,NA,6,-1,-1,-3,3,-1,NA,1,-1,NA,1,-1,-1,-1,-1,-1,-3,20,NA,20,2,0,2,2,NA
0.651126504505526,0.63075143610318,0,0.614858003235511,0,0,2,3688,404277,2,2,-1,-1,-3,-1,-1,-1,5,-1,1,1,-1,-1,-1,-1,-1,-3,6,NA,6,1,0,1,1,1
1.83077787846489,2.22230173550907,50,1.6346016179531,45,60,4,3324,403367,4,4,1,-1,-3,-1,-1,-1,5,-1,1,3,-1,-1,-1,-1,-1,-3,21,NA,21,1,0,1,1,1
0.480718120366764,0.508747493945265,10,0.366020568124111,0,0,2,3864,404744,2,2,-1,-1,-3,1,-1,-1,1,-1,1,1,-1,-1,-1,-1,-1,-3,17,NA,11,2,0,2,2,2
0.915477564516085,0.834369064715615,41,0.523469263600517,0,0,4,3786,404536,4,4,3,-1,-3,1,-1,-1,1,-1,3,3,-1,-1,-1,-1,-1,-3,4,NA,4,2,0,2,2,2
0.843784214452064,0.795050876596938,40,0.912467150727221,15,30,3,2611,401527,4,4,2,-1,-3,-1,-1,-1,5,-1,1,1,-1,-1,-1,-1,-1,-3,10,NA,10,1,0,1,1,1
0.462331490295447,0.436308873585642,80,0.546324012009849,90,85,6,3085,402745,6,7,-1,-1,-3,3,-1,-1,1,-1,1,1,-1,-1,-1,-1,-1,-3,51,NA,51,1,0,1,1,1
0.907269099714277,0.879555423755481,0,0.673214901978752,0,0,2,4443,406198,2,99,1,-1,-3,1,-1,-1,1,-1,3,3,-1,-1,-1,-1,-1,-3,6,NA,6,2,0,2,2,2
0.228950114469765,0.212724485517714,70,0.410405421469379,85,100,6,4602,406610,6,6,-1,-1,-3,3,-1,-1,1,-1,1,1,-1,-1,-1,-1,-1,-3,44,NA,44,2,0,2,2,2
NA,NA,100,1.28131442637153,-6,NA,99,4297,405792,NA,99,3,-6,-3,-1,-1,NA,5,-6,NA,1,-1,-1,-1,-1,-1,-3,17,NA,17,2,0,2,2,NA
0.605803606201997,0.60209156733513,90,1.27216677882824,85,85,6,3708,404324,6,6,-1,-1,-3,3,-1,-1,1,-1,1,1,-1,-1,-1,-1,-1,-3,26,NA,26,2,0,2,2,2
0.613123531775238,0.56321063077316,100,0.484699495687716,100,100,6,5058,407717,5,6,-1,-1,-3,3,-1,-1,1,-1,1,1,-1,-1,-1,-1,-1,-3,48,NA,48,1,0,1,1,1
0.784013005397179,0.757589136432033,59,1.05038058684583,85,85,5,4191,405530,5,4,3,-1,-3,-1,-1,-1,5,-1,-9,-9,-1,-1,-1,-1,-1,-3,13,NA,37,2,0,2,2,2
1.13321654493481,1.1095937478784,85,1.55170909381908,70,100,99,3512,403835,6,4,2,-1,-3,-1,-1,-1,5,-1,1,1,-1,-1,-1,-1,-1,-3,44,NA,44,1,0,1,1,1
1.11931293931906,1.20774947151108,30,1.29009673612048,50,70,4,463,301156,99,5,-1,-1,-3,-1,2,-1,5,-1,1,1,2,1,2,-3,-3,-3,42,NA,42,2,2,0,2,2
2.40301822040352,2.43119307924256,0,1.29075867749845,0,0,1,4973,407537,1,1,-1,-1,-3,1,-1,-1,1,-1,1,1,-1,-1,-1,-1,-1,-3,6,NA,6,1,0,1,1,1
NA,NA,70,0.848382078761995,100,NA,6,2100,400269,NA,4,3,-1,-3,-1,-1,NA,5,-1,NA,1,-1,-1,-1,-1,-1,-3,6,NA,6,1,0,1,1,NA
0.456133216764871,0.446263545720682,71,0.507009421194757,100,100,6,4752,406956,5,3,-1,-1,-3,3,-1,-1,1,-1,1,1,-1,-1,-1,-1,-1,-3,42,NA,42,2,0,2,2,2
0.507466397287288,0.542581168598226,30,0.944619244463135,70,15,2,161,300364,3,2,-1,-1,-3,1,2,-1,1,-1,1,1,2,1,2,-3,-3,-3,9,NA,9,2,2,0,2,2
0.476525462560502,0.439778502668089,0,0.683804015381644,0,0,2,4666,406751,4,3,-1,-1,-3,1,-1,-1,1,-1,1,1,-1,-1,-1,-1,-1,-3,42,NA,42,1,0,1,1,1
0.170162888655258,0.162582805652169,61,0.32105716970811,90,90,6,3882,404781,6,6,-1,-1,-3,3,-1,-1,1,-1,1,1,-1,-1,-1,-1,-1,-3,32,NA,32,1,0,1,1,1
NA,NA,60,1.05796366661002,70,NA,5,497,301237,NA,5,-1,-1,-3,-1,2,NA,5,-1,NA,1,2,1,2,-3,-3,-3,53,NA,53,1,1,0,1,NA
0.250376580125922,0.25446130356957,0,0.4898540975986,0,0,4,912,302193,99,99,2,-1,-3,1,2,-1,1,-1,2,2,2,1,2,-3,-3,-3,28,NA,28,1,1,0,1,1
NA,NA,0,1.16040563988168,-6,NA,2,5038,407679,NA,3,-1,-6,-3,1,-1,NA,1,-6,NA,1,-1,-1,-1,-1,-1,-3,51,NA,51,1,0,1,1,NA
0.512975220971734,0.524263629258444,70,0.633143866615201,85,70,6,3133,402862,6,6,-1,-1,-3,3,-1,-1,1,-1,1,1,-1,-1,-1,-1,-1,-3,12,NA,12,2,0,2,2,2
0.668328766749681,0.62428537246318,70,0.602536707552123,40,60,4,3928,404885,5,4,3,-1,-3,-1,-1,-1,5,-1,1,1,-1,-1,-1,-1,-1,-3,19,NA,19,1,0,1,1,1
NA,NA,85,0.292913920546869,-6,NA,4,941,302265,NA,5,-1,-6,-3,-1,1,NA,5,-6,NA,4,2,1,2,-3,-3,-3,17,NA,17,2,2,0,2,NA
NA,NA,40,2.07850531116828,70,NA,99,3037,402631,NA,3,-1,-1,-3,-1,-1,NA,5,-1,NA,1,-1,-1,-1,-1,-1,-3,41,NA,41,1,0,1,1,NA
0.289915879933286,0.276544676418598,100,0.44567532395353,100,100,7,2987,402517,6,6,-1,-1,-3,-1,-1,-1,5,-1,3,3,-1,-1,-1,-1,-1,-3,47,NA,47,1,0,1,1,1
0.807187604860708,0.802408761396108,0,0.917849224480202,0,0,2,3044,402649,2,2,-1,-1,-3,1,-1,-1,1,-1,1,1,-1,-1,-1,-1,-1,-3,36,NA,36,1,0,1,1,1
0.967378604885497,0.966251083148165,70,1.58503775305989,85,70,6,4376,406017,6,6,-1,-1,-3,3,-1,-1,1,-1,1,1,-1,-1,-1,-1,-1,-3,19,NA,19,1,0,1,1,1
4.91712362839041,4.48758040536392,0,2.63024053023829,0,0,4,678,301645,4,4,1,-1,-3,1,2,-1,1,-1,4,4,2,1,2,-3,-3,-3,34,NA,34,2,2,0,2,2
0.684931746662418,0.612543596850527,15,0.687408615941812,0,0,3,3099,402778,2,3,-1,-1,-3,1,-1,-1,1,-1,3,1,-1,-1,-1,-1,-1,-3,24,NA,24,2,0,2,2,2
2.36358795704566,2.13372787491929,1,2.87858086688011,50,95,99,2508,401274,6,4,1,-1,-3,1,-1,-1,1,-1,3,3,-1,-1,-1,-1,-1,-3,6,NA,6,2,0,2,2,2
1.64028911430145,1.67091432412193,30,1.44816944152128,70,70,6,2521,401309,6,6,-1,-1,-3,3,-1,-1,1,-1,1,1,-1,-1,-1,-1,-1,-3,55,NA,55,1,0,1,1,1
1.6236113212408,1.71196513833842,2,1.44495761310122,0,0,99,2001,400002,4,4,3,-1,-3,-1,-1,-1,5,-1,1,1,-1,-1,-1,-1,-1,-3,6,NA,6,2,0,2,2,2
2.90846787830953,2.68049786811684,50,1.72497533778768,70,90,4,804,301944,4,4,2,-1,-3,-1,2,-1,5,-1,1,1,2,1,2,-3,-3,-3,8,NA,8,2,2,0,2,2
0.422272963612778,0.431339946990259,70,0.798307619892555,100,90,6,441,301116,6,6,-1,-1,-3,3,1,-1,1,-1,1,1,2,1,2,-3,-3,-3,47,NA,47,2,2,0,2,2
0.77971803733188,0.773296442270738,0,0.632492625303152,0,0,1,2306,400768,1,1,-1,-1,-3,1,-1,-1,1,-1,1,1,-1,-1,-1,-1,-1,-3,55,NA,55,2,0,2,2,2
0.633763282746399,0.704212984627501,15,0.895386374787982,0,40,2,4495,406322,4,3,-1,-1,-3,1,-1,-1,1,-1,1,1,-1,-1,-1,-1,-1,-3,6,NA,6,2,0,2,2,2
0.164441614149051,0.150361893187511,50,0.305551552985416,40,0,5,653,301589,3,4,1,-1,-3,1,2,-1,1,-1,1,1,2,1,2,-3,-3,-3,17,NA,17,1,1,0,1,1
0.725345570773139,NA,60,0.373205258927603,65,-6,5,4730,406908,5,5,-1,-1,-3,-1,-1,-1,5,-1,1,1,-1,-1,-1,-1,-1,-3,48,NA,6,2,0,2,2,2
NA,NA,60,0.427291062794132,80,NA,4,2692,401733,NA,4,3,-1,-3,-1,-1,NA,5,-1,NA,1,-1,-1,-1,-1,-1,-3,55,NA,55,1,0,1,1,NA
NA,NA,28,1.27476617218157,40,NA,99,4509,406353,NA,4,2,-1,-3,-1,-1,NA,5,-1,NA,1,-1,-1,-1,-1,-1,-3,41,NA,41,1,0,1,1,NA
0.735697881537065,0.676421339529311,85,0.461696498585795,15,0,4,3917,404860,1,99,2,-1,-3,3,-1,-1,1,-1,1,1,-1,-1,-1,-1,-1,-3,41,NA,41,2,0,2,2,2
0.799703089046345,0.711033026095271,25,1.07658181698164,70,80,99,2044,400120,6,99,3,-1,-3,-1,-1,-1,5,-1,1,1,-1,-1,-1,-1,-1,-3,53,NA,53,2,0,2,2,2
1.2345906867246,1.21532833363669,60,1.09137124512428,80,70,6,892,302143,6,5,-1,-1,-3,3,2,-1,1,-1,1,1,2,1,2,-3,-3,-3,42,NA,42,1,1,0,1,1
0.747581342195736,NA,60,0.850661682839444,70,-6,4,3665,404221,2,99,3,-1,-3,-1,-1,-1,5,-1,1,1,-1,-1,-1,-1,-1,-3,36,NA,36,1,0,1,1,1
0.524209693432794,0.525213719884034,85,0.715682255230567,100,99,7,1037,302527,6,6,-1,-1,-3,3,2,-1,1,-1,1,1,2,1,2,-3,-3,-3,17,NA,17,1,1,0,1,1
0.740599332167901,0.732274850097927,60,0.611053792821197,85,70,5,3667,404225,5,5,-1,-1,-3,-1,-1,-1,5,-1,1,1,-1,-1,-1,-1,-1,-3,39,NA,39,1,0,1,1,1
3.50781550301712,3.56844819531526,40,2.22429905910927,70,30,4,322,300795,4,4,1,-1,-3,-1,2,-1,-9,-1,1,1,2,1,2,-3,-3,-3,25,NA,25,3,3,0,3,3
0.515853593697462,0.523573115317286,0,0.341828741716965,0,0,2,4474,406263,2,2,-1,-1,-3,1,-1,-1,1,-1,1,1,-1,-1,-1,-1,-1,-3,17,NA,17,1,0,1,1,1
NA,NA,70,0.801598974559598,75,NA,5,3836,404668,NA,5,-1,-1,-3,-1,-1,NA,5,-1,NA,1,-1,-1,-1,-1,-1,-3,17,NA,17,2,0,2,2,NA
0.237854895712573,0.239844512359405,0,0.327743432529771,0,0,4,4168,405464,4,4,3,-1,-3,-1,-1,-1,5,-1,1,5,-1,-1,-1,-1,-1,-3,26,NA,26,2,0,2,2,2
1.37368877702936,1.42151920977131,0,0.686137157016066,0,0,99,3764,404471,2,2,-1,-1,-3,1,-1,-1,1,-1,2,2,-1,-1,-1,-1,-1,-3,18,NA,18,1,0,1,1,1
NA,NA,30,0.625216287683552,50,NA,99,815,301967,NA,6,-1,-1,-3,1,2,NA,1,-1,NA,2,2,1,2,-3,-3,-3,45,NA,45,2,2,0,2,NA
0.877474645617286,0.787266139446287,0,0.628883542012599,0,0,3,927,302233,4,3,-1,-1,-3,1,2,-1,1,-1,1,1,2,1,2,-3,-3,-3,40,NA,40,2,2,0,2,2
0.730450353425318,0.696117295303832,0,0.592449033514634,0,0,4,4568,406513,6,4,3,-1,-3,-1,-1,-1,5,-1,1,1,-1,-1,-1,-1,-1,-3,41,NA,41,1,0,1,1,1
0.15139808078629,0.145308768618256,0,0.358312743574123,0,0,1,572,301396,2,1,-1,-1,-3,-1,2,-1,5,-1,1,1,2,1,2,-3,-3,-3,37,NA,37,1,1,0,1,1
0.332440883150532,0.32308829556141,0,0.542029209424433,-9,60,5,993,302414,5,99,2,-1,-3,-1,2,-1,5,-1,1,1,2,1,2,-3,-3,-3,25,NA,25,2,2,0,2,2
1.7435542645812,1.83477399904818,60,1.47166987615568,85,60,6,4118,405332,6,6,-1,-1,-3,3,-1,-1,1,-1,1,1,-1,-1,-1,-1,-1,-3,5,NA,5,2,0,2,2,2
0.421574777588623,0.414201439829571,0,0.551908739129037,0,0,99,127,300270,3,3,-1,-1,-3,1,2,-1,1,-1,1,1,1,2,2,-3,-3,-3,48,NA,48,1,1,0,1,1
1.65256026097452,1.63843606523004,70,0.937242651419281,85,85,7,3481,403748,7,6,-1,-1,-3,-1,-1,-1,5,-1,3,3,-1,-1,-1,-1,-1,-3,51,NA,51,2,0,2,2,2
NA,NA,0,0.440535895368216,0,NA,3,3826,404645,NA,99,3,-1,-3,1,-1,NA,1,-1,NA,2,-1,-1,-1,-1,-1,-3,9,NA,9,1,0,1,1,NA
0.302099443474123,0.299102825702765,0,0.646693417357276,0,0,2,3563,403953,2,2,-1,-1,-3,1,-1,-1,1,-1,1,1,-1,-1,-1,-1,-1,-3,53,NA,6,1,0,1,1,1
NA,NA,0,1.69047723074276,0,NA,2,3659,404191,NA,3,-1,-1,-3,1,-1,NA,1,-1,NA,4,-1,-1,-1,-1,-1,-3,6,NA,6,1,0,1,1,NA
1.0369017143336,1.11697263809318,84,0.988065376243859,50,85,6,4256,405679,6,5,-1,-1,-3,-1,-1,-1,5,-1,6,1,-1,-1,-1,-1,-1,-3,25,NA,25,1,0,1,1,1
0.63573488514918,0.593092113021616,76,0.581972491368345,100,85,4,4856,407210,5,4,3,-1,-3,-1,-1,-1,5,-1,1,1,-1,-1,-1,-1,-1,-3,9,NA,9,2,0,2,2,2
NA,NA,0,1.43596122347987,-7,NA,3,4710,406857,NA,4,3,-7,-3,1,-1,NA,1,-7,NA,3,-1,-1,-1,-1,-1,-3,36,NA,36,1,0,1,1,NA
0.705483458732654,0.681875173045442,85,0.629484421236482,100,100,5,2931,402358,5,99,2,-1,-3,3,-1,-1,1,-1,1,1,-1,-1,-1,-1,-1,-3,17,NA,17,2,0,2,2,2
0.433886216795071,0.447985746720357,100,0.915708726622269,100,100,6,346,300869,6,7,-1,-1,-3,3,2,-1,1,-1,1,1,2,1,2,-3,-3,-3,47,NA,47,1,1,0,1,1
0.92852624995978,1.00572669650566,30,0.619168539092323,15,15,3,244,300612,3,3,-1,-1,-3,-1,2,-1,5,-1,3,3,2,2,2,-3,-3,-3,48,NA,48,2,2,0,2,2
0.276015076616346,0.277181650327898,0,0.704654996734131,15,50,6,745,301803,99,4,2,-1,-3,1,1,-1,1,-1,2,2,1,2,2,-3,-3,-3,48,NA,48,1,1,0,1,1
0.245730708284507,0.264786559492429,60,0.412876630511829,75,50,99,4,300004,4,6,-1,-1,-3,-1,2,-1,5,-1,1,1,2,1,2,-3,-3,-3,47,NA,47,1,1,0,1,1
0.25702985233964,0.255199570062331,100,0.433763814899518,100,100,7,3686,404269,7,7,-1,-1,-3,3,-1,-1,1,-1,1,1,-1,-1,-1,-1,-1,-3,37,NA,37,1,0,1,1,1
0.212304522886663,0.225145865125594,30,0.355064869168054,15,15,5,1126,302754,4,4,1,-1,-3,1,1,-1,1,-1,1,1,2,1,2,-3,-3,-3,11,NA,11,2,2,0,2,2
0.612406521259463,0.618297194089366,50,0.518519611142138,15,40,4,3051,402672,4,3,-1,-1,-3,1,-1,-1,1,-1,4,4,-1,-1,-1,-1,-1,-3,19,NA,19,2,0,2,2,2
1.26605293338481,1.24651361440713,100,1.74728032928833,100,100,6,2313,400788,7,6,-1,-1,-3,3,-1,-1,1,-1,1,1,-1,-1,-1,-1,-1,-3,1,NA,1,2,0,2,2,2
0.537632853833044,0.522268412744702,0,0.594331594580154,0,0,2,2693,401736,2,2,-1,-1,-3,1,-1,-1,1,-1,1,1,-1,-1,-1,-1,-1,-3,6,NA,6,2,0,2,2,2
0.936916626910728,1.01936321636806,-9,1.03614034928621,100,-9,6,4182,405497,6,6,-1,-1,-3,3,-1,-1,1,-1,1,1,-1,-1,-1,-1,-1,-3,44,NA,44,1,0,1,1,1
NA,NA,0,0.437452064283013,-6,NA,3,397,301008,NA,99,2,-6,-3,1,2,NA,1,-6,NA,2,2,1,2,-3,-3,-3,28,NA,28,1,1,0,1,NA
1.18906347300899,NA,100,1.39612806686265,100,-6,6,14,300030,5,6,-1,-1,-3,3,1,-1,1,-1,1,1,2,1,2,-3,-3,-3,39,NA,39,2,2,0,2,2
0.678058479201239,0.638152162155391,0,0.685343560294333,0,0,4,3328,403376,3,4,3,-1,-3,1,-1,-1,1,-1,1,1,-1,-1,-1,-1,-1,-3,53,NA,53,2,0,2,2,2
0.813255482946903,0.831087170105434,0,0.822621648791137,0,0,4,4871,407243,3,4,3,-1,-3,1,-1,-1,1,-1,1,1,-1,-1,-1,-1,-1,-3,6,NA,6,1,0,1,1,1
0.340033311499811,0.329620584311144,33,0.649111496805892,0,0,2,2550,401382,2,3,-1,-1,-3,-1,-1,-1,5,-1,1,1,-1,-1,-1,-1,-1,-3,37,NA,37,2,0,2,2,2
0.379833872913161,0.362594980134675,84,0.680360860212609,100,100,6,3331,403382,7,6,-1,-1,-3,3,-1,-1,1,-1,1,1,-1,-1,-1,-1,-1,-3,34,NA,34,2,0,2,2,2
0.366811957297886,0.340430347196909,50,0.414912147139184,0,15,2,2158,400402,3,3,-1,-1,-3,-1,-1,-1,5,-1,1,1,-1,-1,-1,-1,-1,-3,36,NA,36,2,0,2,2,2
1.25989114249164,1.08356240015576,0,0.385257746472181,15,0,99,186,300456,4,99,2,-1,-3,-1,2,-1,5,-1,5,5,2,1,2,-3,-3,-3,35,NA,35,2,2,0,2,2
0.290471481010515,0.258959224017208,0,0.993653995105067,0,0,4,2230,400588,4,3,-1,-1,-3,-1,-1,-1,5,-1,-9,-9,-1,-1,-1,-1,-1,-3,50,NA,50,2,0,2,2,2
0.38376061161127,0.349296917827903,85,0.552423701509551,40,20,5,2760,401911,4,5,-1,-1,-3,3,-1,-1,1,-1,1,1,-1,-1,-1,-1,-1,-3,8,NA,8,1,0,1,1,1
0.624152185922741,0.614051373316964,85,0.652001598528056,85,85,6,768,301860,6,6,-1,-1,-3,3,2,-1,1,-1,1,1,2,1,2,-3,-3,-3,17,NA,17,1,1,0,1,1
0.388366506019652,0.35744589501175,15,0.660794961068131,30,15,4,2541,401361,3,2,-1,-1,-3,-1,-1,-1,5,-1,1,1,-1,-1,-1,-1,-1,-3,25,NA,25,1,0,1,1,1
0.862327916428534,0.82091175138317,0,0.720192416601281,4,0,1,2389,400999,1,3,-1,-1,-3,1,-1,-1,1,-1,1,1,-1,-1,-1,-1,-1,-3,33,NA,33,1,0,1,1,1
NA,NA,1,0.368025150058434,0,NA,4,2043,400119,NA,5,-1,-1,-3,-1,-1,NA,5,-1,NA,1,-1,-1,-1,-1,-1,-3,12,NA,17,1,0,1,1,NA
0.667433075569138,0.644907822600547,0,0.795462418815301,0,0,2,3807,404599,3,2,-1,-1,-3,1,-1,-1,1,-1,1,1,-1,-1,-1,-1,-1,-3,17,NA,17,1,0,1,1,1
0.552861609965994,0.523753201661815,20,0.684593034471489,32,30,6,4207,405569,5,4,3,-1,-3,-1,-1,-1,5,-1,1,1,-1,-1,-1,-1,-1,-3,29,NA,29,1,0,1,1,1
0.604146403711847,0.561684637701757,100,0.391566289216212,100,100,6,4902,407333,6,99,3,-1,-3,-1,-1,-1,5,-1,1,1,-1,-1,-1,-1,-1,-3,34,NA,34,1,0,1,1,1
0.987402633681739,0.889979809188655,87,0.698867359140446,0,0,5,4437,406176,4,6,-1,-1,-3,3,-1,-1,1,-1,1,1,-1,-1,-1,-1,-1,-3,55,NA,55,2,0,2,2,2
0.732854137151818,NA,30,1.30880811331291,60,-6,7,888,302133,99,7,-1,-1,-3,-1,1,-1,5,-1,3,1,2,1,2,-3,-3,-3,26,NA,26,1,1,0,1,1
0.517232765411276,0.493232209339221,0,0.688231263270086,0,0,2,152,300339,2,2,-1,-1,-3,1,2,-1,1,-1,1,1,1,2,2,-3,-3,-3,12,NA,12,2,2,0,2,2
1.1152029446097,1.10890890744778,4,1.67080048970261,50,100,5,4911,407365,5,4,3,-1,-3,-1,-1,-1,5,-1,1,6,-1,-1,-1,-1,-1,-3,48,NA,48,1,0,1,1,1
0.393067043917002,NA,0,0.727180073203164,0,-6,4,2947,402392,4,4,3,-1,-3,-1,-1,-1,5,-1,3,3,-1,-1,-1,-1,-1,-3,48,NA,48,2,0,2,2,2
1.30697779283872,NA,60,1.76708341674728,15,-6,99,290,300724,5,3,-1,-1,-3,1,1,-1,1,-1,1,1,2,1,2,-3,-3,-3,26,NA,26,1,1,0,1,1
1.92205178528245,1.9819639282414,0,1.41502342037093,0,0,2,4326,405882,1,1,-1,-1,-3,1,-1,-1,1,-1,1,1,-1,-1,-1,-1,-1,-3,37,NA,37,2,0,2,2,2
0.441699639996802,0.521439858353006,2,0.371502940032541,30,50,6,3782,404529,6,6,-1,-1,-3,-1,-1,-1,5,-1,2,2,-1,-1,-1,-1,-1,-3,18,NA,18,1,0,1,1,1
0.717999254573891,0.724566808301263,60,0.618382811336601,59,25,5,2882,402233,5,6,-1,-1,-3,3,-1,-1,1,-1,1,1,-1,-1,-1,-1,-1,-3,49,NA,49,1,0,1,1,1
NA,NA,40,0.337488693981159,0,NA,99,2267,400683,NA,4,2,-1,-3,-1,-1,NA,5,-1,NA,1,-1,-1,-1,-1,-1,-3,25,NA,25,1,0,1,1,NA
0.232867837890319,0.217007989388757,61,0.583242167699352,70,85,6,3001,402550,6,6,-1,-1,-3,3,-1,-1,1,-1,1,1,-1,-1,-1,-1,-1,-3,25,NA,25,2,0,2,2,2
0.201003806644087,0.197787568122429,15,0.374800035187242,0,0,2,15,300034,2,3,-1,-1,-3,1,2,-1,1,-1,1,1,2,1,2,-3,-3,-3,29,NA,20,2,2,0,2,2
0.700117442882371,0.677258462338989,0,1.3425157890083,0,0,2,2642,401593,5,2,-1,-1,-3,1,-1,-1,1,-1,1,1,-1,-1,-1,-1,-1,-3,53,NA,53,1,0,1,1,1
0.918293518336054,0.952839966129093,99,0.858712294394828,85,85,6,3995,405027,6,6,-1,-1,-3,3,-1,-1,1,-1,1,1,-1,-1,-1,-1,-1,-3,13,NA,13,1,0,1,1,1
2.18905685462935,2.45231414375265,70,1.72371266243326,100,100,6,5045,407697,6,6,-1,-1,-3,-1,-1,-1,5,-1,1,1,-1,-1,-1,-1,-1,-3,38,NA,38,1,0,1,1,1
0.408150916693966,0.395377488288201,50,0.450529630019555,85,100,4,496,301235,5,4,1,-1,-3,7,2,-1,1,-1,2,2,2,1,2,-3,-3,-3,6,NA,6,1,1,0,1,1
0.837126694160613,0.817237975140479,34,0.74755609607011,30,40,5,3623,404084,5,6,-1,-1,-3,-1,-1,-1,5,-1,1,1,-1,-1,-1,-1,-1,-3,8,NA,8,2,0,2,2,2
0.962109958876972,0.943640722647783,100,0.735748026970659,100,100,6,2589,401469,6,6,-1,-1,-3,3,-1,-1,1,-1,1,1,-1,-1,-1,-1,-1,-3,17,NA,17,1,0,1,1,1
0.340264342550501,0.343714579722354,37,0.841120962306638,40,0,4,2139,400360,2,2,-1,-1,-3,1,-1,-1,1,-1,1,1,-1,-1,-1,-1,-1,-3,28,NA,28,2,0,2,2,2
0.348722871389098,0.344482676927125,0,0.399106750626534,0,0,2,3310,403323,2,2,-1,-1,-3,1,-1,-1,1,-1,1,1,-1,-1,-1,-1,-1,-3,42,NA,42,1,0,1,1,1
0.482151139604097,0.470827217454785,60,0.727025009438352,55,85,5,4693,406816,5,4,3,-1,-3,-1,-1,-1,5,-1,1,1,-1,-1,-1,-1,-1,-3,9,NA,9,2,0,2,2,2
NA,NA,0,0.765772191796297,0,NA,1,3856,404729,NA,1,-1,-1,-3,-1,-1,NA,5,-1,NA,1,-1,-1,-1,-1,-1,-3,6,NA,6,1,0,1,1,NA
0.857046385760222,0.813808472890779,5,0.573572083525888,0,0,1,3158,402910,1,1,-1,-1,-3,1,-1,-1,1,-1,1,1,-1,-1,-1,-1,-1,-3,9,NA,9,2,0,2,2,2
NA,NA,70,0.356919011219427,70,NA,3,2631,401580,NA,5,-1,-1,-3,3,-1,NA,1,-1,NA,1,-1,-1,-1,-1,-1,-3,36,NA,36,2,0,2,2,NA
NA,NA,60,0.804665857188277,0,NA,4,4413,406123,NA,4,2,-1,-3,-1,-1,NA,5,-1,NA,1,-1,-1,-1,-1,-1,-3,36,NA,36,1,0,1,1,NA
0.90506941839045,0.876571540529329,30,1.22458960730349,30,0,99,4309,405827,99,99,3,-1,-3,-1,-1,-1,5,-1,1,1,-1,-1,-1,-1,-1,-3,25,NA,25,1,0,1,1,1
1.93940146292887,NA,4,4.72777879693531,60,-7,4,4114,405320,3,99,2,-1,-3,-1,-1,-1,5,-1,1,1,-1,-1,-1,-1,-1,-3,45,NA,45,2,0,2,2,2
NA,NA,17,0.706493848407376,40,NA,2,2605,401513,NA,6,-1,-1,-3,-1,-1,NA,5,-1,NA,1,-1,-1,-1,-1,-1,-3,42,NA,42,1,0,1,1,NA
NA,NA,15,0.210711289023944,0,NA,6,216,300549,NA,99,2,-1,-3,-1,2,NA,5,-1,NA,1,2,2,1,-3,-3,-3,37,NA,37,2,2,0,2,NA
0.414333188443445,0.390017633062595,40,0.374369641963487,50,50,6,3746,404426,6,5,-1,-1,-3,1,-1,-1,1,-1,1,1,-1,-1,-1,-1,-1,-3,37,NA,37,2,0,2,2,2
0.896165410167488,0.937654374272888,52,0.796227142226083,0,15,3,2048,400130,4,3,-1,-1,-3,3,-1,-1,1,-1,1,1,-1,-1,-1,-1,-1,-3,49,NA,55,2,0,2,2,2
0.474703271527434,0.433366628342879,30,0.355700896299523,30,1,2,2599,401496,3,3,-1,-1,-3,-1,-1,-1,5,-1,1,1,-1,-1,-1,-1,-1,-3,55,NA,55,2,0,2,2,2
0.35727878524713,0.384870891296169,0,0.638736195566019,50,70,4,2055,400143,99,99,3,4,-3,-1,-1,-1,5,-1,2,2,-1,-1,-1,-1,-1,-3,37,NA,37,1,0,1,1,1
NA,NA,0,0.446118456192934,60,NA,99,724,301759,NA,3,-1,-1,-3,-1,1,NA,5,-1,NA,3,1,2,2,-3,-3,-3,48,NA,48,2,2,0,2,NA
0.330537144812686,0.327639145249059,85,0.737626697787731,100,85,4,3658,404189,4,5,-1,-1,-3,3,-1,-1,1,-1,1,1,-1,-1,-1,-1,-1,-3,53,NA,53,1,0,1,1,1
1.92533316510608,1.83968387492074,0,2.02919324579887,0,0,5,92,300198,2,2,-1,-1,-3,1,2,-1,1,-1,2,3,2,2,1,-3,-3,-3,13,NA,13,1,1,0,1,1
2.90108106596394,2.7419721802442,0,0.583883024202608,0,0,1,3603,404042,1,2,-1,-1,-3,1,-1,-1,1,-1,6,5,-1,-1,-1,-1,-1,-3,51,NA,51,2,0,2,2,2
0.276042505582334,0.260363112561932,85,0.334410768683708,85,100,5,4843,407187,6,6,-1,-1,-3,3,-1,-1,1,-1,1,1,-1,-1,-1,-1,-1,-3,23,NA,23,1,0,1,1,1
1.48145112172593,1.49331916730103,3,1.13638869208756,0,0,2,4779,407011,2,2,-1,-1,-3,1,-1,-1,1,-1,1,1,-1,-1,-1,-1,-1,-3,10,NA,10,1,0,1,1,1
0.833843420206094,0.84490318793686,4,1.05325223307836,0,0,2,3149,402895,2,3,-1,-1,-3,1,-1,-1,1,-1,1,1,-1,-1,-1,-1,-1,-3,6,NA,6,1,0,1,1,1
4.30619479803321,4.70763732741947,12,3.09371103796284,40,50,3,2373,400960,99,99,3,-1,-3,-1,-1,-1,5,-1,1,6,-1,-1,-1,-1,-1,-3,39,NA,39,2,0,2,2,2
NA,NA,0,0.772084072243075,50,NA,4,2275,400699,NA,5,-1,-1,-3,-1,-1,NA,5,-5,NA,3,-1,-1,-1,-1,-1,-3,42,NA,42,1,0,1,1,NA
1.65145834813221,1.76180104310136,50,1.71960069969622,60,100,7,4775,407000,6,7,-1,-1,-3,3,-1,-1,1,-1,3,3,-1,-1,-1,-1,-1,-3,12,NA,12,2,0,2,2,2
NA,NA,51,1.70169417290042,0,NA,4,2381,400979,NA,4,1,-1,-3,-1,-1,NA,5,-1,NA,4,-1,-1,-1,-1,-1,-3,48,NA,48,1,0,1,1,NA
0.167020819320143,0.148584574528147,40,0.313003658086569,70,85,6,369,300921,6,4,2,-1,-3,1,2,-1,1,-1,1,1,2,1,2,-3,-3,-3,18,NA,18,2,2,0,2,2
0.444068115524329,0.472903498328993,100,0.343948008421595,100,100,6,5068,407743,6,6,-1,-1,-3,3,-1,-1,1,-1,1,1,-1,-1,-1,-1,-1,-3,8,NA,8,1,0,1,1,1
NA,NA,0,1.13209922362224,0,NA,99,3261,403187,NA,4,2,-1,-3,-1,-1,NA,5,-1,NA,3,-1,-1,-1,-1,-1,-3,42,NA,42,1,0,1,1,NA
0.347485320204267,0.34090189054915,0,0.432383352528073,-9,0,2,2965,402448,2,2,-1,-1,-3,1,-1,-1,1,-1,3,3,-1,-1,-1,-1,-1,-3,48,NA,48,2,0,2,2,2
0.622827834656114,0.595271751657118,0,0.658846042669446,0,0,1,3343,403401,1,1,-1,-1,-3,1,-1,-1,1,-1,1,1,-1,-1,-1,-1,-1,-3,22,NA,22,1,0,1,1,1
1.05579348423073,0.953976557199793,100,1.04419380384481,100,100,6,392,300991,4,4,2,-1,-3,3,2,-1,1,-1,1,1,2,1,2,-3,-3,-3,4,NA,4,1,1,0,1,1
0.383709174732622,0.3883702267098,85,0.667118824533726,70,100,99,2865,402190,3,4,3,-1,-3,-1,-1,-1,5,-1,1,1,-1,-1,-1,-1,-1,-3,25,NA,25,2,0,2,2,2
1.60957304488807,1.61248296021831,40,0.880074945880464,1,48,4,4029,405106,5,6,-1,-1,-3,3,-1,-1,1,-1,3,3,-1,-1,-1,-1,-1,-3,8,NA,8,2,0,2,2,2
0.681850864008432,0.671314320785525,0,0.939649735938406,0,0,2,3873,404760,1,3,-1,-1,-3,-1,-1,-1,5,-1,1,1,-1,-1,-1,-1,-1,-3,34,NA,34,2,0,2,2,2
1.87934740808167,NA,30,1.17605188234829,0,-6,2,3091,402759,4,3,-1,-1,-3,-1,-1,-1,5,-1,1,1,-1,-1,-1,-1,-1,-3,10,NA,36,1,0,1,1,1
0.431711283381751,0.450328356898234,51,0.349890593326815,70,60,5,3508,403824,4,5,-1,-1,-3,3,-1,-1,1,-1,1,1,-1,-1,-1,-1,-1,-3,39,NA,39,2,0,2,2,2
NA,NA,100,2.0150005389484,-7,NA,6,961,302333,NA,6,-1,-7,-3,3,2,NA,1,-7,NA,1,2,2,2,-3,-3,-3,17,NA,17,1,1,0,1,NA
NA,NA,40,0.367661902687341,100,NA,6,1052,302566,NA,4,1,-1,-3,-1,2,NA,5,-1,NA,1,2,2,2,-3,-3,-3,17,NA,17,1,1,0,1,NA
NA,NA,87,0.6798632050362,0,NA,4,3120,402829,NA,4,2,-1,-3,-1,-1,NA,5,-1,NA,1,-1,-1,-1,-1,-1,-3,17,NA,17,1,0,1,1,NA
NA,NA,2,0.64373550795184,-6,NA,4,4632,406672,NA,3,-1,-6,-3,1,-1,NA,1,-6,NA,1,-1,-1,-1,-1,-1,-3,37,NA,37,2,0,2,2,NA
1.05219865991724,1.01790828591087,0,1.8705175950975,0,0,2,3470,403716,3,2,-1,-1,-3,1,-1,-1,1,-1,3,3,-1,-1,-1,-1,-1,-3,6,NA,6,2,0,2,2,2
2.11672748293596,2.17047057239873,50,0.705643201539674,0,0,4,4756,406961,4,4,3,-1,-3,-1,-1,-1,5,-1,2,2,-1,-1,-1,-1,-1,-3,36,NA,36,1,0,1,1,1
NA,NA,60,1.83849491763924,-6,NA,5,445,301122,NA,5,-1,-6,-3,3,2,NA,1,-6,NA,1,2,1,2,-3,-3,-3,42,NA,25,3,3,0,3,NA
0.460992883028421,0.458965684065328,93,0.759660958013234,85,75,6,4383,406041,6,6,-1,-1,-3,-1,-1,-1,5,-1,1,1,-1,-1,-1,-1,-1,-3,45,NA,45,1,0,1,1,1
0.343224816125339,0.346342417769499,70,0.643063306405811,70,85,6,3516,403848,6,6,-1,-1,-3,3,-1,-1,1,-1,1,1,-1,-1,-1,-1,-1,-3,24,NA,24,2,0,2,2,2
0.51205205900432,0.534001577184081,2,0.589121550496135,0,0,2,4746,406948,2,2,-1,-1,-3,1,-1,-1,1,-1,1,1,-1,-1,-1,-1,-1,-3,36,NA,36,2,0,2,2,2
NA,NA,85,1.0114788566725,100,NA,5,4958,407496,NA,99,2,-1,-3,-1,-1,NA,5,-1,NA,1,-1,-1,-1,-1,-1,-3,47,NA,47,2,0,2,2,NA
NA,NA,86,1.34048933184762,100,NA,6,4980,407549,NA,6,-1,-1,-3,-1,-1,NA,5,-1,NA,5,-1,-1,-1,-1,-1,-3,6,NA,6,1,0,1,1,NA
0.801465842841336,0.853871005260651,9,0.545273437664216,0,0,2,4919,407382,2,3,-1,-1,-3,1,-1,-1,1,-1,1,1,-1,-1,-1,-1,-1,-3,18,NA,17,2,0,2,2,2
1.09831421413532,1.1990572302674,60,0.75268818415212,85,60,4,4344,405931,4,4,3,-1,-3,1,-1,-1,1,-1,6,6,-1,-1,-1,-1,-1,-3,54,NA,54,1,0,1,1,1
2.61498007917206,2.68086502290677,0,2.92351235837449,0,50,99,4955,407484,99,1,-1,-1,-3,-1,-1,-1,5,-1,1,1,-1,-1,-1,-1,-1,-3,9,NA,9,2,0,2,2,2
NA,NA,7,0.955134502586825,60,NA,99,4375,406016,NA,4,3,-1,-3,-1,-1,NA,5,-1,NA,1,-1,-1,-1,-1,-1,-3,25,NA,25,2,0,2,2,NA
NA,NA,70,1.88369713423525,100,NA,7,532,301317,NA,5,-1,-1,-3,3,2,NA,1,-1,NA,1,1,2,2,-3,-3,-3,6,NA,6,2,2,0,2,NA
0.81135758025787,0.814884648502456,17,0.73116407250837,15,15,4,2166,400424,4,99,3,-1,-3,-1,-1,-1,5,-1,1,1,-1,-1,-1,-1,-1,-3,6,NA,6,2,0,2,2,2
0.9534197331265,0.938511841228891,65,0.780752749960755,-9,85,6,4283,405760,99,5,-1,-1,-3,3,-1,-1,1,-1,1,1,-1,-1,-1,-1,-1,-3,19,NA,19,2,0,2,2,2
0.520035333586787,0.492415024845061,70,0.654521026419034,90,85,5,1056,302576,6,99,3,-1,-3,-1,1,-1,5,-1,1,1,2,1,2,-3,-3,-3,17,NA,17,2,2,0,2,2
0.713505816757913,0.674142502723323,15,0.950808844848473,0,0,3,3717,404343,3,3,-1,-1,-3,-1,-1,-1,5,-1,1,1,-1,-1,-1,-1,-1,-3,6,NA,6,1,0,1,1,1
0.281145988364791,0.302727732793138,60,0.554403405896374,70,70,5,4341,405922,6,5,-1,-1,-3,-1,-1,-1,5,-1,1,1,-1,-1,-1,-1,-1,-3,54,NA,54,2,0,2,2,2
2.04197647705387,2.02773698989666,70,1.93577504200266,35,50,5,3411,403554,4,6,-1,-1,-3,3,-1,-1,1,-1,1,1,-1,-1,-1,-1,-1,-3,40,NA,40,2,0,2,2,2
0.742433887578472,0.691123339073098,15,0.756139440186761,60,70,5,3241,403138,5,3,-1,-1,-3,-1,-1,-1,5,-1,1,1,-1,-1,-1,-1,-1,-3,12,NA,36,2,0,2,2,2
NA,NA,85,0.468429590893248,100,NA,6,4701,406837,NA,6,-1,-1,-3,-1,-1,NA,5,-1,NA,1,-1,-1,-1,-1,-1,-3,21,NA,21,1,0,1,1,NA
0.324434323593003,0.292536849300598,-9,0.585428380500003,0,0,4,4494,406320,4,4,3,-1,-3,1,-1,-1,1,-1,1,1,-1,-1,-1,-1,-1,-3,42,NA,42,2,0,2,2,2
NA,NA,15,2.00070905256238,-6,NA,3,3710,404330,NA,4,3,-6,-3,3,-1,NA,1,-6,NA,1,-1,-1,-1,-1,-1,-3,37,NA,37,2,0,2,2,NA
0.200561802454629,0.198998235864939,0,0.469788069910599,30,60,4,4030,405109,4,3,-1,-1,-3,1,-1,-1,1,-1,2,2,-1,-1,-1,-1,-1,-3,28,NA,28,1,0,1,1,1
0.232486699153045,0.237173920914116,100,0.592348533271832,100,100,7,277,300696,7,6,-1,-1,-3,3,2,-1,1,-1,1,1,2,2,2,-3,-3,-3,48,NA,48,1,1,0,1,1
NA,NA,0,0.871844819824032,0,NA,2,2991,402526,NA,2,-1,-1,-3,1,-1,NA,1,-1,NA,6,-1,-1,-1,-1,-1,-3,6,NA,6,2,0,2,2,NA
NA,NA,15,0.484193070754545,-6,NA,5,133,300282,NA,99,3,-6,-3,-1,2,NA,5,-6,NA,1,2,1,2,-3,-3,-3,17,NA,17,1,1,0,1,NA
0.608449934368489,0.616605824336658,1,0.672740563978127,15,0,2,4998,407589,3,4,3,-1,-3,1,-1,-1,1,-1,1,1,-1,-1,-1,-1,-1,-3,32,NA,32,1,0,1,1,1
NA,NA,42,0.787655226119258,-5,NA,6,4510,406354,NA,6,-1,-1,-3,3,-1,NA,1,-5,NA,1,-1,-1,-1,-1,-1,-3,24,NA,51,2,0,2,2,NA
0.182987416780437,0.178895332327738,70,0.684119158249189,0,40,4,603,301462,4,99,2,-1,-3,3,1,-1,1,-1,3,3,2,1,2,-3,-3,-3,5,NA,5,1,1,0,1,1
0.59740931920557,0.557623654272848,80,0.667102414851338,70,85,7,3679,404250,6,7,-1,-1,-3,7,-1,-1,1,-1,1,1,-1,-1,-1,-1,-1,-3,24,NA,13,2,0,2,2,2
NA,NA,20,1.73865891838363,0,NA,1,2625,401570,NA,3,-1,-1,-3,1,-1,NA,1,-1,NA,3,-1,-1,-1,-1,-1,-3,6,NA,6,2,0,2,2,NA
1.63953565680526,1.800498299428,60,1.94497175294082,30,40,3,949,302290,5,5,-1,-1,-3,-1,2,-1,5,-1,1,1,2,2,1,-3,-3,-3,17,NA,17,2,2,0,2,2
0.332619644104456,0.348052668216472,3,0.843002413953049,0,100,2,5082,407782,2,2,-1,-1,-3,3,-1,-1,1,-1,2,2,-1,-1,-1,-1,-1,-3,13,NA,13,2,0,2,2,2
NA,NA,70,0.938758613508361,85,NA,4,3559,403942,NA,99,2,2,-3,-1,-1,NA,5,-1,NA,1,-1,-1,-1,-1,-1,-3,36,NA,36,2,0,2,2,NA
0.444565404799694,0.478631867335818,71,0.757254711810621,75,85,6,4770,406993,6,6,-1,-1,-3,3,-1,-1,1,-1,1,1,-1,-1,-1,-1,-1,-3,12,NA,12,1,0,1,1,1
3.93221424641119,3.86496985126545,0,3.76367566418816,0,0,2,802,301941,2,2,-1,-1,-3,1,2,-1,1,-1,2,2,2,1,2,-3,-3,-3,9,NA,9,2,2,0,2,2
1.88024791804523,1.80744185299109,0,1.89960163136652,0,0,99,334,300827,99,6,-1,-1,-3,1,2,-1,1,-1,2,2,2,2,1,-3,-3,-3,45,NA,45,2,2,0,2,2
0.624613543269562,0.63467344915812,70,0.714970144893093,80,85,5,2279,400706,5,5,-1,-1,-3,-1,-1,-1,-9,-1,-9,5,-1,-1,-1,-1,-1,-3,56,NA,56,2,0,2,2,2
0.35009615648552,0.348026929489418,3,0.882612802055499,40,40,99,3372,403464,99,4,3,-1,-3,1,-1,-1,1,-1,3,3,-1,-1,-1,-1,-1,-3,48,NA,48,2,0,2,2,2
0.489491755938233,NA,0,0.315201187262836,0,-6,2,2434,401095,1,3,-1,-1,-3,1,-1,-1,1,-1,1,1,-1,-1,-1,-1,-1,-3,17,NA,17,1,0,1,1,1
NA,NA,50,1.80015327834237,0,NA,4,425,301073,NA,4,1,-1,-3,1,2,NA,1,-1,NA,1,2,1,2,-3,-3,-3,34,NA,34,2,2,0,2,NA
0.636245073840687,0.64404636201618,61,0.604983077129835,30,40,6,3656,404182,6,6,-1,-1,-3,-1,-1,-1,5,-1,6,6,-1,-1,-1,-1,-1,-3,13,NA,13,2,0,2,2,2
0.739790854694985,0.639065158316945,62,0.560652724970265,0,85,4,3536,403896,99,4,3,-1,-3,-1,-1,-1,5,-1,4,4,-1,-1,-1,-1,-1,-3,51,NA,51,2,0,2,2,2
0.656168393762103,0.621125876155231,17,0.361941083260431,50,70,4,4034,405131,4,4,1,-1,-3,-1,-1,-1,5,-1,4,4,-1,-1,-1,-1,-1,-3,53,NA,53,1,0,1,1,1
0.288613507504809,0.31077930810276,60,0.614226142527511,50,85,1,791,301909,99,5,-1,-1,-3,-1,2,-1,5,-1,2,2,2,2,1,-3,-3,-3,17,NA,17,1,1,0,1,1
0.554664527302233,0.522306800050605,2,1.49352115616087,0,0,4,2356,400926,99,4,2,-1,-3,1,-1,-1,1,-1,3,3,-1,-1,-1,-1,-1,-3,48,NA,48,2,0,2,2,2
0.766754966789563,0.821374629203493,0,0.446855384574062,0,0,4,2730,401833,99,4,1,-1,-3,1,-1,-1,1,-1,6,2,-1,-1,-1,-1,-1,-3,44,NA,44,1,0,1,1,1
0.299048957931515,0.317871215784107,85,0.544725433599677,100,100,99,4815,407122,5,5,-1,-1,-3,3,-1,-1,1,-1,1,1,-1,-1,-1,-1,-1,-3,13,NA,13,2,0,2,2,2
0.228462164558255,0.253421369979906,85,0.450320437881519,100,95,6,929,302236,6,6,-1,-1,-3,3,2,-1,1,-1,1,1,2,1,2,-3,-3,-3,53,NA,53,1,1,0,1,1
0.341706699645053,NA,70,0.676713252254606,100,-6,6,48,300111,6,99,3,-1,-3,3,2,-1,1,-1,1,1,2,1,2,-3,-3,-3,37,NA,37,1,1,0,1,1
0.531597015083389,0.55427065049453,16,0.806523205740983,5,0,3,2868,402195,3,3,-1,-1,-3,1,-1,-1,1,-1,1,1,-1,-1,-1,-1,-1,-3,25,NA,25,1,0,1,1,1
0.816468642708498,0.831365624489275,70,0.659490356153811,85,100,6,3218,403083,6,6,-1,-1,-3,-1,-1,-1,5,-1,1,1,-1,-1,-1,-1,-1,-3,48,NA,48,1,0,1,1,1
0.231369523339685,NA,1,0.309145715170387,0,-6,2,4861,407218,1,2,-1,-1,-3,1,-1,-1,1,-1,1,1,-1,-1,-1,-1,-1,-3,27,NA,27,2,0,2,2,2
4.99999998289759,5.00000000943276,0,1.85448353486332,0,50,4,165,300377,99,99,2,-1,-3,1,2,-1,1,-1,2,2,2,2,1,-3,-3,-3,37,NA,37,2,2,0,2,2
4.99999998289759,5.00000000943276,60,2.4303997937609,70,100,4,4151,405422,99,4,3,-1,-3,-1,-1,-1,5,-1,1,1,-1,-1,-1,-1,-1,-3,8,NA,8,2,0,2,2,2
NA,NA,50,0.34309640225526,50,NA,3,858,302070,NA,99,2,-1,-3,-1,1,NA,5,-1,NA,5,2,1,2,-3,-3,-3,27,NA,27,2,2,0,2,NA
0.712692835227504,0.724096645765999,70,1.09197954872409,60,60,99,2767,401920,4,3,-1,-1,-3,3,-1,-1,1,-1,1,1,-1,-1,-1,-1,-1,-3,48,NA,48,2,0,2,2,2
1.31849414696443,1.23164557283492,52,0.786784117330813,15,0,4,4535,406410,99,4,3,-1,-3,-1,-1,-1,5,-1,1,1,-1,-1,-1,-1,-1,-3,55,NA,55,2,0,2,2,2
NA,NA,3,0.527091180872849,0,NA,2,2026,400075,NA,4,1,-1,-3,1,-1,NA,1,-1,NA,2,-1,-1,-1,-1,-1,-3,47,NA,47,1,0,1,1,NA
1.13417803153156,1.03445524529582,10,2.24253105115359,0,15,1,2975,402488,2,3,-1,-1,-3,1,-1,-1,1,-1,1,1,-1,-1,-1,-1,-1,-3,21,NA,21,2,0,2,2,2
NA,NA,0,1.77570933061645,0,NA,3,4885,407282,NA,3,-1,-1,-3,-1,-1,NA,5,-5,NA,3,-1,-1,-1,-1,-1,-3,6,NA,6,2,0,2,2,NA
0.483978873809499,0.450332278302114,40,0.73020268745266,60,15,6,2243,400618,6,5,-1,-1,-3,-1,-1,-1,5,-1,1,1,-1,-1,-1,-1,-1,-3,54,NA,54,2,0,2,2,2
0.39588855639501,0.388939520042701,61,0.412529195873248,0,50,4,2725,401824,5,4,3,-1,-3,1,-1,-1,1,-1,1,1,-1,-1,-1,-1,-1,-3,9,NA,9,2,0,2,2,2
0.583216767954569,0.542898558636924,60,0.930063912075388,0,0,4,2418,401059,4,4,3,-1,-3,-1,-1,-1,5,-5,1,1,-1,-1,-1,-1,-1,-3,47,NA,47,1,0,1,1,1
0.900318455964639,0.872138056975548,28,0.705853187549921,15,10,3,4629,406663,3,3,-1,-1,-3,1,-1,-1,1,-1,1,-9,-1,-1,-1,-1,-1,-3,17,NA,17,1,0,1,1,1
0.849135591564807,0.810837094633487,70,0.84807846869771,70,90,6,2840,402136,6,6,-1,-1,-3,3,-1,-1,1,-1,1,1,-1,-1,-1,-1,-1,-3,39,NA,53,2,0,2,2,2
NA,NA,100,1.08311231395362,100,NA,6,2094,400251,NA,6,-1,-1,-3,3,-1,NA,1,-1,NA,1,-1,-1,-1,-1,-1,-3,42,NA,42,1,0,1,1,NA
0.601399113018175,0.608611466191755,4,0.405129220678791,0,0,2,2788,401978,1,1,-1,-1,-3,1,-1,-1,1,-1,2,1,-1,-1,-1,-1,-1,-3,24,NA,11,2,0,2,2,2
0.930140776289717,1.07220968802527,12,1.39533592694258,0,0,2,2551,401387,3,4,3,-1,-3,1,-1,-1,1,-1,1,1,-1,-1,-1,-1,-1,-3,34,NA,34,1,0,1,1,1
0.142491802681888,0.127997339952476,100,0.365889823826361,100,100,7,4318,405852,7,7,-1,-1,-3,3,-1,-1,1,-1,1,1,-1,-1,-1,-1,-1,-3,9,NA,9,2,0,2,2,2
NA,NA,0,0.706363038624164,0,NA,3,4312,405833,NA,99,1,4,-3,-1,-1,NA,5,-1,NA,6,-1,-1,-1,-1,-1,-3,42,NA,42,1,0,1,1,NA
1.17338347900913,1.19242273785541,60,2.43502026888002,15,0,4,871,302101,3,5,-1,-1,-3,3,2,-1,1,-1,1,1,2,2,1,-3,-3,-3,18,NA,18,2,2,0,2,2
0.235894974186306,0.219041279056017,85,0.438689383715345,70,90,6,2726,401828,6,6,-1,-1,-3,3,-1,-1,1,-1,1,6,-1,-1,-1,-1,-1,-3,36,NA,8,2,0,2,2,2
0.397040130121072,0.363657685475639,41,0.373632801272676,40,30,3,2271,400691,4,4,3,-1,-3,1,-1,-1,1,-1,2,2,-1,-1,-1,-1,-1,-3,45,NA,45,1,0,1,1,1
NA,NA,70,0.454400719719487,50,NA,99,751,301811,NA,99,1,-1,-3,-1,1,NA,5,-1,NA,1,2,1,2,-3,-3,-3,6,NA,17,2,2,0,2,NA
0.865232444174392,0.851382987566756,0,0.978722356648262,0,0,3,3473,403725,2,2,-1,-1,-3,1,-1,-1,1,-1,1,1,-1,-1,-1,-1,-1,-3,4,NA,4,1,0,1,1,1
0.411356586252789,0.387270721584182,15,0.282098304092153,0,0,4,4280,405752,4,4,3,-1,-3,-1,-1,-1,5,-1,1,1,-1,-1,-1,-1,-1,-3,27,NA,27,2,0,2,2,2
0.242151504518291,0.237058337132207,100,0.45360942857408,85,85,6,2904,402296,5,4,3,-1,-3,-1,-1,-1,5,-1,1,1,-1,-1,-1,-1,-1,-3,6,NA,6,2,0,2,2,2
0.193385655381338,0.179195702372652,0,0.383024044953746,0,10,99,2859,402173,2,4,3,-1,-3,1,-1,-1,1,-1,3,3,-1,-1,-1,-1,-1,-3,8,NA,48,1,0,1,1,1
0.223682307903887,0.238179244318894,0,0.322376331658694,15,15,4,4674,406771,99,99,3,-1,-3,1,-1,-1,1,-1,3,3,-1,-1,-1,-1,-1,-3,39,NA,39,1,0,1,1,1
NA,NA,70,1.49625904407742,50,NA,1,2029,400086,NA,99,1,-1,-3,-1,-1,NA,5,-1,NA,1,-1,-1,-1,-1,-1,-3,32,NA,6,2,0,2,2,NA
0.271687451987883,0.274925148376343,-9,0.668833824083962,85,70,6,3040,402637,5,6,-1,-1,-3,3,-1,-1,1,-1,1,1,-1,-1,-1,-1,-1,-3,18,NA,18,1,0,1,1,1
3.47288473412645,3.91592602262492,75,1.75001794213757,55,60,4,4988,407565,5,4,3,-1,-3,-1,-1,-1,5,-1,6,6,-1,-1,-1,-1,-1,-3,41,NA,41,1,0,1,1,1
1.15535562403632,1.21603064301357,50,0.907134614038908,50,50,99,616,301495,99,99,-8,-1,-3,-1,1,-1,5,-1,1,1,2,2,2,-3,-3,-3,17,NA,17,1,1,0,1,1
0.690711248929719,0.689247820518289,85,0.60159517697249,70,100,99,4968,407528,99,4,3,-1,-3,3,-1,-1,1,-1,4,4,-1,-1,-1,-1,-1,-3,34,NA,34,2,0,2,2,2
1.22984364065677,1.24597615094886,0,0.808432445302457,0,0,2,2097,400262,2,2,-1,-1,-3,1,-1,-1,1,-1,1,1,-1,-1,-1,-1,-1,-3,15,NA,15,2,0,2,2,2
1.01519715790455,0.926099181403352,0,0.695336010056003,0,0,2,2254,400654,2,4,3,-1,-3,1,-1,-1,1,-1,1,1,-1,-1,-1,-1,-1,-3,6,NA,6,2,0,2,2,2
NA,NA,0,0.62276866715801,0,NA,4,3341,403396,NA,3,-1,-1,-3,1,-1,NA,1,-1,NA,1,-1,-1,-1,-1,-1,-3,55,NA,55,2,0,2,2,NA
0.714320446926986,0.710570897386701,1,0.66711155760884,0,0,1,3905,404824,1,1,-1,-1,-3,1,-1,-1,1,-1,1,1,-1,-1,-1,-1,-1,-3,22,NA,22,2,0,2,2,2
0.776214827356257,0.768229019211069,1,0.809137303231515,0,0,2,3517,403851,2,2,-1,-1,-3,-1,-1,-1,5,-1,3,3,-1,-1,-1,-1,-1,-3,12,NA,4,1,0,1,1,1
0.200240443269418,0.191263246618645,85,0.454631845832512,85,85,5,4408,406110,5,5,-1,-1,-3,3,-1,-1,1,-1,1,1,-1,-1,-1,-1,-1,-3,41,NA,41,2,0,2,2,2
0.505448522654496,0.478133746540046,42,0.687863947505332,10,5,2,4339,405917,2,2,-1,-1,-3,-1,-1,-1,5,-1,1,1,-1,-1,-1,-1,-1,-3,13,NA,13,1,0,1,1,1
0.308782196728983,0.297584252717508,100,0.353718989889732,100,100,6,4692,406814,6,6,-1,-1,-3,3,-1,-1,1,-1,1,1,-1,-1,-1,-1,-1,-3,4,NA,4,2,0,2,2,2
NA,NA,-9,0.887101455249313,0,NA,4,3599,404032,NA,99,2,-1,-3,-1,-1,NA,5,-1,NA,1,-1,-1,-1,-1,-1,-3,42,NA,42,2,0,2,2,NA
0.87059965773088,0.775175651660386,100,1.36403857772166,100,85,7,3314,403336,7,7,-1,-1,-3,3,-1,-1,1,-1,1,1,-1,-1,-1,-1,-1,-3,23,NA,23,2,0,2,2,2
0.579223032085086,0.591177810549786,95,0.885357066604627,100,90,7,3901,404818,7,7,-1,-1,-3,7,-1,-1,1,-1,1,1,-1,-1,-1,-1,-1,-3,6,NA,6,2,0,2,2,2
3.69923598370576,3.44562693129072,85,1.90331051157058,100,100,6,130,300278,5,5,-1,-1,-3,-1,2,-1,5,-1,3,3,2,2,2,-3,-3,-3,6,NA,6,2,2,0,2,2
0.373077110345372,0.428252830046401,0,0.464507127527095,0,0,2,4921,407387,1,2,-1,-1,-3,1,-1,-1,1,-1,1,1,-1,-1,-1,-1,-1,-3,48,NA,48,1,0,1,1,1
0.528952036122978,0.597497149227016,1,0.629441053234572,30,50,4,4330,405888,2,1,-1,-1,-3,1,-1,-1,1,-1,1,1,-1,-1,-1,-1,-1,-3,27,NA,27,2,0,2,2,2
NA,NA,31,0.571698797574502,0,NA,4,4945,407450,NA,4,3,-1,-3,1,-1,NA,1,-1,NA,1,-1,-1,-1,-1,-1,-3,27,NA,27,2,0,2,2,NA
0.230305595216064,0.223734935128855,30,0.309481028320447,0,0,3,410,301034,2,2,-1,-1,-3,1,2,-1,1,-1,1,1,2,1,2,-3,-3,-3,34,NA,34,1,1,0,1,1
0.460148502661376,0.430446032835087,60,0.83245718049379,60,40,4,843,302032,4,4,2,-1,-3,-1,2,-1,5,-1,1,1,2,1,2,-3,-3,-3,24,NA,24,1,1,0,1,1
NA,NA,70,0.870259279502905,85,NA,4,159,300361,NA,5,-1,-1,-3,3,1,NA,1,-1,NA,1,2,2,1,-3,-3,-3,28,NA,28,1,1,0,1,NA
0.953154362696245,1.00750280985368,95,1.20921799744514,100,90,6,4579,406544,6,6,-1,-1,-3,3,-1,-1,1,-1,1,1,-1,-1,-1,-1,-1,-3,30,NA,30,2,0,2,2,2
0.734614438993317,0.729173159975714,3,0.737521282929341,0,0,1,2286,400728,1,-9,1,-1,-3,1,-1,-1,1,-1,1,1,-1,-1,-1,-1,-1,-3,12,NA,12,2,0,2,2,2
0.572205954811755,0.573103044432787,100,1.4053551649286,100,100,6,3180,402967,7,6,-1,-1,-3,3,-1,-1,1,-1,1,1,-1,-1,-1,-1,-1,-3,39,NA,39,1,0,1,1,1
NA,NA,15,0.378921094514211,0,NA,3,1066,302595,NA,4,2,-1,-3,1,2,NA,1,-1,NA,1,2,2,2,-3,-3,-3,17,NA,17,1,1,0,1,NA
NA,NA,0,0.391346341974765,50,NA,4,2480,401210,NA,99,3,-1,-3,-1,-1,NA,5,-1,NA,5,-1,-1,-1,-1,-1,-3,13,NA,13,2,0,2,2,NA
1.28000528302838,1.27928824276367,30,1.42289678175798,0,0,5,3255,403174,3,3,-1,-1,-3,-1,-1,-1,5,-1,1,1,-1,-1,-1,-1,-1,-3,46,NA,46,2,0,2,2,2
0.591622485068256,0.680198720312691,85,0.736559005652093,100,70,99,2423,401072,5,5,-1,-1,-3,3,-1,-1,1,-1,1,1,-1,-1,-1,-1,-1,-3,34,NA,34,2,0,2,2,2
0.370491014126298,0.354626779251084,0,0.421628916583331,0,0,4,3208,403041,3,2,-1,-1,-3,1,-1,-1,1,-1,1,1,-1,-1,-1,-1,-1,-3,36,NA,36,1,0,1,1,1
4.99999998289759,5.00000000943276,99,1.37923466668577,100,100,7,2329,400846,6,7,-1,-1,-3,-1,-1,-1,5,-1,4,5,-1,-1,-1,-1,-1,-3,12,NA,12,2,0,2,2,2
0.930262681009622,0.862839198413373,100,0.882151944085649,100,30,7,1154,302815,7,4,2,-1,-3,3,2,-1,1,-1,1,1,2,2,1,-3,-3,-3,22,NA,22,2,2,0,2,2
0.210208865883075,0.192398491307234,30,0.335148243085308,0,0,2,2754,401895,2,3,-1,-1,-3,1,-1,-1,1,-1,1,1,-1,-1,-1,-1,-1,-3,50,NA,44,1,0,1,1,1
NA,NA,0,0.29792928343201,-6,NA,3,4174,405472,NA,4,3,-6,-3,1,-1,NA,1,-6,NA,1,-1,-1,-1,-1,-1,-3,17,NA,17,2,0,2,2,NA
4.15977463890359,3.77541449410248,0,1.57204133274915,0,0,4,2992,402529,3,3,-1,-1,-3,-1,-1,-1,5,-1,1,1,-1,-1,-1,-1,-1,-3,8,NA,8,1,0,1,1,1
NA,NA,100,0.48004632719912,100,NA,6,3883,404782,NA,5,-1,-1,-3,3,-1,NA,1,-1,NA,3,-1,-1,-1,-1,-1,-3,12,NA,12,2,0,2,2,NA
0.416942185040915,NA,70,0.431403048304695,0,-6,4,2054,400136,5,5,-1,-1,-3,-1,-1,-1,5,-1,1,1,-1,-1,-1,-1,-1,-3,12,NA,8,2,0,2,2,2
0.403381905500292,0.39744975814924,4,0.71233615237061,0,0,3,5010,407620,1,2,-1,-1,-3,1,-1,-1,1,-1,1,1,-1,-1,-1,-1,-1,-3,55,NA,55,2,0,2,2,2
NA,NA,70,0.56112508084311,-6,NA,6,378,300937,NA,5,-1,-6,-3,3,2,NA,1,-6,NA,1,2,2,1,-3,-3,-3,6,NA,6,1,1,0,1,NA
NA,NA,0,0.33050871649437,0,NA,99,333,300821,NA,99,2,-1,-3,1,1,NA,1,-1,NA,3,1,2,2,-3,-3,-3,48,NA,48,2,2,0,2,NA
0.970395939718823,0.936461242022282,50,0.427897687056531,30,70,3,610,301481,4,2,-1,-1,-3,3,2,-1,1,-1,3,3,1,2,2,-3,-3,-3,6,NA,6,1,1,0,1,1
4.17605220950167,4.92694924201387,49,1.75389418542777,0,70,1,4874,407250,4,5,-1,-1,-3,1,-1,-1,1,-1,2,2,-1,-1,-1,-1,-1,-3,36,NA,36,2,0,2,2,2
NA,NA,60,1.06506491642682,30,NA,4,204,300517,NA,6,-1,-1,-3,3,2,NA,1,-1,NA,1,2,2,1,-3,-3,-3,13,NA,13,1,1,0,1,NA
0.57919651345821,0.593380740258383,40,1.0179603664271,50,0,99,4789,407041,99,99,2,-1,-3,-1,-1,-1,5,-1,1,1,-1,-1,-1,-1,-1,-3,42,NA,42,1,0,1,1,1
0.221715350402232,0.206615060470798,0,0.50151469980714,0,0,2,3332,403383,2,2,-1,-1,-3,1,-1,-1,1,-1,1,1,-1,-1,-1,-1,-1,-3,25,NA,25,1,0,1,1,1
NA,NA,0,0.65972395093602,0,NA,4,665,301611,NA,4,1,-1,-3,7,2,NA,1,-1,NA,6,2,1,2,-3,-3,-3,35,NA,35,2,2,0,2,NA
NA,NA,1,1.89688702979491,0,NA,99,3763,404469,NA,4,1,-1,-3,-1,-1,NA,5,-1,NA,1,-1,-1,-1,-1,-1,-3,6,NA,6,1,0,1,1,NA
2.23817938709829,2.40626882563388,1,1.31186476160127,40,40,4,2263,400677,4,3,-1,-1,-3,-1,-1,-1,5,-1,1,1,-1,-1,-1,-1,-1,-3,48,NA,48,1,0,1,1,1
0.807865041817026,0.798367997309937,95,0.782035965911716,85,90,6,4883,407275,6,5,-1,-1,-3,3,-1,-1,1,-1,1,1,-1,-1,-1,-1,-1,-3,48,NA,48,1,0,1,1,1
0.28204987899027,0.278834377573812,60,0.603751889044775,0,85,6,2460,401155,5,4,3,-1,-3,3,-1,-1,1,-1,1,1,-1,-1,-1,-1,-1,-3,17,NA,17,1,0,1,1,1
0.948331794225528,0.866689726139893,0,0.876573786495725,0,15,4,2255,400657,4,2,-1,-1,-3,1,-1,-1,1,-1,1,1,-1,-1,-1,-1,-1,-3,6,NA,53,1,0,1,1,1
0.98136530286846,0.957151571839742,72,1.65953100899362,85,70,5,3344,403402,5,5,-1,-1,-3,-1,-1,-1,5,-1,3,1,-1,-1,-1,-1,-1,-3,4,NA,4,2,0,2,2,2
2.32793896721323,2.09019660845992,0,0.685004217804064,0,0,2,890,302138,2,2,-1,-1,-3,1,2,-1,1,-1,1,1,1,2,2,-3,-3,-3,6,NA,6,2,2,0,2,2
0.297278465528582,0.290679710058908,100,0.408159091170094,85,85,7,4997,407586,7,6,-1,-1,-3,3,-1,-1,1,-1,1,1,-1,-1,-1,-1,-1,-3,1,NA,1,2,0,2,2,2
NA,NA,45,0.864998393514873,-6,NA,4,4049,405163,NA,99,3,-6,-3,-1,-1,NA,5,-6,NA,1,-1,-1,-1,-1,-1,-3,55,NA,55,1,0,1,1,NA
3.5505460046991,3.24587862627958,100,4.56433649868386,100,79,5,2510,401278,5,7,-1,-1,-3,3,-1,-1,1,-1,3,3,-1,-1,-1,-1,-1,-3,48,NA,48,2,0,2,2,2
0.595341453554235,0.552156242626872,0,0.550448374902155,0,0,4,4895,407314,4,4,3,-1,-3,1,-1,-1,1,-1,1,1,-1,-1,-1,-1,-1,-3,17,NA,17,2,0,2,2,2
1.19404660158084,NA,100,0.725105191926265,100,-6,6,2543,401369,6,6,-1,-1,-3,3,-1,-1,1,-1,2,2,-1,-1,-1,-1,-1,-3,47,NA,47,1,0,1,1,1
NA,NA,99,0.907268872199457,85,NA,6,3381,403484,NA,6,-1,-1,-3,3,-1,NA,1,-1,NA,1,-1,-1,-1,-1,-1,-3,18,NA,18,2,0,2,2,NA
0.945618510191617,0.981345553121874,100,1.10634348625004,85,100,6,2962,402437,6,6,-1,-1,-3,3,-1,-1,1,-1,1,1,-1,-1,-1,-1,-1,-3,6,NA,6,1,0,1,1,1
1.30344006663089,1.21000446121482,60,2.48528567819854,40,100,7,2242,400614,99,99,3,-1,-3,1,-1,-1,1,-1,3,3,-1,-1,-1,-1,-1,-3,34,NA,34,2,0,2,2,2
NA,NA,0,0.714321150497533,0,NA,3,667,301617,NA,4,1,-1,-3,1,1,NA,1,-1,NA,1,2,1,2,-3,-3,-3,51,NA,51,1,1,0,1,NA
2.26146627651656,2.34839699737564,0,0.766094915576739,15,30,4,3920,404867,99,99,2,-1,-3,1,-1,-1,1,-1,4,6,-1,-1,-1,-1,-1,-3,36,NA,36,1,0,1,1,1
NA,NA,0,1.63545404239753,-6,NA,2,813,301959,NA,1,-1,-6,-3,1,2,NA,1,-6,NA,1,2,1,2,-3,-3,-3,8,NA,8,1,1,0,1,NA
NA,NA,85,0.297621145886189,-6,NA,6,177,300408,NA,7,-1,-6,-3,3,1,NA,1,-6,NA,1,2,2,1,-3,-3,-3,28,NA,28,1,1,0,1,NA
0.420434795776242,0.391458086547632,30,0.551769276101357,15,25,6,3973,404984,5,6,-1,-1,-3,3,-1,-1,1,-1,1,1,-1,-1,-1,-1,-1,-3,34,NA,34,2,0,2,2,2
0.367251954260114,0.363107666198799,100,0.777915752556247,100,85,6,4778,407010,6,6,-1,-1,-3,3,-1,-1,1,-1,1,1,-1,-1,-1,-1,-1,-3,37,NA,37,2,0,2,2,2
NA,NA,85,0.898444868553995,100,NA,6,160,300363,NA,6,-1,-1,-3,3,2,NA,1,-1,NA,3,2,1,2,-3,-3,-3,25,NA,25,1,1,0,1,NA
2.78044235112805,2.4528916454775,0,2.27632110248191,15,30,4,2396,401011,5,4,3,-1,-3,1,-1,-1,1,-1,3,3,-1,-1,-1,-1,-1,-3,6,NA,6,1,0,1,1,1
2.06383624049468,2.18180324890521,0,1.18651442690937,15,85,5,3143,402876,4,4,1,-1,-3,-1,-1,-1,5,-1,1,1,-1,-1,-1,-1,-1,-3,17,NA,17,2,0,2,2,2
0.936773179695188,0.861449195408451,31,0.753343360541403,0,0,4,3147,402884,2,3,-1,-1,-3,1,-1,-1,1,-1,1,1,-1,-1,-1,-1,-1,-3,49,NA,49,2,0,2,2,2
0.589954649984081,0.554583842473092,0,0.619858416581115,0,0,2,3377,403478,2,3,-1,-1,-3,-1,-1,-1,5,-1,1,1,-1,-1,-1,-1,-1,-3,4,NA,4,2,0,2,2,2
0.835590191413469,0.776880841351502,46,0.453728022602457,40,40,3,4631,406665,3,3,-1,-1,-3,1,-1,-1,1,-1,4,4,-1,-1,-1,-1,-1,-3,6,NA,6,1,0,1,1,1
1.31964597336294,1.40754031843038,91,1.76025442444231,85,97,7,2037,400102,99,4,3,-1,-3,-1,-1,-1,5,-1,1,1,-1,-1,-1,-1,-1,-3,21,NA,21,2,0,2,2,2
0.42611711903162,0.414210525730013,71,0.340189723429114,85,80,99,4289,405781,6,99,2,-1,-3,3,-1,-1,1,-1,1,1,-1,-1,-1,-1,-1,-3,18,NA,18,1,0,1,1,1
0.586751796187894,0.562135425092204,71,0.616556163413241,85,80,5,3798,404573,5,99,3,-1,-3,3,-1,-1,1,-1,1,1,-1,-1,-1,-1,-1,-3,26,NA,26,1,0,1,1,1
0.327142300872152,0.31052871970622,90,0.680330365882378,100,80,6,3428,403609,6,5,-1,-1,-3,-1,-1,-1,5,-1,1,1,-1,-1,-1,-1,-1,-3,20,NA,20,1,0,1,1,1
NA,NA,60,2.39200008547362,85,NA,6,4131,405367,NA,6,-1,-1,-3,7,-1,NA,1,-1,NA,1,-1,-1,-1,-1,-1,-3,21,NA,21,1,0,1,1,NA
4.09745624234993,4.91623029013765,0,1.06525480657164,0,40,6,4442,406196,4,99,2,-1,-3,1,-1,-1,1,-1,3,3,-1,-1,-1,-1,-1,-3,6,NA,6,2,0,2,2,2
1.4497357791357,1.77153851069542,0,1.1906317097647099,0,0,2,4643,406702,2,6,-1,-1,-3,1,-1,-1,1,-1,3,3,-1,-1,-1,-1,-1,-3,20,NA,20,2,0,2,2,2
0.977403095795278,0.968903187246533,40,0.761886951942868,70,65,5,4549,406459,5,3,-1,-1,-3,-1,-1,-1,5,-1,1,1,-1,-1,-1,-1,-1,-3,24,NA,24,1,0,1,1,1
0.446128346577727,0.409875929362355,0,0.410218131889259,0,0,5,4051,405168,4,5,-1,-1,-3,3,-1,-1,1,-1,1,1,-1,-1,-1,-1,-1,-3,22,NA,22,2,0,2,2,2
0.682121396290233,0.649133854499958,10,0.499045277438964,5,0,4,4013,405072,4,4,3,-1,-3,-1,-1,-1,5,-1,4,4,-1,-1,-1,-1,-1,-3,6,NA,6,2,0,2,2,2
NA,NA,5,1.57025463998327,-6,NA,2,448,301130,NA,2,-1,-6,-3,1,2,NA,1,-6,NA,1,2,2,2,-3,-3,-3,36,NA,36,1,1,0,1,NA
0.840040430833983,0.861455800881818,0,1.27093537183177,0,0,99,2446,401128,4,99,3,-1,-3,1,-1,-1,1,-1,1,1,-1,-1,-1,-1,-1,-3,55,NA,55,2,0,2,2,2
NA,NA,0,1.06422510102798,0,NA,4,3363,403434,NA,3,-1,-1,-3,1,-1,NA,1,-1,NA,3,-1,-1,-1,-1,-1,-3,32,NA,32,2,0,2,2,NA
NA,NA,40,0.686144836763623,50,NA,5,61,300143,NA,4,1,-1,-3,1,2,NA,1,-1,NA,-9,2,1,2,-3,-3,-3,48,NA,48,1,1,0,1,NA
NA,NA,0,0.576725986724793,-6,NA,2,249,300622,NA,2,-1,-6,-3,-1,2,NA,5,-6,NA,6,2,1,2,-3,-3,-3,6,NA,6,2,2,0,2,NA
